SNP,effect_allele.exposure,other_allele.exposure,effect_allele.outcome,other_allele.outcome,beta.exposure,beta.outcome,eaf.exposure,eaf.outcome,remove,palindromic,ambiguous,id.outcome,chr,pos,se.outcome,samplesize.outcome,pval.outcome,outcome,mr_keep.outcome,pval.exposure,samplesize.exposure,se.exposure,chr.exposure,pos.exposure,id.exposure,exposure,mr_keep.exposure,pval_origin.exposure,data_source.exposure,action,mr_keep
rs10818797,C,T,C,T,0.0345,-0.0029,0.14,0.139165,FALSE,FALSE,FALSE,ebi-a-GCST002245,9,126020405,0.0233,54162,0.8994,Alzheimer's disease (late onset),TRUE,1.2e-10,133903,0.0054,9,126020405,ebi-a-GCST007557,Birth weight || id:ebi-a-GCST007557,TRUE,reported,igd,2,TRUE
rs10830963,G,C,G,C,0.0232,0.0146,0.28,0.28827,FALSE,TRUE,FALSE,ebi-a-GCST002245,11,92708710,0.0193,54162,0.4473,Alzheimer's disease (late onset),TRUE,2.90001e-08,133903,0.0042,11,92708710,ebi-a-GCST007557,Birth weight || id:ebi-a-GCST007557,TRUE,reported,igd,2,TRUE
rs10872678,C,T,C,T,-0.0375,-0.0208,0.28,0.269384,FALSE,FALSE,FALSE,ebi-a-GCST002245,6,152039964,0.018,54162,0.2474,Alzheimer's disease (late onset),TRUE,6.90081e-20,133903,0.0041,6,152039964,ebi-a-GCST007557,Birth weight || id:ebi-a-GCST007557,TRUE,reported,igd,2,TRUE
rs10935733,C,T,C,T,-0.0221,-0.0053,0.59,0.610338,FALSE,FALSE,FALSE,ebi-a-GCST002245,3,148622968,0.0166,54162,0.7507,Alzheimer's disease (late onset),TRUE,9.20005e-09,133903,0.0039,3,148622968,ebi-a-GCST007557,Birth weight || id:ebi-a-GCST007557,TRUE,reported,igd,2,TRUE
rs113086489,T,C,T,C,0.0307,-0.0295,0.56,0.548708,FALSE,FALSE,FALSE,ebi-a-GCST002245,17,7171356,0.0163,54162,0.06946,Alzheimer's disease (late onset),TRUE,9.09913e-16,133903,0.0038,17,7171356,ebi-a-GCST007557,Birth weight || id:ebi-a-GCST007557,TRUE,reported,igd,2,TRUE
rs11719201,T,C,T,C,0.0463,-0.0357,0.23,0.172962,FALSE,FALSE,FALSE,ebi-a-GCST002245,3,123068744,0.0187,54162,0.0558,Alzheimer's disease (late onset),TRUE,2.39994e-26,133903,0.0044,3,123068744,ebi-a-GCST007557,Birth weight || id:ebi-a-GCST007557,TRUE,reported,igd,2,TRUE
rs11765649,C,T,C,T,-0.0267,0.0253,0.25,0.251491,FALSE,FALSE,FALSE,ebi-a-GCST002245,7,23479013,0.0177,54162,0.1541,Alzheimer's disease (late onset),TRUE,5.80003e-10,133903,0.0043,7,23479013,ebi-a-GCST007557,Birth weight || id:ebi-a-GCST007557,TRUE,reported,igd,2,TRUE
rs1187118,T,A,T,A,-0.0299,0.0315,0.83,0.832008,FALSE,TRUE,FALSE,ebi-a-GCST002245,6,34169020,0.0217,54162,0.1464,Alzheimer's disease (late onset),TRUE,3.59998e-09,133903,0.0051,6,34169020,ebi-a-GCST007557,Birth weight || id:ebi-a-GCST007557,TRUE,reported,igd,2,TRUE
rs12543725,A,G,A,G,-0.0231,0.0145,0.41,0.403579,FALSE,FALSE,FALSE,ebi-a-GCST002245,8,142247979,0.0159,54162,0.3616,Alzheimer's disease (late onset),TRUE,1.2e-09,133903,0.0038,8,142247979,ebi-a-GCST007557,Birth weight || id:ebi-a-GCST007557,TRUE,reported,igd,2,TRUE
rs12906125,A,G,A,G,-0.0228,0.0017,0.32,0.324056,FALSE,FALSE,FALSE,ebi-a-GCST002245,15,91427612,0.018,54162,0.9255,Alzheimer's disease (late onset),TRUE,1.7e-08,133903,0.004,15,91427612,ebi-a-GCST007557,Birth weight || id:ebi-a-GCST007557,TRUE,reported,igd,2,TRUE
rs13266210,G,A,G,A,-0.0308,0.023,0.21,0.215706,FALSE,FALSE,FALSE,ebi-a-GCST002245,8,41533514,0.0186,54162,0.2176,Alzheimer's disease (late onset),TRUE,1.29987e-11,133903,0.0045,8,41533514,ebi-a-GCST007557,Birth weight || id:ebi-a-GCST007557,TRUE,reported,igd,2,TRUE
rs134594,T,C,T,C,-0.0227,-0.0284,0.65,0.670974,FALSE,FALSE,FALSE,ebi-a-GCST002245,22,29468456,0.0166,54162,0.08683,Alzheimer's disease (late onset),TRUE,1e-08,133903,0.004,22,29468456,ebi-a-GCST007557,Birth weight || id:ebi-a-GCST007557,TRUE,reported,igd,2,TRUE
rs1351394,C,T,C,T,-0.0436,0.0251,0.51,0.549702,FALSE,FALSE,FALSE,ebi-a-GCST002245,12,66351826,0.0162,54162,0.1209,Alzheimer's disease (late onset),TRUE,1.9002e-32,133903,0.0037,12,66351826,ebi-a-GCST007557,Birth weight || id:ebi-a-GCST007557,TRUE,reported,igd,2,TRUE
rs1411424,A,G,A,G,0.0212,0.0027,0.52,0.517893,FALSE,FALSE,FALSE,ebi-a-GCST002245,9,113892963,0.0154,54162,0.8606,Alzheimer's disease (late onset),TRUE,2.19999e-08,133903,0.0038,9,113892963,ebi-a-GCST007557,Birth weight || id:ebi-a-GCST007557,TRUE,reported,igd,2,TRUE
rs1415701,A,G,A,G,-0.0253,0.0097,0.26,0.277336,FALSE,FALSE,FALSE,ebi-a-GCST002245,6,130345835,0.0192,54162,0.6132,Alzheimer's disease (late onset),TRUE,2.59998e-09,133903,0.0043,6,130345835,ebi-a-GCST007557,Birth weight || id:ebi-a-GCST007557,TRUE,reported,igd,2,TRUE
rs17034876,T,C,T,C,0.0471,0.0075,0.7,0.719682,FALSE,FALSE,FALSE,ebi-a-GCST002245,2,46484310,0.0183,54162,0.6802,Alzheimer's disease (late onset),TRUE,2.60016e-29,133903,0.0042,2,46484310,ebi-a-GCST007557,Birth weight || id:ebi-a-GCST007557,TRUE,reported,igd,2,TRUE
rs1819436,C,T,C,T,0.0329,-0.0252,0.87,0.862823,FALSE,FALSE,FALSE,ebi-a-GCST002245,13,78580283,0.0232,54162,0.2775,Alzheimer's disease (late onset),TRUE,6.29999e-09,133903,0.0057,13,78580283,ebi-a-GCST007557,Birth weight || id:ebi-a-GCST007557,TRUE,reported,igd,2,TRUE
rs2131354,A,G,A,G,0.0259,0.0201,0.53,0.492048,FALSE,FALSE,FALSE,ebi-a-GCST002245,4,145599908,0.0158,54162,0.2023,Alzheimer's disease (late onset),TRUE,4.10015e-12,133903,0.0037,4,145599908,ebi-a-GCST007557,Birth weight || id:ebi-a-GCST007557,TRUE,reported,igd,2,TRUE
rs2168443,A,T,A,T,-0.0228,-0.0096,0.62,0.642147,FALSE,TRUE,FALSE,ebi-a-GCST002245,3,46947087,0.0164,54162,0.5562,Alzheimer's disease (late onset),TRUE,3.50002e-09,133903,0.0039,3,46947087,ebi-a-GCST007557,Birth weight || id:ebi-a-GCST007557,TRUE,reported,igd,2,TRUE
rs2229742,C,G,C,G,-0.036,-0.0612,0.13,0.0984095,FALSE,TRUE,FALSE,ebi-a-GCST002245,21,16339172,0.0272,54162,0.02471,Alzheimer's disease (late onset),TRUE,2.19999e-09,133903,0.006,21,16339172,ebi-a-GCST007557,Birth weight || id:ebi-a-GCST007557,TRUE,reported,igd,2,TRUE
rs2306547,T,C,T,C,-0.0211,0.0036,0.46,0.496024,FALSE,FALSE,FALSE,ebi-a-GCST002245,12,26877885,0.0154,54162,0.8161,Alzheimer's disease (late onset),TRUE,1.79999e-08,133903,0.0037,12,26877885,ebi-a-GCST007557,Birth weight || id:ebi-a-GCST007557,TRUE,reported,igd,2,TRUE
rs2497304,T,C,T,C,-0.0282,-0.0018,0.48,0.496024,FALSE,FALSE,FALSE,ebi-a-GCST002245,10,94492716,0.016,54162,0.9117,Alzheimer's disease (late onset),TRUE,2.60016e-14,133903,0.0037,10,94492716,ebi-a-GCST007557,Birth weight || id:ebi-a-GCST007557,TRUE,reported,igd,2,TRUE
rs2744724,G,A,G,A,0.032,0.0016,0.87,0.866799,FALSE,FALSE,FALSE,ebi-a-GCST002245,1,22538901,0.0232,54162,0.9434,Alzheimer's disease (late onset),TRUE,1.6e-08,133903,0.0057,1,22538901,ebi-a-GCST007557,Birth weight || id:ebi-a-GCST007557,TRUE,reported,igd,2,TRUE
rs28530618,G,A,G,A,-0.0261,0.0042,0.51,0.514911,FALSE,FALSE,FALSE,ebi-a-GCST002245,20,31275581,0.0159,54162,0.7908,Alzheimer's disease (late onset),TRUE,7.70016e-12,133903,0.0038,20,31275581,ebi-a-GCST007557,Birth weight || id:ebi-a-GCST007557,TRUE,reported,igd,2,TRUE
rs2946179,C,T,C,T,0.024,-0.011,0.73,0.727634,FALSE,FALSE,FALSE,ebi-a-GCST002245,5,157886627,0.0176,54162,0.5315,Alzheimer's disease (late onset),TRUE,1.29999e-08,133903,0.0042,5,157886627,ebi-a-GCST007557,Birth weight || id:ebi-a-GCST007557,TRUE,reported,igd,2,TRUE
rs35261542,A,C,A,C,-0.0444,-0.0086,0.27,0.279324,FALSE,FALSE,FALSE,ebi-a-GCST002245,6,20675792,0.0173,54162,0.618,Alzheimer's disease (late onset),TRUE,4.40048e-27,133903,0.0041,6,20675792,ebi-a-GCST007557,Birth weight || id:ebi-a-GCST007557,TRUE,reported,igd,2,TRUE
rs3753639,C,T,C,T,0.0306,-0.0078,0.24,0.224652,FALSE,FALSE,FALSE,ebi-a-GCST002245,1,154986091,0.02,54162,0.6962,Alzheimer's disease (late onset),TRUE,7.29962e-12,133903,0.0045,1,154986091,ebi-a-GCST007557,Birth weight || id:ebi-a-GCST007557,TRUE,reported,igd,2,TRUE
rs3780573,A,G,A,G,0.0555,0.0757,0.096,0.0994036,FALSE,FALSE,FALSE,ebi-a-GCST002245,9,98239503,0.0277,54162,0.006335,Alzheimer's disease (late onset),TRUE,7.00003e-18,133903,0.0064,9,98239503,ebi-a-GCST007557,Birth weight || id:ebi-a-GCST007557,TRUE,reported,igd,2,TRUE
rs4144829,T,C,T,C,-0.0341,0.0318,0.73,0.708748,FALSE,FALSE,FALSE,ebi-a-GCST002245,4,17903654,0.0181,54162,0.07915,Alzheimer's disease (late onset),TRUE,5.30029e-16,133903,0.0042,4,17903654,ebi-a-GCST007557,Birth weight || id:ebi-a-GCST007557,TRUE,reported,igd,2,TRUE
rs6016377,T,C,T,C,0.0239,-0.0225,0.43,0.393638,FALSE,FALSE,FALSE,ebi-a-GCST002245,20,39172728,0.017,54162,0.1845,Alzheimer's disease (late onset),TRUE,9.49992e-10,133903,0.0039,20,39172728,ebi-a-GCST007557,Birth weight || id:ebi-a-GCST007557,TRUE,reported,igd,2,TRUE
rs62240962,T,C,T,C,-0.047,-0.031,0.087,0.0904573,FALSE,FALSE,FALSE,ebi-a-GCST002245,22,42259524,0.0417,54162,0.4582,Alzheimer's disease (late onset),TRUE,9.70063e-12,133903,0.0069,22,42259524,ebi-a-GCST007557,Birth weight || id:ebi-a-GCST007557,TRUE,reported,igd,2,TRUE
rs62466268,G,A,G,A,0.0474,-0.0108,0.069,0.0735586,FALSE,FALSE,FALSE,ebi-a-GCST002245,7,72946302,0.031,54162,0.7283,Alzheimer's disease (late onset),TRUE,1.79999e-10,133903,0.0074,7,72946302,ebi-a-GCST007557,Birth weight || id:ebi-a-GCST007557,TRUE,reported,igd,2,TRUE
rs72480273,C,A,C,A,0.0313,0.023,0.17,0.17992,FALSE,FALSE,FALSE,ebi-a-GCST002245,1,161644871,0.028,54162,0.4103,Alzheimer's disease (late onset),TRUE,8e-10,133903,0.0051,1,161644871,ebi-a-GCST007557,Birth weight || id:ebi-a-GCST007557,TRUE,reported,igd,2,TRUE
rs72833480,A,G,A,G,0.0226,0.0121,0.29,0.291252,FALSE,FALSE,FALSE,ebi-a-GCST002245,17,45964861,0.0173,54162,0.4864,Alzheimer's disease (late onset),TRUE,4.60002e-08,133903,0.0041,17,45964861,ebi-a-GCST007557,Birth weight || id:ebi-a-GCST007557,TRUE,reported,igd,2,TRUE
rs72851023,T,C,T,C,0.0476,0.0067,0.073,0.0745527,FALSE,FALSE,FALSE,ebi-a-GCST002245,11,2130620,0.0572,54162,0.9073,Alzheimer's disease (late onset),TRUE,2.90001e-10,133903,0.0075,11,2130620,ebi-a-GCST007557,Birth weight || id:ebi-a-GCST007557,TRUE,reported,igd,2,TRUE
rs7402982,G,A,G,A,-0.0232,-0.0029,0.57,0.591451,FALSE,FALSE,FALSE,ebi-a-GCST002245,15,99193269,0.0168,54162,0.8651,Alzheimer's disease (late onset),TRUE,2.30001e-09,133903,0.0039,15,99193269,ebi-a-GCST007557,Birth weight || id:ebi-a-GCST007557,TRUE,reported,igd,2,TRUE
rs740746,A,G,A,G,0.0364,0.0051,0.73,0.677932,FALSE,FALSE,FALSE,ebi-a-GCST002245,10,115792787,0.0173,54162,0.768,Alzheimer's disease (late onset),TRUE,3.80014e-18,133903,0.0042,10,115792787,ebi-a-GCST007557,Birth weight || id:ebi-a-GCST007557,TRUE,reported,igd,2,TRUE
rs753381,C,T,C,T,-0.0205,0.0072,0.55,0.539761,FALSE,FALSE,FALSE,ebi-a-GCST002245,20,39797465,0.0159,54162,0.6521,Alzheimer's disease (late onset),TRUE,2.80001e-08,133903,0.0037,20,39797465,ebi-a-GCST007557,Birth weight || id:ebi-a-GCST007557,TRUE,reported,igd,2,TRUE
rs7575873,G,A,G,A,-0.0384,-0.0206,0.12,0.140159,FALSE,FALSE,FALSE,ebi-a-GCST002245,2,23962647,0.0267,54162,0.4394,Alzheimer's disease (late onset),TRUE,1.20005e-11,133903,0.0057,2,23962647,ebi-a-GCST007557,Birth weight || id:ebi-a-GCST007557,TRUE,reported,igd,2,TRUE
rs78412508,A,G,A,G,-0.2234,-0.0138,0.0095,0.0149105,FALSE,FALSE,FALSE,ebi-a-GCST002245,7,44223858,0.1276,54162,0.9136,Alzheimer's disease (late onset),TRUE,8.9002e-24,133903,0.0222,7,44223858,ebi-a-GCST007557,Birth weight || id:ebi-a-GCST007557,TRUE,reported,igd,2,TRUE
rs7854962,G,C,G,C,-0.0279,0.0269,0.22,0.205765,FALSE,TRUE,FALSE,ebi-a-GCST002245,9,96900505,0.0198,54162,0.1741,Alzheimer's disease (late onset),TRUE,1.89998e-09,133903,0.0046,9,96900505,ebi-a-GCST007557,Birth weight || id:ebi-a-GCST007557,TRUE,reported,igd,2,TRUE
rs79237883,C,T,C,T,0.0371,-0.027,0.08,0.0874751,FALSE,FALSE,FALSE,ebi-a-GCST002245,10,104940946,0.0274,54162,0.3249,Alzheimer's disease (late onset),TRUE,3.50002e-08,133903,0.0067,10,104940946,ebi-a-GCST007557,Birth weight || id:ebi-a-GCST007557,TRUE,reported,igd,2,TRUE
rs7964361,A,G,A,G,0.0391,0.0193,0.085,0.0775348,FALSE,FALSE,FALSE,ebi-a-GCST002245,12,102994878,0.0274,54162,0.4825,Alzheimer's disease (late onset),TRUE,4.70002e-09,133903,0.0067,12,102994878,ebi-a-GCST007557,Birth weight || id:ebi-a-GCST007557,TRUE,reported,igd,2,TRUE
rs798498,G,T,G,T,-0.0229,-0.0145,0.31,0.307157,FALSE,FALSE,FALSE,ebi-a-GCST002245,7,2795882,0.0168,54162,0.3864,Alzheimer's disease (late onset),TRUE,1.29999e-08,133903,0.004,7,2795882,ebi-a-GCST007557,Birth weight || id:ebi-a-GCST007557,TRUE,reported,igd,2,TRUE
rs7998537,A,G,A,G,-0.0222,-0.0299,0.32,0.321074,FALSE,FALSE,FALSE,ebi-a-GCST002245,13,40662742,0.0167,54162,0.07338,Alzheimer's disease (late onset),TRUE,3.89996e-08,133903,0.004,13,40662742,ebi-a-GCST007557,Birth weight || id:ebi-a-GCST007557,TRUE,reported,igd,2,TRUE
rs854037,G,A,G,A,-0.0268,3e-04,0.19,0.153082,FALSE,FALSE,FALSE,ebi-a-GCST002245,5,57091783,0.0202,54162,0.988,Alzheimer's disease (late onset),TRUE,2.19999e-08,133903,0.0048,5,57091783,ebi-a-GCST007557,Birth weight || id:ebi-a-GCST007557,TRUE,reported,igd,2,TRUE
rs900399,G,A,G,A,-0.0523,0.0105,0.39,0.389662,FALSE,FALSE,FALSE,ebi-a-GCST002245,3,156798732,0.0158,54162,0.5054,Alzheimer's disease (late onset),TRUE,2.19989e-41,133903,0.0039,3,156798732,ebi-a-GCST007557,Birth weight || id:ebi-a-GCST007557,TRUE,reported,igd,2,TRUE
