SNP,effect_allele.exposure,other_allele.exposure,effect_allele.outcome,other_allele.outcome,beta.exposure,beta.outcome,eaf.exposure,eaf.outcome,remove,palindromic,ambiguous,id.outcome,chr,pos,se.outcome,samplesize.outcome,pval.outcome,outcome,mr_keep.outcome,chr.exposure,samplesize.exposure,se.exposure,pval.exposure,pos.exposure,id.exposure,exposure,mr_keep.exposure,pval_origin.exposure,data_source.exposure,action,mr_keep
rs10096351,G,A,G,A,0.07,0.0202,0.5455,0.567594,FALSE,FALSE,FALSE,ebi-a-GCST002245,8,128372172,0.0156,54162,0.1956,Alzheimer's disease (late onset),TRUE,8,127442,0.0114,7.14398e-10,128372172,ieu-a-1128,ER- Breast cancer (Combined Oncoarray; iCOGS; GWAS meta analysis) || id:ieu-a-1128,TRUE,reported,igd,2,TRUE
rs10179592,C,T,C,T,0.1156,-0.0011,0.8991,0.897614,FALSE,FALSE,FALSE,ebi-a-GCST002245,2,121246568,0.0255,54162,0.9666,Alzheimer's disease (late onset),TRUE,2,127442,0.0193,2.29599e-09,121246568,ieu-a-1128,ER- Breast cancer (Combined Oncoarray; iCOGS; GWAS meta analysis) || id:ieu-a-1128,TRUE,reported,igd,2,TRUE
rs10885405,T,C,T,C,0.0716,0.0062,0.4613,0.492048,FALSE,FALSE,FALSE,ebi-a-GCST002245,10,114777670,0.0153,54162,0.688,Alzheimer's disease (late onset),TRUE,10,127442,0.0113,2.003e-10,114777670,ieu-a-1128,ER- Breast cancer (Combined Oncoarray; iCOGS; GWAS meta analysis) || id:ieu-a-1128,TRUE,reported,igd,2,TRUE
rs10995201,G,A,G,A,-0.0963,-0.0303,0.1582,0.152087,FALSE,FALSE,FALSE,ebi-a-GCST002245,10,64299890,0.0224,54162,0.176,Alzheimer's disease (late onset),TRUE,10,127442,0.0159,1.56899e-09,64299890,ieu-a-1128,ER- Breast cancer (Combined Oncoarray; iCOGS; GWAS meta analysis) || id:ieu-a-1128,TRUE,reported,igd,2,TRUE
rs12129456,G,T,G,T,-0.0835,-0.0027,0.4095,0.431412,FALSE,FALSE,FALSE,ebi-a-GCST002245,1,202189087,0.0158,54162,0.8619,Alzheimer's disease (late onset),TRUE,1,127442,0.0118,1.41091e-12,202189087,ieu-a-1128,ER- Breast cancer (Combined Oncoarray; iCOGS; GWAS meta analysis) || id:ieu-a-1128,TRUE,reported,igd,2,TRUE
rs12465952,G,A,G,A,0.064,0.0052,0.1955,0.187873,FALSE,FALSE,FALSE,ebi-a-GCST002245,2,201724360,0.0198,54162,0.7942,Alzheimer's disease (late onset),TRUE,2,127442,0.014,4.87596e-06,201724360,ieu-a-1128,ER- Breast cancer (Combined Oncoarray; iCOGS; GWAS meta analysis) || id:ieu-a-1128,TRUE,reported,igd,2,TRUE
rs12472404,C,G,C,G,-0.0879,-0.0181,0.2316,0.227634,FALSE,TRUE,FALSE,ebi-a-GCST002245,2,29179452,0.0188,54162,0.3348,Alzheimer's disease (late onset),TRUE,2,127442,0.0137,1.237e-10,29179452,ieu-a-1128,ER- Breast cancer (Combined Oncoarray; iCOGS; GWAS meta analysis) || id:ieu-a-1128,TRUE,reported,igd,2,TRUE
rs12990503,G,C,G,C,-0.0734,0.0102,0.7368,0.723658,FALSE,TRUE,FALSE,ebi-a-GCST002245,2,218294217,0.0175,54162,0.5592,Alzheimer's disease (late onset),TRUE,2,127442,0.0126,6.47993e-09,218294217,ieu-a-1128,ER- Breast cancer (Combined Oncoarray; iCOGS; GWAS meta analysis) || id:ieu-a-1128,TRUE,reported,igd,2,TRUE
rs1432679,T,C,T,C,-0.073,-0.005,0.5656,0.552684,FALSE,FALSE,FALSE,ebi-a-GCST002245,5,158244083,0.0161,54162,0.7548,Alzheimer's disease (late onset),TRUE,5,127442,0.0113,1.05499e-10,158244083,ieu-a-1128,ER- Breast cancer (Combined Oncoarray; iCOGS; GWAS meta analysis) || id:ieu-a-1128,TRUE,reported,igd,2,TRUE
rs17828955,C,T,C,T,-0.0797,0.008,0.2649,0.238569,FALSE,FALSE,FALSE,ebi-a-GCST002245,14,69016645,0.0175,54162,0.6492,Alzheimer's disease (late onset),TRUE,14,127442,0.013,7.76104e-10,69016645,ieu-a-1128,ER- Breast cancer (Combined Oncoarray; iCOGS; GWAS meta analysis) || id:ieu-a-1128,TRUE,reported,igd,2,TRUE
rs2169137,C,G,C,G,-0.128,-0.0304,0.7396,0.739563,FALSE,TRUE,FALSE,ebi-a-GCST002245,1,204497913,0.0171,54162,0.07646,Alzheimer's disease (late onset),TRUE,1,127442,0.0128,1.41808e-23,204497913,ieu-a-1128,ER- Breast cancer (Combined Oncoarray; iCOGS; GWAS meta analysis) || id:ieu-a-1128,TRUE,reported,igd,2,TRUE
rs2263146,T,C,T,C,0.0797,2e-04,0.3504,0.350895,FALSE,FALSE,FALSE,ebi-a-GCST002245,9,21963048,0.0166,54162,0.9892,Alzheimer's disease (late onset),TRUE,9,127442,0.0118,1.19702e-11,21963048,ieu-a-1128,ER- Breast cancer (Combined Oncoarray; iCOGS; GWAS meta analysis) || id:ieu-a-1128,TRUE,reported,igd,2,TRUE
rs2283498,T,C,T,C,-0.0767,0.0083,0.2435,0.241551,FALSE,FALSE,FALSE,ebi-a-GCST002245,16,4126201,0.0183,54162,0.6502,Alzheimer's disease (late onset),TRUE,16,127442,0.014,4.78498e-08,4126201,ieu-a-1128,ER- Breast cancer (Combined Oncoarray; iCOGS; GWAS meta analysis) || id:ieu-a-1128,TRUE,reported,igd,2,TRUE
rs228595,A,G,A,G,-0.0608,-0.0088,0.414,0.454274,FALSE,FALSE,FALSE,ebi-a-GCST002245,11,108105593,0.0156,54162,0.572,Alzheimer's disease (late onset),TRUE,11,127442,0.0115,1.14501e-07,108105593,ieu-a-1128,ER- Breast cancer (Combined Oncoarray; iCOGS; GWAS meta analysis) || id:ieu-a-1128,TRUE,reported,igd,2,TRUE
rs2747652,C,T,C,T,0.0991,-0.0072,0.526,0.552684,FALSE,FALSE,FALSE,ebi-a-GCST002245,6,152437016,0.0163,54162,0.661,Alzheimer's disease (late onset),TRUE,6,127442,0.0113,1.92619e-18,152437016,ieu-a-1128,ER- Breast cancer (Combined Oncoarray; iCOGS; GWAS meta analysis) || id:ieu-a-1128,TRUE,reported,igd,2,TRUE
rs28552449,A,G,A,G,0.1187,-0.0012,0.105,0.101392,FALSE,FALSE,FALSE,ebi-a-GCST002245,22,40854814,0.0281,54162,0.9663,Alzheimer's disease (late onset),TRUE,22,127442,0.0178,2.3681e-11,40854814,ieu-a-1128,ER- Breast cancer (Combined Oncoarray; iCOGS; GWAS meta analysis) || id:ieu-a-1128,TRUE,reported,igd,2,TRUE
rs34697209,G,A,G,A,-0.0673,6e-04,0.4064,0.392644,FALSE,FALSE,FALSE,ebi-a-GCST002245,2,25127394,0.016,54162,0.9689,Alzheimer's disease (late onset),TRUE,2,127442,0.0122,3.24399e-08,25127394,ieu-a-1128,ER- Breast cancer (Combined Oncoarray; iCOGS; GWAS meta analysis) || id:ieu-a-1128,TRUE,reported,igd,2,TRUE
rs34810249,C,T,C,T,0.0804,-0.0146,0.2438,0.22167,FALSE,FALSE,FALSE,ebi-a-GCST002245,8,163366,0.0309,54162,0.6378,Alzheimer's disease (late onset),TRUE,8,127442,0.0138,5.429e-09,163366,ieu-a-1128,ER- Breast cancer (Combined Oncoarray; iCOGS; GWAS meta analysis) || id:ieu-a-1128,TRUE,reported,igd,2,TRUE
rs4143044,G,T,G,T,0.0833,0.0168,0.7661,0.774354,FALSE,FALSE,FALSE,ebi-a-GCST002245,13,73956279,0.0185,54162,0.3631,Alzheimer's disease (late onset),TRUE,13,127442,0.0135,6.89096e-10,73956279,ieu-a-1128,ER- Breast cancer (Combined Oncoarray; iCOGS; GWAS meta analysis) || id:ieu-a-1128,TRUE,reported,igd,2,TRUE
rs4528762,C,A,C,A,-0.1213,0.0268,0.2646,0.28827,FALSE,FALSE,FALSE,ebi-a-GCST002245,2,121079515,0.0281,54162,0.3412,Alzheimer's disease (late onset),TRUE,2,127442,0.0147,1.92088e-16,121079515,ieu-a-1128,ER- Breast cancer (Combined Oncoarray; iCOGS; GWAS meta analysis) || id:ieu-a-1128,TRUE,reported,igd,2,TRUE
rs4784227,T,C,T,C,0.1368,-0.01,0.2403,0.254473,FALSE,FALSE,FALSE,ebi-a-GCST002245,16,52599188,0.0181,54162,0.5796,Alzheimer's disease (late onset),TRUE,16,127442,0.0128,1.72385e-26,52599188,ieu-a-1128,ER- Breast cancer (Combined Oncoarray; iCOGS; GWAS meta analysis) || id:ieu-a-1128,TRUE,reported,igd,2,TRUE
rs55872725,T,C,T,C,-0.0784,0.0026,0.4152,0.432406,FALSE,FALSE,FALSE,ebi-a-GCST002245,16,53809123,0.0158,54162,0.8704,Alzheimer's disease (late onset),TRUE,16,127442,0.0115,8.59014e-12,53809123,ieu-a-1128,ER- Breast cancer (Combined Oncoarray; iCOGS; GWAS meta analysis) || id:ieu-a-1128,TRUE,reported,igd,2,TRUE
rs56069439,A,C,A,C,0.155,-0.0061,0.2971,0.260437,FALSE,FALSE,FALSE,ebi-a-GCST002245,19,17393925,0.017,54162,0.7184,Alzheimer's disease (late onset),TRUE,19,127442,0.0121,1.24997e-37,17393925,ieu-a-1128,ER- Breast cancer (Combined Oncoarray; iCOGS; GWAS meta analysis) || id:ieu-a-1128,TRUE,reported,igd,2,TRUE
rs56309329,T,A,T,A,0.0734,-0.0164,0.2368,0.241551,FALSE,TRUE,FALSE,ebi-a-GCST002245,6,82295951,0.0184,54162,0.3723,Alzheimer's disease (late onset),TRUE,6,127442,0.0131,2.09701e-08,82295951,ieu-a-1128,ER- Breast cancer (Combined Oncoarray; iCOGS; GWAS meta analysis) || id:ieu-a-1128,TRUE,reported,igd,2,TRUE
rs56687477,A,G,A,G,-0.1114,0.0455,0.1577,0.134195,FALSE,FALSE,FALSE,ebi-a-GCST002245,8,36832310,0.0211,54162,0.03108,Alzheimer's disease (late onset),TRUE,8,127442,0.016,3.18713e-12,36832310,ieu-a-1128,ER- Breast cancer (Combined Oncoarray; iCOGS; GWAS meta analysis) || id:ieu-a-1128,TRUE,reported,igd,2,TRUE
rs616402,T,C,T,C,-0.1172,6e-04,0.307,0.302187,FALSE,FALSE,FALSE,ebi-a-GCST002245,1,10566272,0.0165,54162,0.9696,Alzheimer's disease (late onset),TRUE,1,127442,0.0124,2.64972e-21,10566272,ieu-a-1128,ER- Breast cancer (Combined Oncoarray; iCOGS; GWAS meta analysis) || id:ieu-a-1128,TRUE,reported,igd,2,TRUE
rs6569648,T,C,T,C,0.0741,-0.0024,0.7651,0.776342,FALSE,FALSE,FALSE,ebi-a-GCST002245,6,130349119,0.019,54162,0.8977,Alzheimer's disease (late onset),TRUE,6,127442,0.0135,4.25804e-08,130349119,ieu-a-1128,ER- Breast cancer (Combined Oncoarray; iCOGS; GWAS meta analysis) || id:ieu-a-1128,TRUE,reported,igd,2,TRUE
rs72658081,A,G,A,G,0.1105,-0.0064,0.0857,0.082505,FALSE,FALSE,FALSE,ebi-a-GCST002245,8,76328331,0.0273,54162,0.8159,Alzheimer's disease (late onset),TRUE,8,127442,0.0196,1.59698e-08,76328331,ieu-a-1128,ER- Breast cancer (Combined Oncoarray; iCOGS; GWAS meta analysis) || id:ieu-a-1128,TRUE,reported,igd,2,TRUE
rs76956704,T,C,T,C,0.2193,-0.0614,0.03,0.0139165,FALSE,FALSE,FALSE,ebi-a-GCST002245,6,152031496,0.102,54162,0.5474,Alzheimer's disease (late onset),TRUE,6,127442,0.0325,1.49486e-11,152031496,ieu-a-1128,ER- Breast cancer (Combined Oncoarray; iCOGS; GWAS meta analysis) || id:ieu-a-1128,TRUE,reported,igd,2,TRUE
rs7710996,G,A,G,A,-0.0773,0.0069,0.7729,0.791252,FALSE,FALSE,FALSE,ebi-a-GCST002245,5,44514350,0.0188,54162,0.7142,Alzheimer's disease (late onset),TRUE,5,127442,0.0132,5.18501e-09,44514350,ieu-a-1128,ER- Breast cancer (Combined Oncoarray; iCOGS; GWAS meta analysis) || id:ieu-a-1128,TRUE,reported,igd,2,TRUE
rs9397437,A,G,A,G,0.2733,-0.0369,0.0682,0.0715706,FALSE,FALSE,FALSE,ebi-a-GCST002245,6,151952332,0.0306,54162,0.2276,Alzheimer's disease (late onset),TRUE,6,127442,0.0206,2.75931e-40,151952332,ieu-a-1128,ER- Breast cancer (Combined Oncoarray; iCOGS; GWAS meta analysis) || id:ieu-a-1128,TRUE,reported,igd,2,TRUE
