SNP,effect_allele.exposure,other_allele.exposure,effect_allele.outcome,other_allele.outcome,beta.exposure,beta.outcome,eaf.exposure,eaf.outcome,remove,palindromic,ambiguous,id.outcome,chr,pos,se.outcome,samplesize.outcome,pval.outcome,outcome,mr_keep.outcome,pval.exposure,pos.exposure,se.exposure,samplesize.exposure,chr.exposure,id.exposure,exposure,mr_keep.exposure,pval_origin.exposure,data_source.exposure,action,mr_keep
rs10049090,A,G,A,G,-0.00490912,0.0143,0.398284,0.403579,FALSE,FALSE,FALSE,ebi-a-GCST002245,3,156797702,0.0161,54162,0.3736,Alzheimer's disease (late onset),TRUE,2.83452e-08,156797702,0.00088429,361194,3,ukb-d-IX_CIRCULATORY,Diseases of the circulatory system || id:ukb-d-IX_CIRCULATORY,TRUE,reported,igd,2,TRUE
rs10455872,G,A,G,A,0.016533,-0.0516,0.0807558,0.0735586,FALSE,FALSE,FALSE,ebi-a-GCST002245,6,161010118,0.0373,54162,0.166,Alzheimer's disease (late onset),TRUE,1.51391e-25,161010118,0.00158246,361194,6,ukb-d-IX_CIRCULATORY,Diseases of the circulatory system || id:ukb-d-IX_CIRCULATORY,TRUE,reported,igd,2,TRUE
rs117733303,G,A,G,A,0.0305443,-0.0042,0.0186119,0.0119284,FALSE,FALSE,FALSE,ebi-a-GCST002245,6,160922870,0.1265,54162,0.9736,Alzheimer's disease (late onset),TRUE,9.85825e-22,160922870,0.00318868,361194,6,ukb-d-IX_CIRCULATORY,Diseases of the circulatory system || id:ukb-d-IX_CIRCULATORY,TRUE,reported,igd,2,TRUE
rs13143308,G,T,G,T,-0.0087182,0.0128,0.806568,0.748509,FALSE,FALSE,FALSE,ebi-a-GCST002245,4,111714419,0.0188,54162,0.4972,Alzheimer's disease (late onset),TRUE,1.47401e-15,111714419,0.00109258,361194,4,ukb-d-IX_CIRCULATORY,Diseases of the circulatory system || id:ukb-d-IX_CIRCULATORY,TRUE,reported,igd,2,TRUE
rs139853365,C,T,C,T,-0.00924938,-0.0115,0.0997584,0.112326,FALSE,FALSE,FALSE,ebi-a-GCST002245,19,11190556,0.0278,54162,0.6798,Alzheimer's disease (late onset),TRUE,7.03542e-10,11190556,0.00150019,361194,19,ukb-d-IX_CIRCULATORY,Diseases of the circulatory system || id:ukb-d-IX_CIRCULATORY,TRUE,reported,igd,2,TRUE
rs2233667,C,G,C,G,0.00563551,0.0457,0.337177,0.32505,FALSE,TRUE,FALSE,ebi-a-GCST002245,17,47484228,0.0167,54162,0.006188,Alzheimer's disease (late onset),TRUE,7.43156e-10,47484228,0.000915333,361194,17,ukb-d-IX_CIRCULATORY,Diseases of the circulatory system || id:ukb-d-IX_CIRCULATORY,TRUE,reported,igd,2,TRUE
rs507666,A,G,A,G,0.00591158,-0.0022,0.184411,0.185885,FALSE,FALSE,FALSE,ebi-a-GCST002245,9,136149399,0.0194,54162,0.9095,Alzheimer's disease (late onset),TRUE,1.11753e-07,136149399,0.001114,361194,9,ukb-d-IX_CIRCULATORY,Diseases of the circulatory system || id:ukb-d-IX_CIRCULATORY,TRUE,reported,igd,2,TRUE
rs588837,G,A,G,A,-0.00487336,-0.012,0.554275,0.575547,FALSE,FALSE,FALSE,ebi-a-GCST002245,1,170623109,0.0155,54162,0.4395,Alzheimer's disease (late onset),TRUE,1.91562e-08,170623109,0.000867211,361194,1,ukb-d-IX_CIRCULATORY,Diseases of the circulatory system || id:ukb-d-IX_CIRCULATORY,TRUE,reported,igd,2,TRUE
rs660240,C,T,C,T,0.00627992,0.0044,0.784444,0.801193,FALSE,FALSE,FALSE,ebi-a-GCST002245,1,109817838,0.0195,54162,0.8228,Alzheimer's disease (late onset),TRUE,2.14917e-09,109817838,0.00104906,361194,1,ukb-d-IX_CIRCULATORY,Diseases of the circulatory system || id:ukb-d-IX_CIRCULATORY,TRUE,reported,igd,2,TRUE
rs660745,C,T,C,T,0.00478116,0.0328,0.547079,0.491054,FALSE,FALSE,FALSE,ebi-a-GCST002245,19,49219459,0.0162,54162,0.04324,Alzheimer's disease (late onset),TRUE,3.95112e-08,49219459,0.000870387,361194,19,ukb-d-IX_CIRCULATORY,Diseases of the circulatory system || id:ukb-d-IX_CIRCULATORY,TRUE,reported,igd,2,TRUE
rs9644859,A,G,A,G,0.00709388,0.0302,0.495806,0.496024,FALSE,FALSE,FALSE,ebi-a-GCST002245,9,22090521,0.0173,54162,0.08054,Alzheimer's disease (late onset),TRUE,2.00124e-16,22090521,0.000862752,361194,9,ukb-d-IX_CIRCULATORY,Diseases of the circulatory system || id:ukb-d-IX_CIRCULATORY,TRUE,reported,igd,2,TRUE
