SNP,effect_allele.exposure,other_allele.exposure,effect_allele.outcome,other_allele.outcome,beta.exposure,beta.outcome,eaf.exposure,eaf.outcome,remove,palindromic,ambiguous,id.outcome,chr,pos,se.outcome,samplesize.outcome,pval.outcome,outcome,mr_keep.outcome,chr.exposure,se.exposure,pos.exposure,samplesize.exposure,pval.exposure,id.exposure,exposure,mr_keep.exposure,pval_origin.exposure,data_source.exposure,action,mr_keep
rs1038822,C,T,C,T,-0.00191979,-0.0018,0.701046,0.722664,FALSE,FALSE,FALSE,ebi-a-GCST002245,2,43738173,0.0168,54162,0.9165,Alzheimer's disease (late onset),TRUE,2,0.000344157,43738173,361194,2.43114e-08,ukb-d-C3_MALE_GENITAL,malignant neoplasm of male genital organs || id:ukb-d-C3_MALE_GENITAL,TRUE,reported,igd,2,TRUE
rs10486567,A,G,A,G,-0.00228445,-0.0188,0.232318,0.229622,FALSE,FALSE,FALSE,ebi-a-GCST002245,7,27976563,0.0182,54162,0.3019,Alzheimer's disease (late onset),TRUE,7,0.000370387,27976563,361194,6.93458e-10,ukb-d-C3_MALE_GENITAL,malignant neoplasm of male genital organs || id:ukb-d-C3_MALE_GENITAL,TRUE,reported,igd,2,TRUE
rs10840606,G,A,G,A,0.00377351,0.0021,0.17875,0.171968,FALSE,FALSE,FALSE,ebi-a-GCST002245,11,2234690,0.0216,54162,0.9236,Alzheimer's disease (late onset),TRUE,11,0.000413558,2234690,361194,7.24269e-20,ukb-d-C3_MALE_GENITAL,malignant neoplasm of male genital organs || id:ukb-d-C3_MALE_GENITAL,TRUE,reported,igd,2,TRUE
rs10993994,C,T,C,T,-0.00358444,-0.0049,0.610103,0.61332,FALSE,FALSE,FALSE,ebi-a-GCST002245,10,51549496,0.0165,54162,0.7654,Alzheimer's disease (late onset),TRUE,10,0.000320094,51549496,361194,4.21308e-29,ukb-d-C3_MALE_GENITAL,malignant neoplasm of male genital organs || id:ukb-d-C3_MALE_GENITAL,TRUE,reported,igd,2,TRUE
rs11263763,A,G,A,G,0.00371567,-0.005,0.522778,0.524851,FALSE,FALSE,FALSE,ebi-a-GCST002245,17,36103565,0.0176,54162,0.7749,Alzheimer's disease (late onset),TRUE,17,0.000315492,36103565,361194,5.17488e-32,ukb-d-C3_MALE_GENITAL,malignant neoplasm of male genital organs || id:ukb-d-C3_MALE_GENITAL,TRUE,reported,igd,2,TRUE
rs12275055,G,A,G,A,0.00427311,-0.0013,0.170181,0.177932,FALSE,FALSE,FALSE,ebi-a-GCST002245,11,68981359,0.0204,54162,0.9478,Alzheimer's disease (late onset),TRUE,11,0.000416364,68981359,361194,1.04328e-24,ukb-d-C3_MALE_GENITAL,malignant neoplasm of male genital organs || id:ukb-d-C3_MALE_GENITAL,TRUE,reported,igd,2,TRUE
rs12639623,T,G,T,G,0.00175991,-0.0027,0.456286,0.477137,FALSE,FALSE,FALSE,ebi-a-GCST002245,4,95525186,0.0155,54162,0.8593,Alzheimer's disease (late onset),TRUE,4,0.000314731,95525186,361194,2.2489e-08,ukb-d-C3_MALE_GENITAL,malignant neoplasm of male genital organs || id:ukb-d-C3_MALE_GENITAL,TRUE,reported,igd,2,TRUE
rs13265330,T,C,T,C,-0.00272184,-0.0104,0.580845,0.524851,FALSE,FALSE,FALSE,ebi-a-GCST002245,8,23525543,0.0155,54162,0.5001,Alzheimer's disease (late onset),TRUE,8,0.000317584,23525543,361194,1.03467e-17,ukb-d-C3_MALE_GENITAL,malignant neoplasm of male genital organs || id:ukb-d-C3_MALE_GENITAL,TRUE,reported,igd,2,TRUE
rs17120257,C,T,C,T,0.00326961,0.025,0.112745,0.132207,FALSE,FALSE,FALSE,ebi-a-GCST002245,12,53303331,0.0249,54162,0.3163,Alzheimer's disease (late onset),TRUE,12,0.00049877,53303331,361194,5.55904e-11,ukb-d-C3_MALE_GENITAL,malignant neoplasm of male genital organs || id:ukb-d-C3_MALE_GENITAL,TRUE,reported,igd,2,TRUE
rs17632542,C,T,C,T,-0.00588122,0.012,0.0732944,0.0705765,FALSE,FALSE,FALSE,ebi-a-GCST002245,19,51361757,0.031,54162,0.6988,Alzheimer's disease (late onset),TRUE,19,0.00060024,51361757,361194,1.15452e-22,ukb-d-C3_MALE_GENITAL,malignant neoplasm of male genital organs || id:ukb-d-C3_MALE_GENITAL,TRUE,reported,igd,2,TRUE
rs2060243,G,A,G,A,-0.00175362,-0.038,0.408992,0.418489,FALSE,FALSE,FALSE,ebi-a-GCST002245,19,38773966,0.016,54162,0.01721,Alzheimer's disease (late onset),TRUE,19,0.000319355,38773966,361194,3.99632e-08,ukb-d-C3_MALE_GENITAL,malignant neoplasm of male genital organs || id:ukb-d-C3_MALE_GENITAL,TRUE,reported,igd,2,TRUE
rs2220407,A,G,A,G,-0.00216564,-0.0189,0.545072,0.54672,FALSE,FALSE,FALSE,ebi-a-GCST002245,3,87198531,0.0155,54162,0.2232,Alzheimer's disease (late onset),TRUE,3,0.000314374,87198531,361194,5.63897e-12,ukb-d-C3_MALE_GENITAL,malignant neoplasm of male genital organs || id:ukb-d-C3_MALE_GENITAL,TRUE,reported,igd,2,TRUE
rs4582524,C,G,C,G,-0.0056881,0.0744,0.899897,0.898608,FALSE,TRUE,FALSE,ebi-a-GCST002245,8,128528435,0.0282,54162,0.008306,Alzheimer's disease (late onset),TRUE,8,0.000521198,128528435,361194,1.00346e-27,ukb-d-C3_MALE_GENITAL,malignant neoplasm of male genital organs || id:ukb-d-C3_MALE_GENITAL,TRUE,reported,igd,2,TRUE
rs5759167,T,G,T,G,-0.00231282,0.0028,0.498337,0.493042,FALSE,FALSE,FALSE,ebi-a-GCST002245,22,43500212,0.0172,54162,0.8687,Alzheimer's disease (late onset),TRUE,22,0.000313206,43500212,361194,1.53532e-13,ukb-d-C3_MALE_GENITAL,malignant neoplasm of male genital organs || id:ukb-d-C3_MALE_GENITAL,TRUE,reported,igd,2,TRUE
rs61436251,G,C,G,C,-0.00260715,-0.0202,0.199484,0.185885,FALSE,TRUE,FALSE,ebi-a-GCST002245,3,170083629,0.026,54162,0.4355,Alzheimer's disease (late onset),TRUE,3,0.000393615,170083629,361194,3.51075e-11,ukb-d-C3_MALE_GENITAL,malignant neoplasm of male genital organs || id:ukb-d-C3_MALE_GENITAL,TRUE,reported,igd,2,TRUE
rs6458228,A,C,A,C,0.00213623,0.0148,0.273759,0.304175,FALSE,FALSE,FALSE,ebi-a-GCST002245,6,41543793,0.0178,54162,0.4037,Alzheimer's disease (late onset),TRUE,6,0.000350275,41543793,361194,1.07034e-09,ukb-d-C3_MALE_GENITAL,malignant neoplasm of male genital organs || id:ukb-d-C3_MALE_GENITAL,TRUE,reported,igd,2,TRUE
rs6501436,A,G,A,G,-0.00237567,-0.0215,0.534679,0.517893,FALSE,FALSE,FALSE,ebi-a-GCST002245,17,69119290,0.0157,54162,0.1715,Alzheimer's disease (late onset),TRUE,17,0.000313965,69119290,361194,3.83796e-14,ukb-d-C3_MALE_GENITAL,malignant neoplasm of male genital organs || id:ukb-d-C3_MALE_GENITAL,TRUE,reported,igd,2,TRUE
rs6545977,A,G,A,G,-0.0016554,4e-04,0.483334,0.502982,FALSE,FALSE,FALSE,ebi-a-GCST002245,2,63301164,0.0154,54162,0.9788,Alzheimer's disease (late onset),TRUE,2,0.000313605,63301164,361194,1.30239e-07,ukb-d-C3_MALE_GENITAL,malignant neoplasm of male genital organs || id:ukb-d-C3_MALE_GENITAL,TRUE,reported,igd,2,TRUE
rs6965016,A,C,A,C,-0.00214082,-0.0025,0.534359,0.50994,FALSE,FALSE,FALSE,ebi-a-GCST002245,7,97807882,0.0157,54162,0.8748,Alzheimer's disease (late onset),TRUE,7,0.000313229,97807882,361194,8.2319e-12,ukb-d-C3_MALE_GENITAL,malignant neoplasm of male genital organs || id:ukb-d-C3_MALE_GENITAL,TRUE,reported,igd,2,TRUE
rs6983267,T,G,T,G,-0.00410124,0.0063,0.481024,0.500994,FALSE,FALSE,FALSE,ebi-a-GCST002245,8,128413305,0.0159,54162,0.6926,Alzheimer's disease (late onset),TRUE,8,0.000312874,128413305,361194,3.0137e-39,ukb-d-C3_MALE_GENITAL,malignant neoplasm of male genital organs || id:ukb-d-C3_MALE_GENITAL,TRUE,reported,igd,2,TRUE
rs73351629,G,C,G,C,-0.00264798,0.0049,0.328775,0.345924,FALSE,TRUE,FALSE,ebi-a-GCST002245,8,128018466,0.0169,54162,0.7703,Alzheimer's disease (late onset),TRUE,8,0.000333554,128018466,361194,2.0488e-15,ukb-d-C3_MALE_GENITAL,malignant neoplasm of male genital organs || id:ukb-d-C3_MALE_GENITAL,TRUE,reported,igd,2,TRUE
rs7679673,A,C,A,C,-0.00191315,8e-04,0.37226,0.394632,FALSE,FALSE,FALSE,ebi-a-GCST002245,4,106061534,0.0162,54162,0.9598,Alzheimer's disease (late onset),TRUE,4,0.000323527,106061534,361194,3.3539e-09,ukb-d-C3_MALE_GENITAL,malignant neoplasm of male genital organs || id:ukb-d-C3_MALE_GENITAL,TRUE,reported,igd,2,TRUE
rs80353656,C,T,C,T,-0.00365052,0.005,0.0623813,0.0387674,FALSE,FALSE,FALSE,ebi-a-GCST002245,2,173309402,0.0331,54162,0.8805,Alzheimer's disease (late onset),TRUE,2,0.000647563,173309402,361194,1.7285e-08,ukb-d-C3_MALE_GENITAL,malignant neoplasm of male genital organs || id:ukb-d-C3_MALE_GENITAL,TRUE,reported,igd,2,TRUE
