SNP,effect_allele.exposure,other_allele.exposure,effect_allele.outcome,other_allele.outcome,beta.exposure,beta.outcome,eaf.exposure,eaf.outcome,remove,palindromic,ambiguous,id.outcome,chr,pos,se.outcome,samplesize.outcome,pval.outcome,outcome,mr_keep.outcome,samplesize.exposure,pos.exposure,pval.exposure,chr.exposure,se.exposure,id.exposure,exposure,mr_keep.exposure,pval_origin.exposure,data_source.exposure,action,mr_keep
rs10509168,C,T,C,T,0.00229388,-0.0092,0.539548,0.512922,FALSE,FALSE,FALSE,ebi-a-GCST002245,10,64257828,0.0159,54162,0.5602,Alzheimer's disease (late onset),TRUE,361194,64257828,1.42712e-09,10,0.000378994,ukb-d-C3_BREAST_3,Malignant neoplasm of breast || id:ukb-d-C3_BREAST_3,TRUE,reported,igd,2,TRUE
rs10941679,G,A,G,A,0.00286627,0.0067,0.25359,0.232604,FALSE,FALSE,FALSE,ebi-a-GCST002245,5,44706498,0.0206,54162,0.747,Alzheimer's disease (late onset),TRUE,361194,44706498,4.85959e-11,5,0.000435909,ukb-d-C3_BREAST_3,Malignant neoplasm of breast || id:ukb-d-C3_BREAST_3,TRUE,reported,igd,2,TRUE
rs11135046,T,G,T,G,-0.00215817,-0.0019,0.543007,0.54175,FALSE,FALSE,FALSE,ebi-a-GCST002245,5,158230013,0.0155,54162,0.9044,Alzheimer's disease (late onset),TRUE,361194,158230013,1.09272e-08,5,0.00037758,ukb-d-C3_BREAST_3,Malignant neoplasm of breast || id:ukb-d-C3_BREAST_3,TRUE,reported,igd,2,TRUE
rs12681990,C,T,C,T,-0.00296734,0.042,0.158411,0.145129,FALSE,FALSE,FALSE,ebi-a-GCST002245,8,36859186,0.0213,54162,0.04895,Alzheimer's disease (late onset),TRUE,361194,36859186,8.2924e-09,8,0.000514936,ukb-d-C3_BREAST_3,Malignant neoplasm of breast || id:ukb-d-C3_BREAST_3,TRUE,reported,igd,2,TRUE
rs147759720,T,C,T,C,0.00525639,-0.014,0.0783852,0.0874751,FALSE,FALSE,FALSE,ebi-a-GCST002245,22,40935623,0.0264,54162,0.5964,Alzheimer's disease (late onset),TRUE,361194,40935623,1.344e-12,22,0.000741386,ukb-d-C3_BREAST_3,Malignant neoplasm of breast || id:ukb-d-C3_BREAST_3,TRUE,reported,igd,2,TRUE
rs2522051,C,T,C,T,-0.00214072,0.0108,0.453703,0.483101,FALSE,FALSE,FALSE,ebi-a-GCST002245,5,131797578,0.0161,54162,0.5022,Alzheimer's disease (late onset),TRUE,361194,131797578,1.38478e-08,5,0.000377193,ukb-d-C3_BREAST_3,Malignant neoplasm of breast || id:ukb-d-C3_BREAST_3,TRUE,reported,igd,2,TRUE
rs2619434,A,G,A,G,-0.00253705,0.0159,0.255924,0.259443,FALSE,FALSE,FALSE,ebi-a-GCST002245,12,28165457,0.0177,54162,0.3699,Alzheimer's disease (late onset),TRUE,361194,28165457,5.94374e-09,12,0.000436034,ukb-d-C3_BREAST_3,Malignant neoplasm of breast || id:ukb-d-C3_BREAST_3,TRUE,reported,igd,2,TRUE
rs2736109,T,C,T,C,-0.00219168,-0.0429,0.408209,0.393638,FALSE,FALSE,FALSE,ebi-a-GCST002245,5,1296759,0.0225,54162,0.05671,Alzheimer's disease (late onset),TRUE,361194,1296759,1.14038e-08,5,0.00038393,ukb-d-C3_BREAST_3,Malignant neoplasm of breast || id:ukb-d-C3_BREAST_3,TRUE,reported,igd,2,TRUE
rs2981579,G,A,G,A,-0.00672557,-0.0031,0.593477,0.548708,FALSE,FALSE,FALSE,ebi-a-GCST002245,10,123337335,0.0158,54162,0.8458,Alzheimer's disease (late onset),TRUE,361194,123337335,2.82944e-69,10,0.000382223,ukb-d-C3_BREAST_3,Malignant neoplasm of breast || id:ukb-d-C3_BREAST_3,TRUE,reported,igd,2,TRUE
rs4442975,T,G,T,G,-0.0035083,-0.0088,0.512172,0.491054,FALSE,FALSE,FALSE,ebi-a-GCST002245,2,217920769,0.0158,54162,0.5787,Alzheimer's disease (late onset),TRUE,361194,217920769,1.39637e-20,2,0.000377188,ukb-d-C3_BREAST_3,Malignant neoplasm of breast || id:ukb-d-C3_BREAST_3,TRUE,reported,igd,2,TRUE
rs4784226,T,C,T,C,0.00625464,-0.0104,0.238174,0.249503,FALSE,FALSE,FALSE,ebi-a-GCST002245,16,52583143,0.0189,54162,0.5832,Alzheimer's disease (late onset),TRUE,361194,52583143,1.30737e-45,16,0.000441181,ukb-d-C3_BREAST_3,Malignant neoplasm of breast || id:ukb-d-C3_BREAST_3,TRUE,reported,igd,2,TRUE
rs510294,A,T,A,T,0.00231518,-0.0028,0.620647,0.635189,FALSE,TRUE,FALSE,ebi-a-GCST002245,9,110892787,0.016,54162,0.8634,Alzheimer's disease (late onset),TRUE,361194,110892787,2.57122e-09,9,0.000388648,ukb-d-C3_BREAST_3,Malignant neoplasm of breast || id:ukb-d-C3_BREAST_3,TRUE,reported,igd,2,TRUE
rs576603,T,C,T,C,-0.0022001,-0.0034,0.373897,0.388668,FALSE,FALSE,FALSE,ebi-a-GCST002245,11,1914139,0.0167,54162,0.8405,Alzheimer's disease (late onset),TRUE,361194,1914139,1.62993e-08,11,0.000389576,ukb-d-C3_BREAST_3,Malignant neoplasm of breast || id:ukb-d-C3_BREAST_3,TRUE,reported,igd,2,TRUE
rs595821,A,G,A,G,0.00272853,0.0248,0.396964,0.426441,FALSE,FALSE,FALSE,ebi-a-GCST002245,8,128344410,0.0159,54162,0.1182,Alzheimer's disease (late onset),TRUE,361194,128344410,1.35706e-12,8,0.000384916,ukb-d-C3_BREAST_3,Malignant neoplasm of breast || id:ukb-d-C3_BREAST_3,TRUE,reported,igd,2,TRUE
rs61938093,T,C,T,C,-0.00260344,0.0134,0.295156,0.290258,FALSE,FALSE,FALSE,ebi-a-GCST002245,12,96026737,0.018,54162,0.4579,Alzheimer's disease (late onset),TRUE,361194,96026737,2.857e-10,12,0.000412818,ukb-d-C3_BREAST_3,Malignant neoplasm of breast || id:ukb-d-C3_BREAST_3,TRUE,reported,igd,2,TRUE
rs6557161,G,A,G,A,0.00238113,-0.0189,0.348481,0.313121,FALSE,FALSE,FALSE,ebi-a-GCST002245,6,151950235,0.0162,54162,0.2437,Alzheimer's disease (late onset),TRUE,361194,151950235,1.55686e-09,6,0.000394324,ukb-d-C3_BREAST_3,Malignant neoplasm of breast || id:ukb-d-C3_BREAST_3,TRUE,reported,igd,2,TRUE
rs657686,G,A,G,A,0.00607249,0.0067,0.121007,0.12326,FALSE,FALSE,FALSE,ebi-a-GCST002245,11,69332670,0.0239,54162,0.7783,Alzheimer's disease (late onset),TRUE,361194,69332670,4.94994e-26,11,0.000575414,ukb-d-C3_BREAST_3,Malignant neoplasm of breast || id:ukb-d-C3_BREAST_3,TRUE,reported,igd,2,TRUE
rs7709971,A,G,A,G,0.00439872,-0.031,0.16166,0.148111,FALSE,FALSE,FALSE,ebi-a-GCST002245,5,56007339,0.0219,54162,0.1569,Alzheimer's disease (late onset),TRUE,361194,56007339,8.43723e-18,5,0.00051184,ukb-d-C3_BREAST_3,Malignant neoplasm of breast || id:ukb-d-C3_BREAST_3,TRUE,reported,igd,2,TRUE
rs910416,T,C,T,C,0.00251503,-0.0035,0.510555,0.547714,FALSE,FALSE,FALSE,ebi-a-GCST002245,6,152432902,0.0157,54162,0.8259,Alzheimer's disease (late onset),TRUE,361194,152432902,2.5142e-11,6,0.000376912,ukb-d-C3_BREAST_3,Malignant neoplasm of breast || id:ukb-d-C3_BREAST_3,TRUE,reported,igd,2,TRUE
