SNP,effect_allele.exposure,other_allele.exposure,effect_allele.outcome,other_allele.outcome,beta.exposure,beta.outcome,eaf.exposure,eaf.outcome,remove,palindromic,ambiguous,id.outcome,chr,pos,se.outcome,samplesize.outcome,pval.outcome,outcome,mr_keep.outcome,pval.exposure,pos.exposure,se.exposure,chr.exposure,samplesize.exposure,id.exposure,exposure,mr_keep.exposure,pval_origin.exposure,data_source.exposure,action,mr_keep
rs10042748,T,G,T,G,-0.0138295,0.0185,0.268546,0.272366,FALSE,FALSE,FALSE,ebi-a-GCST002245,5,157510608,0.0173,54162,0.2861,Alzheimer's disease (late onset),TRUE,3.55631e-14,157510608,0.00182521,5,165649,ukb-d-2395_1,Hair/balding pattern: Pattern 1 || id:ukb-d-2395_1,TRUE,reported,igd,2,TRUE
rs10051358,T,G,T,G,0.0090447,0.0116,0.512095,0.491054,FALSE,FALSE,FALSE,ebi-a-GCST002245,5,82202898,0.0166,54162,0.4849,Alzheimer's disease (late onset),TRUE,2.80705e-08,82202898,0.0016287,5,165649,ukb-d-2395_1,Hair/balding pattern: Pattern 1 || id:ukb-d-2395_1,TRUE,reported,igd,2,TRUE
rs1071994,C,T,C,T,0.0118519,0.0187,0.306091,0.277336,FALSE,FALSE,FALSE,ebi-a-GCST002245,12,12434144,0.0177,54162,0.2901,Alzheimer's disease (late onset),TRUE,1.3119e-11,12434144,0.00175122,12,165649,ukb-d-2395_1,Hair/balding pattern: Pattern 1 || id:ukb-d-2395_1,TRUE,reported,igd,2,TRUE
rs10759298,G,T,G,T,-0.0111779,2e-04,0.551568,0.54672,FALSE,FALSE,FALSE,ebi-a-GCST002245,9,111460075,0.016,54162,0.9886,Alzheimer's disease (late onset),TRUE,6.54485e-12,111460075,0.00162759,9,165649,ukb-d-2395_1,Hair/balding pattern: Pattern 1 || id:ukb-d-2395_1,TRUE,reported,igd,2,TRUE
rs10802024,T,A,T,A,-0.0216104,0.0014,0.294386,0.302187,FALSE,TRUE,FALSE,ebi-a-GCST002245,1,118882922,0.0171,54162,0.9361,Alzheimer's disease (late onset),TRUE,4.78189e-34,118882922,0.00177606,1,165649,ukb-d-2395_1,Hair/balding pattern: Pattern 1 || id:ukb-d-2395_1,TRUE,reported,igd,2,TRUE
rs10861777,C,G,C,G,0.0113036,0.0055,0.666399,0.667992,FALSE,TRUE,FALSE,ebi-a-GCST002245,12,108158985,0.0168,54162,0.7421,Alzheimer's disease (late onset),TRUE,4.41876e-11,108158985,0.00171534,12,165649,ukb-d-2395_1,Hair/balding pattern: Pattern 1 || id:ukb-d-2395_1,TRUE,reported,igd,2,TRUE
rs10876041,C,T,C,T,-0.0125447,-0.0043,0.640423,0.599404,FALSE,FALSE,FALSE,ebi-a-GCST002245,12,50901882,0.0172,54162,0.8017,Alzheimer's disease (late onset),TRUE,8.82267e-14,50901882,0.00168203,12,165649,ukb-d-2395_1,Hair/balding pattern: Pattern 1 || id:ukb-d-2395_1,TRUE,reported,igd,2,TRUE
rs10888690,C,T,C,T,0.0174497,-0.0068,0.406557,0.407555,FALSE,FALSE,FALSE,ebi-a-GCST002245,1,50960521,0.0162,54162,0.6755,Alzheimer's disease (late onset),TRUE,2.24543e-26,50960521,0.00164182,1,165649,ukb-d-2395_1,Hair/balding pattern: Pattern 1 || id:ukb-d-2395_1,TRUE,reported,igd,2,TRUE
rs10918042,C,T,C,T,0.0118169,5e-04,0.305154,0.308151,FALSE,FALSE,FALSE,ebi-a-GCST002245,1,164517027,0.0179,54162,0.9756,Alzheimer's disease (late onset),TRUE,2.15774e-11,164517027,0.00176494,1,165649,ukb-d-2395_1,Hair/balding pattern: Pattern 1 || id:ukb-d-2395_1,TRUE,reported,igd,2,TRUE
rs10934270,T,C,T,C,-0.0146638,0.0169,0.403049,0.426441,FALSE,FALSE,FALSE,ebi-a-GCST002245,3,114103747,0.0167,54162,0.3121,Alzheimer's disease (late onset),TRUE,5.76634e-19,114103747,0.00164808,3,165649,ukb-d-2395_1,Hair/balding pattern: Pattern 1 || id:ukb-d-2395_1,TRUE,reported,igd,2,TRUE
rs10946840,C,T,C,T,-0.023753,-0.0022,0.442825,0.4334,FALSE,FALSE,FALSE,ebi-a-GCST002245,6,9316230,0.0155,54162,0.8861,Alzheimer's disease (late onset),TRUE,2.20953e-48,9316230,0.00162457,6,165649,ukb-d-2395_1,Hair/balding pattern: Pattern 1 || id:ukb-d-2395_1,TRUE,reported,igd,2,TRUE
rs10981925,C,A,C,A,0.0143337,0.0046,0.361016,0.378728,FALSE,FALSE,FALSE,ebi-a-GCST002245,9,116548430,0.0161,54162,0.7767,Alzheimer's disease (late onset),TRUE,1.75428e-17,116548430,0.00168435,9,165649,ukb-d-2395_1,Hair/balding pattern: Pattern 1 || id:ukb-d-2395_1,TRUE,reported,igd,2,TRUE
rs11029994,C,T,C,T,-0.0138089,-0.005,0.431673,0.409543,FALSE,FALSE,FALSE,ebi-a-GCST002245,11,27417226,0.0163,54162,0.7582,Alzheimer's disease (late onset),TRUE,3.43242e-17,27417226,0.00163773,11,165649,ukb-d-2395_1,Hair/balding pattern: Pattern 1 || id:ukb-d-2395_1,TRUE,reported,igd,2,TRUE
rs11037975,G,C,G,C,0.0266031,0.0053,0.302394,0.301193,FALSE,TRUE,FALSE,ebi-a-GCST002245,11,44410862,0.0183,54162,0.7711,Alzheimer's disease (late onset),TRUE,6.21441e-51,44410862,0.00177162,11,165649,ukb-d-2395_1,Hair/balding pattern: Pattern 1 || id:ukb-d-2395_1,TRUE,reported,igd,2,TRUE
rs11099885,C,T,C,T,0.0110351,-0.007,0.373555,0.355865,FALSE,FALSE,FALSE,ebi-a-GCST002245,4,154385570,0.0166,54162,0.6726,Alzheimer's disease (late onset),TRUE,4.90004e-11,154385570,0.0016785,4,165649,ukb-d-2395_1,Hair/balding pattern: Pattern 1 || id:ukb-d-2395_1,TRUE,reported,igd,2,TRUE
rs11202710,A,G,A,G,-0.0101001,-0.01,0.355058,0.374751,FALSE,FALSE,FALSE,ebi-a-GCST002245,10,90074140,0.0161,54162,0.5355,Alzheimer's disease (late onset),TRUE,2.28923e-09,90074140,0.00169006,10,165649,ukb-d-2395_1,Hair/balding pattern: Pattern 1 || id:ukb-d-2395_1,TRUE,reported,igd,2,TRUE
rs11220486,A,G,A,G,-0.0112058,-0.0081,0.204187,0.193837,FALSE,FALSE,FALSE,ebi-a-GCST002245,11,126291021,0.0207,54162,0.6975,Alzheimer's disease (late onset),TRUE,2.61252e-08,126291021,0.00201331,11,165649,ukb-d-2395_1,Hair/balding pattern: Pattern 1 || id:ukb-d-2395_1,TRUE,reported,igd,2,TRUE
rs112780312,A,G,A,G,0.0101881,0.0173,0.273977,0.277336,FALSE,FALSE,FALSE,ebi-a-GCST002245,1,153797015,0.0175,54162,0.3209,Alzheimer's disease (late onset),TRUE,2.67707e-08,153797015,0.00183186,1,165649,ukb-d-2395_1,Hair/balding pattern: Pattern 1 || id:ukb-d-2395_1,TRUE,reported,igd,2,TRUE
rs114091891,C,T,C,T,0.0420232,0.1725,0.0288416,0.0139165,FALSE,FALSE,FALSE,ebi-a-GCST002245,4,108105791,0.1156,54162,0.1358,Alzheimer's disease (late onset),TRUE,3.73938e-18,108105791,0.00483723,4,165649,ukb-d-2395_1,Hair/balding pattern: Pattern 1 || id:ukb-d-2395_1,TRUE,reported,igd,2,TRUE
rs115182912,A,G,A,G,-0.0572344,0.1031,0.0241486,0.0218688,FALSE,FALSE,FALSE,ebi-a-GCST002245,3,125993274,0.0527,54162,0.05026,Alzheimer's disease (late onset),TRUE,5.2626e-26,125993274,0.00542584,3,165649,ukb-d-2395_1,Hair/balding pattern: Pattern 1 || id:ukb-d-2395_1,TRUE,reported,igd,2,TRUE
rs115557929,T,C,T,C,-0.0322824,0.0601,0.053055,0.0586481,FALSE,FALSE,FALSE,ebi-a-GCST002245,21,44629340,0.045,54162,0.1816,Alzheimer's disease (late onset),TRUE,2.76567e-19,44629340,0.00359541,21,165649,ukb-d-2395_1,Hair/balding pattern: Pattern 1 || id:ukb-d-2395_1,TRUE,reported,igd,2,TRUE
rs115772451,C,T,C,T,-0.0300915,0.0391,0.0459487,0.0457256,FALSE,FALSE,FALSE,ebi-a-GCST002245,11,44392151,0.0399,54162,0.3279,Alzheimer's disease (late onset),TRUE,7.98362e-15,44392151,0.00387349,11,165649,ukb-d-2395_1,Hair/balding pattern: Pattern 1 || id:ukb-d-2395_1,TRUE,reported,igd,2,TRUE
rs11659559,A,C,A,C,-0.0214315,0.0136,0.0667021,0.0596421,FALSE,FALSE,FALSE,ebi-a-GCST002245,18,53005934,0.0314,54162,0.6647,Alzheimer's disease (late onset),TRUE,5.96074e-11,53005934,0.00327441,18,165649,ukb-d-2395_1,Hair/balding pattern: Pattern 1 || id:ukb-d-2395_1,TRUE,reported,igd,2,TRUE
rs11664621,T,C,T,C,0.0239307,0.0269,0.278734,0.260437,FALSE,FALSE,FALSE,ebi-a-GCST002245,18,42821457,0.0181,54162,0.1371,Alzheimer's disease (late onset),TRUE,2.96415e-40,42821457,0.00180133,18,165649,ukb-d-2395_1,Hair/balding pattern: Pattern 1 || id:ukb-d-2395_1,TRUE,reported,igd,2,TRUE
rs11684042,A,G,A,G,-0.0219854,0.0178,0.249497,0.223658,FALSE,FALSE,FALSE,ebi-a-GCST002245,2,145684278,0.0182,54162,0.3262,Alzheimer's disease (late onset),TRUE,6.64508e-32,145684278,0.00186989,2,165649,ukb-d-2395_1,Hair/balding pattern: Pattern 1 || id:ukb-d-2395_1,TRUE,reported,igd,2,TRUE
rs11684254,G,C,G,C,-0.0345184,0.0098,0.343153,0.345924,FALSE,TRUE,FALSE,ebi-a-GCST002245,2,239695893,0.0171,54162,0.5682,Alzheimer's disease (late onset),TRUE,8.89611e-92,239695893,0.00169784,2,165649,ukb-d-2395_1,Hair/balding pattern: Pattern 1 || id:ukb-d-2395_1,TRUE,reported,igd,2,TRUE
rs11689108,G,A,G,A,0.0124842,-0.0117,0.192398,0.205765,FALSE,FALSE,FALSE,ebi-a-GCST002245,2,239536797,0.0197,54162,0.5518,Alzheimer's disease (late onset),TRUE,1.16638e-09,239536797,0.00205159,2,165649,ukb-d-2395_1,Hair/balding pattern: Pattern 1 || id:ukb-d-2395_1,TRUE,reported,igd,2,TRUE
rs11728713,C,A,C,A,0.0116547,-0.0071,0.338373,0.316103,FALSE,FALSE,FALSE,ebi-a-GCST002245,4,107754728,0.0166,54162,0.6682,Alzheimer's disease (late onset),TRUE,9.57414e-12,107754728,0.00171059,4,165649,ukb-d-2395_1,Hair/balding pattern: Pattern 1 || id:ukb-d-2395_1,TRUE,reported,igd,2,TRUE
rs11763660,G,A,G,A,0.0168489,0.0146,0.544305,0.459245,FALSE,FALSE,FALSE,ebi-a-GCST002245,7,130997997,0.0154,54162,0.3443,Alzheimer's disease (late onset),TRUE,3.08887e-25,130997997,0.00162309,7,165649,ukb-d-2395_1,Hair/balding pattern: Pattern 1 || id:ukb-d-2395_1,TRUE,reported,igd,2,TRUE
rs11791473,T,C,T,C,0.00990221,-0.0307,0.369651,0.354871,FALSE,FALSE,FALSE,ebi-a-GCST002245,9,82293471,0.0212,54162,0.1474,Alzheimer's disease (late onset),TRUE,4.57889e-09,82293471,0.00168919,9,165649,ukb-d-2395_1,Hair/balding pattern: Pattern 1 || id:ukb-d-2395_1,TRUE,reported,igd,2,TRUE
rs118064296,C,T,C,T,0.0251884,-0.0368,0.0389521,0.0377734,FALSE,FALSE,FALSE,ebi-a-GCST002245,16,67059547,0.0423,54162,0.3837,Alzheimer's disease (late onset),TRUE,1.84395e-09,67059547,0.00419016,16,165649,ukb-d-2395_1,Hair/balding pattern: Pattern 1 || id:ukb-d-2395_1,TRUE,reported,igd,2,TRUE
rs11885422,A,T,A,T,-0.0183507,-0.0204,0.244604,0.258449,FALSE,TRUE,FALSE,ebi-a-GCST002245,2,30590548,0.0181,54162,0.2593,Alzheimer's disease (late onset),TRUE,2.81514e-22,30590548,0.00189019,2,165649,ukb-d-2395_1,Hair/balding pattern: Pattern 1 || id:ukb-d-2395_1,TRUE,reported,igd,2,TRUE
rs12125691,T,G,T,G,-0.0185507,-0.0035,0.424239,0.432406,FALSE,FALSE,FALSE,ebi-a-GCST002245,1,47954511,0.0163,54162,0.8295,Alzheimer's disease (late onset),TRUE,1.01158e-29,47954511,0.00163803,1,165649,ukb-d-2395_1,Hair/balding pattern: Pattern 1 || id:ukb-d-2395_1,TRUE,reported,igd,2,TRUE
rs12214131,A,G,A,G,-0.0175217,-0.0209,0.36737,0.341948,FALSE,FALSE,FALSE,ebi-a-GCST002245,6,106207921,0.0161,54162,0.1926,Alzheimer's disease (late onset),TRUE,1.89671e-25,106207921,0.00168038,6,165649,ukb-d-2395_1,Hair/balding pattern: Pattern 1 || id:ukb-d-2395_1,TRUE,reported,igd,2,TRUE
rs12340775,A,G,A,G,-0.0232564,0.0277,0.0559608,0.0516899,FALSE,FALSE,FALSE,ebi-a-GCST002245,9,13226945,0.0392,54162,0.4805,Alzheimer's disease (late onset),TRUE,1.2618e-10,13226945,0.00361567,9,165649,ukb-d-2395_1,Hair/balding pattern: Pattern 1 || id:ukb-d-2395_1,TRUE,reported,igd,2,TRUE
rs12403006,A,T,A,T,-0.0110293,0.0133,0.214719,0.219682,FALSE,TRUE,FALSE,ebi-a-GCST002245,1,209979518,0.0194,54162,0.4928,Alzheimer's disease (late onset),TRUE,2.12936e-08,209979518,0.00196901,1,165649,ukb-d-2395_1,Hair/balding pattern: Pattern 1 || id:ukb-d-2395_1,TRUE,reported,igd,2,TRUE
rs12432859,T,C,T,C,-0.0103299,0.0251,0.348281,0.32505,FALSE,FALSE,FALSE,ebi-a-GCST002245,14,61653875,0.019,54162,0.1864,Alzheimer's disease (late onset),TRUE,1.71704e-09,61653875,0.00171511,14,165649,ukb-d-2395_1,Hair/balding pattern: Pattern 1 || id:ukb-d-2395_1,TRUE,reported,igd,2,TRUE
rs12457893,C,A,C,A,-0.0118341,-0.0343,0.455008,0.450298,FALSE,FALSE,FALSE,ebi-a-GCST002245,18,60926161,0.0154,54162,0.02619,Alzheimer's disease (late onset),TRUE,4.93401e-13,60926161,0.00163733,18,165649,ukb-d-2395_1,Hair/balding pattern: Pattern 1 || id:ukb-d-2395_1,TRUE,reported,igd,2,TRUE
rs12668152,C,A,C,A,0.0163874,-0.0065,0.480778,0.43837,FALSE,FALSE,FALSE,ebi-a-GCST002245,7,47033057,0.0155,54162,0.6746,Alzheimer's disease (late onset),TRUE,4.5772e-24,47033057,0.00161931,7,165649,ukb-d-2395_1,Hair/balding pattern: Pattern 1 || id:ukb-d-2395_1,TRUE,reported,igd,2,TRUE
rs12744222,T,A,T,A,0.0255473,0.0284,0.322051,0.310139,FALSE,TRUE,FALSE,ebi-a-GCST002245,1,25463851,0.0167,54162,0.08965,Alzheimer's disease (late onset),TRUE,1.31129e-49,25463851,0.00172473,1,165649,ukb-d-2395_1,Hair/balding pattern: Pattern 1 || id:ukb-d-2395_1,TRUE,reported,igd,2,TRUE
rs12900758,G,A,G,A,-0.0104984,-0.0114,0.229827,0.2167,FALSE,FALSE,FALSE,ebi-a-GCST002245,15,67523043,0.018,54162,0.5278,Alzheimer's disease (late onset),TRUE,4.47373e-08,67523043,0.00191881,15,165649,ukb-d-2395_1,Hair/balding pattern: Pattern 1 || id:ukb-d-2395_1,TRUE,reported,igd,2,TRUE
rs12912487,A,G,A,G,-0.0301807,0.0033,0.103493,0.0725646,FALSE,FALSE,FALSE,ebi-a-GCST002245,15,70032794,0.0262,54162,0.9005,Alzheimer's disease (late onset),TRUE,6.17163e-30,70032794,0.00265482,15,165649,ukb-d-2395_1,Hair/balding pattern: Pattern 1 || id:ukb-d-2395_1,TRUE,reported,igd,2,TRUE
rs12956155,G,A,G,A,0.0105673,0.0094,0.539618,0.50994,FALSE,FALSE,FALSE,ebi-a-GCST002245,18,10433993,0.0155,54162,0.5474,Alzheimer's disease (late onset),TRUE,6.42096e-11,10433993,0.00161727,18,165649,ukb-d-2395_1,Hair/balding pattern: Pattern 1 || id:ukb-d-2395_1,TRUE,reported,igd,2,TRUE
rs12961565,C,T,C,T,0.0166839,-0.0057,0.0931359,0.0884692,FALSE,FALSE,FALSE,ebi-a-GCST002245,18,22862511,0.0264,54162,0.8303,Alzheimer's disease (late onset),TRUE,1.92451e-09,22862511,0.00277862,18,165649,ukb-d-2395_1,Hair/balding pattern: Pattern 1 || id:ukb-d-2395_1,TRUE,reported,igd,2,TRUE
rs12991840,G,A,G,A,-0.0149532,0.0114,0.375222,0.367793,FALSE,FALSE,FALSE,ebi-a-GCST002245,2,177598359,0.0163,54162,0.4847,Alzheimer's disease (late onset),TRUE,4.11055e-19,177598359,0.00167354,2,165649,ukb-d-2395_1,Hair/balding pattern: Pattern 1 || id:ukb-d-2395_1,TRUE,reported,igd,2,TRUE
rs13037922,T,C,T,C,-0.0190567,0.019,0.794789,0.785288,FALSE,FALSE,FALSE,ebi-a-GCST002245,20,55435053,0.0293,54162,0.5154,Alzheimer's disease (late onset),TRUE,4.32116e-21,55435053,0.00202176,20,165649,ukb-d-2395_1,Hair/balding pattern: Pattern 1 || id:ukb-d-2395_1,TRUE,reported,igd,2,TRUE
rs13092705,T,G,T,G,-0.0223162,0.0382,0.923613,0.9324056,FALSE,FALSE,FALSE,ebi-a-GCST002245,3,182237032,0.0296,54162,0.1966,Alzheimer's disease (late onset),TRUE,1.93152e-13,182237032,0.00303454,3,165649,ukb-d-2395_1,Hair/balding pattern: Pattern 1 || id:ukb-d-2395_1,TRUE,reported,igd,2,TRUE
rs13158670,A,G,A,G,0.00966081,0.0335,0.463617,0.436382,FALSE,FALSE,FALSE,ebi-a-GCST002245,5,71688223,0.0153,54162,0.02923,Alzheimer's disease (late onset),TRUE,2.44636e-09,71688223,0.00161949,5,165649,ukb-d-2395_1,Hair/balding pattern: Pattern 1 || id:ukb-d-2395_1,TRUE,reported,igd,2,TRUE
rs13208500,C,T,C,T,-0.0195034,0.0241,0.239292,0.238569,FALSE,FALSE,FALSE,ebi-a-GCST002245,6,9479707,0.0176,54162,0.1714,Alzheimer's disease (late onset),TRUE,1.21927e-24,9479707,0.00190301,6,165649,ukb-d-2395_1,Hair/balding pattern: Pattern 1 || id:ukb-d-2395_1,TRUE,reported,igd,2,TRUE
rs13213992,T,C,T,C,0.0101011,0.0107,0.667229,0.652087,FALSE,FALSE,FALSE,ebi-a-GCST002245,6,7083218,0.0165,54162,0.5174,Alzheimer's disease (late onset),TRUE,3.69335e-09,7083218,0.00171272,6,165649,ukb-d-2395_1,Hair/balding pattern: Pattern 1 || id:ukb-d-2395_1,TRUE,reported,igd,2,TRUE
rs138529890,A,G,A,G,0.0687166,-0.0326,0.0377414,0.0318091,FALSE,FALSE,FALSE,ebi-a-GCST002245,2,32478354,0.0542,54162,0.5478,Alzheimer's disease (late onset),TRUE,1.05487e-56,32478354,0.00432885,2,165649,ukb-d-2395_1,Hair/balding pattern: Pattern 1 || id:ukb-d-2395_1,TRUE,reported,igd,2,TRUE
rs1389985,A,G,A,G,-0.052824,0.0048,0.0408182,0.0377734,FALSE,FALSE,FALSE,ebi-a-GCST002245,8,108994382,0.048,54162,0.9211,Alzheimer's disease (late onset),TRUE,1.90546e-38,108994382,0.00407298,8,165649,ukb-d-2395_1,Hair/balding pattern: Pattern 1 || id:ukb-d-2395_1,TRUE,reported,igd,2,TRUE
rs139118204,T,C,T,C,-0.0265564,-0.0051,0.0425723,0.0477137,FALSE,FALSE,FALSE,ebi-a-GCST002245,6,111979221,0.0398,54162,0.8985,Alzheimer's disease (late onset),TRUE,3.15937e-11,111979221,0.00399982,6,165649,ukb-d-2395_1,Hair/balding pattern: Pattern 1 || id:ukb-d-2395_1,TRUE,reported,igd,2,TRUE
rs140613174,T,C,T,C,0.0261354,0.1347,0.0410172,0.0218688,FALSE,FALSE,FALSE,ebi-a-GCST002245,14,54125962,0.0855,54162,0.1151,Alzheimer's disease (late onset),TRUE,6.28681e-10,54125962,0.00422669,14,165649,ukb-d-2395_1,Hair/balding pattern: Pattern 1 || id:ukb-d-2395_1,TRUE,reported,igd,2,TRUE
rs141379129,C,T,C,T,0.0285803,-3e-04,0.0388622,0.054672,FALSE,FALSE,FALSE,ebi-a-GCST002245,16,80673307,0.043,54162,0.9935,Alzheimer's disease (late onset),TRUE,1.64286e-11,80673307,0.00424345,16,165649,ukb-d-2395_1,Hair/balding pattern: Pattern 1 || id:ukb-d-2395_1,TRUE,reported,igd,2,TRUE
rs1423516,G,A,G,A,0.0105192,0.0159,0.230302,0.203777,FALSE,FALSE,FALSE,ebi-a-GCST002245,5,82062759,0.0188,54162,0.3975,Alzheimer's disease (late onset),TRUE,4.64644e-08,82062759,0.00192497,5,165649,ukb-d-2395_1,Hair/balding pattern: Pattern 1 || id:ukb-d-2395_1,TRUE,reported,igd,2,TRUE
rs150962800,T,C,T,C,0.029235,0.0113,0.026375,0.0188867,FALSE,FALSE,FALSE,ebi-a-GCST002245,15,33260973,0.0744,54162,0.8789,Alzheimer's disease (late onset),TRUE,6.43161e-09,33260973,0.00503581,15,165649,ukb-d-2395_1,Hair/balding pattern: Pattern 1 || id:ukb-d-2395_1,TRUE,reported,igd,2,TRUE
rs16863657,G,A,G,A,-0.0150326,0.0027,0.133438,0.146123,FALSE,FALSE,FALSE,ebi-a-GCST002245,2,223164518,0.0299,54162,0.9284,Alzheimer's disease (late onset),TRUE,6.84873e-10,223164518,0.00243644,2,165649,ukb-d-2395_1,Hair/balding pattern: Pattern 1 || id:ukb-d-2395_1,TRUE,reported,igd,2,TRUE
rs16978432,C,G,C,G,-0.0228909,0.0273,0.0394484,0.027833,FALSE,TRUE,FALSE,ebi-a-GCST002245,18,43217263,0.0436,54162,0.5315,Alzheimer's disease (late onset),TRUE,4.55607e-08,43217263,0.00418629,18,165649,ukb-d-2395_1,Hair/balding pattern: Pattern 1 || id:ukb-d-2395_1,TRUE,reported,igd,2,TRUE
rs17185989,A,G,A,G,0.0347149,0.0246,0.130406,0.11332,FALSE,FALSE,FALSE,ebi-a-GCST002245,1,119577925,0.024,54162,0.3042,Alzheimer's disease (late onset),TRUE,1.38803e-47,119577925,0.00239491,1,165649,ukb-d-2395_1,Hair/balding pattern: Pattern 1 || id:ukb-d-2395_1,TRUE,reported,igd,2,TRUE
rs17241253,C,T,C,T,-0.0148344,-0.0258,0.190166,0.166004,FALSE,FALSE,FALSE,ebi-a-GCST002245,8,129890188,0.0229,54162,0.2604,Alzheimer's disease (late onset),TRUE,6.54787e-13,129890188,0.00206345,8,165649,ukb-d-2395_1,Hair/balding pattern: Pattern 1 || id:ukb-d-2395_1,TRUE,reported,igd,2,TRUE
rs17265513,C,T,C,T,0.0229819,0.0099,0.200095,0.194831,FALSE,FALSE,FALSE,ebi-a-GCST002245,20,39832628,0.0215,54162,0.6453,Alzheimer's disease (late onset),TRUE,5.01996e-30,39832628,0.00201838,20,165649,ukb-d-2395_1,Hair/balding pattern: Pattern 1 || id:ukb-d-2395_1,TRUE,reported,igd,2,TRUE
rs17348528,C,T,C,T,-0.0189237,0.0087,0.113538,0.100398,FALSE,FALSE,FALSE,ebi-a-GCST002245,7,18706703,0.0272,54162,0.7482,Alzheimer's disease (late onset),TRUE,9.73419e-14,18706703,0.00254177,7,165649,ukb-d-2395_1,Hair/balding pattern: Pattern 1 || id:ukb-d-2395_1,TRUE,reported,igd,2,TRUE
rs174576,A,C,A,C,0.0125263,-0.0077,0.353497,0.357853,FALSE,FALSE,FALSE,ebi-a-GCST002245,11,61603510,0.0163,54162,0.6344,Alzheimer's disease (late onset),TRUE,1.20865e-13,61603510,0.00168899,11,165649,ukb-d-2395_1,Hair/balding pattern: Pattern 1 || id:ukb-d-2395_1,TRUE,reported,igd,2,TRUE
rs17467433,T,C,T,C,0.0237766,-7e-04,0.425937,0.388668,FALSE,FALSE,FALSE,ebi-a-GCST002245,10,78290576,0.0158,54162,0.9621,Alzheimer's disease (late onset),TRUE,4.29536e-48,78290576,0.00163125,10,165649,ukb-d-2395_1,Hair/balding pattern: Pattern 1 || id:ukb-d-2395_1,TRUE,reported,igd,2,TRUE
rs17516020,A,G,A,G,-0.0118024,-0.0069,0.268453,0.249503,FALSE,FALSE,FALSE,ebi-a-GCST002245,10,79538734,0.0193,54162,0.719,Alzheimer's disease (late onset),TRUE,1.59805e-10,79538734,0.00184524,10,165649,ukb-d-2395_1,Hair/balding pattern: Pattern 1 || id:ukb-d-2395_1,TRUE,reported,igd,2,TRUE
rs17518748,G,A,G,A,0.0200329,0.0222,0.272524,0.245527,FALSE,FALSE,FALSE,ebi-a-GCST002245,2,68157053,0.0184,54162,0.2281,Alzheimer's disease (late onset),TRUE,2.25788e-28,68157053,0.00181303,2,165649,ukb-d-2395_1,Hair/balding pattern: Pattern 1 || id:ukb-d-2395_1,TRUE,reported,igd,2,TRUE
rs17797597,C,T,C,T,0.0448174,0.049,0.0130275,0.0178926,FALSE,FALSE,FALSE,ebi-a-GCST002245,6,9519341,0.085,54162,0.5646,Alzheimer's disease (late onset),TRUE,3.01912e-10,9519341,0.00711593,6,165649,ukb-d-2395_1,Hair/balding pattern: Pattern 1 || id:ukb-d-2395_1,TRUE,reported,igd,2,TRUE
rs17833789,A,C,A,C,-0.0225579,-0.021,0.447212,0.440358,FALSE,FALSE,FALSE,ebi-a-GCST002245,17,55230628,0.0156,54162,0.1796,Alzheimer's disease (late onset),TRUE,1.01508e-43,55230628,0.00162635,17,165649,ukb-d-2395_1,Hair/balding pattern: Pattern 1 || id:ukb-d-2395_1,TRUE,reported,igd,2,TRUE
rs1835876,G,A,G,A,-0.00924439,0.0316,0.573068,0.601392,FALSE,FALSE,FALSE,ebi-a-GCST002245,5,57125820,0.0161,54162,0.05026,Alzheimer's disease (late onset),TRUE,1.72187e-08,57125820,0.00163962,5,165649,ukb-d-2395_1,Hair/balding pattern: Pattern 1 || id:ukb-d-2395_1,TRUE,reported,igd,2,TRUE
rs1883354,G,A,G,A,0.0104415,0.0116,0.419678,0.428429,FALSE,FALSE,FALSE,ebi-a-GCST002245,6,135457541,0.0157,54162,0.4617,Alzheimer's disease (late onset),TRUE,1.81368e-10,135457541,0.00163744,6,165649,ukb-d-2395_1,Hair/balding pattern: Pattern 1 || id:ukb-d-2395_1,TRUE,reported,igd,2,TRUE
rs1884588,T,C,T,C,-0.0488056,-0.0204,0.56826,0.550696,FALSE,FALSE,FALSE,ebi-a-GCST002245,20,21885500,0.0155,54162,0.1887,Alzheimer's disease (late onset),TRUE,6.91831e-198,21885500,0.00162401,20,165649,ukb-d-2395_1,Hair/balding pattern: Pattern 1 || id:ukb-d-2395_1,TRUE,reported,igd,2,TRUE
rs1928243,A,C,A,C,0.010383,0.0097,0.737838,0.722664,FALSE,FALSE,FALSE,ebi-a-GCST002245,9,38035665,0.0176,54162,0.5797,Alzheimer's disease (late onset),TRUE,1.761e-08,38035665,0.00184283,9,165649,ukb-d-2395_1,Hair/balding pattern: Pattern 1 || id:ukb-d-2395_1,TRUE,reported,igd,2,TRUE
rs1938281,A,G,A,G,-0.0117149,-0.0275,0.549298,0.50994,FALSE,FALSE,FALSE,ebi-a-GCST002245,1,118832113,0.0158,54162,0.08055,Alzheimer's disease (late onset),TRUE,6.78422e-13,118832113,0.00163063,1,165649,ukb-d-2395_1,Hair/balding pattern: Pattern 1 || id:ukb-d-2395_1,TRUE,reported,igd,2,TRUE
rs1951742,C,A,C,A,0.0128414,-0.0235,0.790294,0.792247,FALSE,FALSE,FALSE,ebi-a-GCST002245,10,77737308,0.0201,54162,0.2439,Alzheimer's disease (late onset),TRUE,1.17309e-10,77737308,0.00199303,10,165649,ukb-d-2395_1,Hair/balding pattern: Pattern 1 || id:ukb-d-2395_1,TRUE,reported,igd,2,TRUE
rs199826,T,C,T,C,-0.0191372,0.0224,0.925828,0.9304175,FALSE,FALSE,FALSE,ebi-a-GCST002245,20,22327414,0.0329,54162,0.4948,Alzheimer's disease (late onset),TRUE,5.24566e-10,22327414,0.00308071,20,165649,ukb-d-2395_1,Hair/balding pattern: Pattern 1 || id:ukb-d-2395_1,TRUE,reported,igd,2,TRUE
rs2015210,G,T,G,T,0.0132486,0.0193,0.753086,0.712724,FALSE,FALSE,FALSE,ebi-a-GCST002245,7,130737982,0.02,54162,0.3345,Alzheimer's disease (late onset),TRUE,1.8218e-12,130737982,0.00187976,7,165649,ukb-d-2395_1,Hair/balding pattern: Pattern 1 || id:ukb-d-2395_1,TRUE,reported,igd,2,TRUE
rs2074585,A,G,A,G,0.0125215,-0.0134,0.51221,0.533797,FALSE,FALSE,FALSE,ebi-a-GCST002245,15,91009484,0.0169,54162,0.4291,Alzheimer's disease (late onset),TRUE,8.43723e-15,91009484,0.00161327,15,165649,ukb-d-2395_1,Hair/balding pattern: Pattern 1 || id:ukb-d-2395_1,TRUE,reported,igd,2,TRUE
rs2152962,G,A,G,A,0.00964309,-0.001,0.322036,0.329026,FALSE,FALSE,FALSE,ebi-a-GCST002245,10,8447803,0.0177,54162,0.9541,Alzheimer's disease (late onset),TRUE,4.40727e-08,8447803,0.00176163,10,165649,ukb-d-2395_1,Hair/balding pattern: Pattern 1 || id:ukb-d-2395_1,TRUE,reported,igd,2,TRUE
rs2183372,A,G,A,G,0.0146858,7e-04,0.612796,0.619284,FALSE,FALSE,FALSE,ebi-a-GCST002245,1,170504019,0.016,54162,0.9645,Alzheimer's disease (late onset),TRUE,8.59607e-19,170504019,0.00165884,1,165649,ukb-d-2395_1,Hair/balding pattern: Pattern 1 || id:ukb-d-2395_1,TRUE,reported,igd,2,TRUE
rs2235973,T,C,T,C,0.0141639,0.0156,0.150034,0.164016,FALSE,FALSE,FALSE,ebi-a-GCST002245,14,101920104,0.0224,54162,0.4879,Alzheimer's disease (late onset),TRUE,3.99521e-10,101920104,0.00226456,14,165649,ukb-d-2395_1,Hair/balding pattern: Pattern 1 || id:ukb-d-2395_1,TRUE,reported,igd,2,TRUE
rs226007,T,G,T,G,0.0105963,9e-04,0.662161,0.65507,FALSE,FALSE,FALSE,ebi-a-GCST002245,16,21624933,0.0175,54162,0.9594,Alzheimer's disease (late onset),TRUE,5.56455e-10,21624933,0.00170835,16,165649,ukb-d-2395_1,Hair/balding pattern: Pattern 1 || id:ukb-d-2395_1,TRUE,reported,igd,2,TRUE
rs227819,T,C,T,C,-0.0194034,0.0273,0.803659,0.789264,FALSE,FALSE,FALSE,ebi-a-GCST002245,6,44676420,0.0197,54162,0.1656,Alzheimer's disease (late onset),TRUE,2.06681e-21,44676420,0.00204184,6,165649,ukb-d-2395_1,Hair/balding pattern: Pattern 1 || id:ukb-d-2395_1,TRUE,reported,igd,2,TRUE
rs232151,T,C,T,C,-0.0203774,0.0019,0.0828065,0.0864811,FALSE,FALSE,FALSE,ebi-a-GCST002245,17,63704870,0.0289,54162,0.9476,Alzheimer's disease (late onset),TRUE,4.43609e-12,63704870,0.00294341,17,165649,ukb-d-2395_1,Hair/balding pattern: Pattern 1 || id:ukb-d-2395_1,TRUE,reported,igd,2,TRUE
rs246180,A,C,A,C,0.0185826,0.0492,0.325409,0.337972,FALSE,FALSE,FALSE,ebi-a-GCST002245,16,14391923,0.0175,54162,0.004863,Alzheimer's disease (late onset),TRUE,6.06178e-27,14391923,0.00172864,16,165649,ukb-d-2395_1,Hair/balding pattern: Pattern 1 || id:ukb-d-2395_1,TRUE,reported,igd,2,TRUE
rs2616534,A,C,A,C,0.014571,-0.0035,0.802228,0.791252,FALSE,FALSE,FALSE,ebi-a-GCST002245,3,11608114,0.0198,54162,0.8594,Alzheimer's disease (late onset),TRUE,6.57355e-13,11608114,0.00202696,3,165649,ukb-d-2395_1,Hair/balding pattern: Pattern 1 || id:ukb-d-2395_1,TRUE,reported,igd,2,TRUE
rs2703594,G,C,G,C,-0.0174102,0.0034,0.792057,0.764414,FALSE,TRUE,FALSE,ebi-a-GCST002245,15,57488790,0.0183,54162,0.8537,Alzheimer's disease (late onset),TRUE,1.98107e-18,57488790,0.00198761,15,165649,ukb-d-2395_1,Hair/balding pattern: Pattern 1 || id:ukb-d-2395_1,TRUE,reported,igd,2,TRUE
rs2807686,C,T,C,T,-0.0117968,0.0125,0.5569,0.558648,FALSE,FALSE,FALSE,ebi-a-GCST002245,10,62948582,0.0158,54162,0.4285,Alzheimer's disease (late onset),TRUE,4.35311e-13,62948582,0.00162834,10,165649,ukb-d-2395_1,Hair/balding pattern: Pattern 1 || id:ukb-d-2395_1,TRUE,reported,igd,2,TRUE
rs2834733,T,C,T,C,-0.0110887,0.0066,0.336006,0.315109,FALSE,FALSE,FALSE,ebi-a-GCST002245,21,36389603,0.0167,54162,0.6908,Alzheimer's disease (late onset),TRUE,1.20132e-10,36389603,0.00172196,21,165649,ukb-d-2395_1,Hair/balding pattern: Pattern 1 || id:ukb-d-2395_1,TRUE,reported,igd,2,TRUE
rs28360615,C,G,C,G,-0.0203641,-0.0099,0.155283,0.16004,FALSE,TRUE,FALSE,ebi-a-GCST002245,22,29338656,0.0208,54162,0.6363,Alzheimer's disease (late onset),TRUE,8.4918e-20,29338656,0.00223589,22,165649,ukb-d-2395_1,Hair/balding pattern: Pattern 1 || id:ukb-d-2395_1,TRUE,reported,igd,2,TRUE
rs284273,C,T,C,T,-0.0237275,0.04,0.942844,0.9512922,FALSE,FALSE,FALSE,ebi-a-GCST002245,1,10652977,0.0373,54162,0.2836,Alzheimer's disease (late onset),TRUE,1.61324e-11,10652977,0.00352155,1,165649,ukb-d-2395_1,Hair/balding pattern: Pattern 1 || id:ukb-d-2395_1,TRUE,reported,igd,2,TRUE
rs284298,A,G,A,G,-0.0175964,0.0288,0.170046,0.182903,FALSE,FALSE,FALSE,ebi-a-GCST002245,1,10710255,0.0207,54162,0.1632,Alzheimer's disease (late onset),TRUE,2.35776e-16,10710255,0.00214507,1,165649,ukb-d-2395_1,Hair/balding pattern: Pattern 1 || id:ukb-d-2395_1,TRUE,reported,igd,2,TRUE
rs284651,C,T,C,T,-0.0135691,0.014,0.610203,0.591451,FALSE,FALSE,FALSE,ebi-a-GCST002245,19,41928336,0.0157,54162,0.372,Alzheimer's disease (late onset),TRUE,2.29245e-16,41928336,0.00165345,19,165649,ukb-d-2395_1,Hair/balding pattern: Pattern 1 || id:ukb-d-2395_1,TRUE,reported,igd,2,TRUE
rs28693939,C,A,C,A,0.0173725,-0.0294,0.395399,0.423459,FALSE,FALSE,FALSE,ebi-a-GCST002245,7,19139000,0.0186,54162,0.1149,Alzheimer's disease (late onset),TRUE,1.58453e-24,19139000,0.00169929,7,165649,ukb-d-2395_1,Hair/balding pattern: Pattern 1 || id:ukb-d-2395_1,TRUE,reported,igd,2,TRUE
rs29073,C,A,C,A,0.0147387,-0.0035,0.494365,0.489066,FALSE,FALSE,FALSE,ebi-a-GCST002245,18,9971790,0.016,54162,0.8259,Alzheimer's disease (late onset),TRUE,7.65597e-20,9971790,0.00161624,18,165649,ukb-d-2395_1,Hair/balding pattern: Pattern 1 || id:ukb-d-2395_1,TRUE,reported,igd,2,TRUE
rs311448,T,C,T,C,-0.010647,0.0036,0.452857,0.459245,FALSE,FALSE,FALSE,ebi-a-GCST002245,1,25390827,0.0157,54162,0.8171,Alzheimer's disease (late onset),TRUE,5.71742e-11,25390827,0.00162516,1,165649,ukb-d-2395_1,Hair/balding pattern: Pattern 1 || id:ukb-d-2395_1,TRUE,reported,igd,2,TRUE
rs335172,G,A,G,A,-0.0179595,9e-04,0.750484,0.775348,FALSE,FALSE,FALSE,ebi-a-GCST002245,5,122481271,0.0178,54162,0.9615,Alzheimer's disease (late onset),TRUE,5.60015e-22,122481271,0.00186341,5,165649,ukb-d-2395_1,Hair/balding pattern: Pattern 1 || id:ukb-d-2395_1,TRUE,reported,igd,2,TRUE
rs35201064,G,C,G,C,0.013131,0.0182,0.133228,0.132207,FALSE,TRUE,FALSE,ebi-a-GCST002245,16,49852085,0.0245,54162,0.4583,Alzheimer's disease (late onset),TRUE,3.53818e-08,49852085,0.00238194,16,165649,ukb-d-2395_1,Hair/balding pattern: Pattern 1 || id:ukb-d-2395_1,TRUE,reported,igd,2,TRUE
rs35316276,T,C,T,C,-0.0104362,-0.024,0.274113,0.314115,FALSE,FALSE,FALSE,ebi-a-GCST002245,16,67850700,0.0196,54162,0.2198,Alzheimer's disease (late onset),TRUE,8.49102e-09,67850700,0.00181225,16,165649,ukb-d-2395_1,Hair/balding pattern: Pattern 1 || id:ukb-d-2395_1,TRUE,reported,igd,2,TRUE
rs35558461,A,G,A,G,-0.0144195,0.0217,0.263643,0.282306,FALSE,FALSE,FALSE,ebi-a-GCST002245,5,67193451,0.0217,54162,0.3157,Alzheimer's disease (late onset),TRUE,1.42889e-14,67193451,0.00187401,5,165649,ukb-d-2395_1,Hair/balding pattern: Pattern 1 || id:ukb-d-2395_1,TRUE,reported,igd,2,TRUE
rs35892873,T,C,T,C,0.0143272,0.006,0.311462,0.27833,FALSE,FALSE,FALSE,ebi-a-GCST002245,3,126068948,0.0172,54162,0.7268,Alzheimer's disease (late onset),TRUE,2.75931e-16,126068948,0.00175058,3,165649,ukb-d-2395_1,Hair/balding pattern: Pattern 1 || id:ukb-d-2395_1,TRUE,reported,igd,2,TRUE
rs36010924,G,A,G,A,-0.0183111,0.0044,0.185256,0.228628,FALSE,FALSE,FALSE,ebi-a-GCST002245,1,152088844,0.0205,54162,0.831,Alzheimer's disease (late onset),TRUE,1.12383e-18,152088844,0.00207536,1,165649,ukb-d-2395_1,Hair/balding pattern: Pattern 1 || id:ukb-d-2395_1,TRUE,reported,igd,2,TRUE
rs374656,G,A,G,A,-0.00995039,0.0282,0.373158,0.373757,FALSE,FALSE,FALSE,ebi-a-GCST002245,21,46154672,0.0183,54162,0.1247,Alzheimer's disease (late onset),TRUE,3.24638e-09,46154672,0.00168111,21,165649,ukb-d-2395_1,Hair/balding pattern: Pattern 1 || id:ukb-d-2395_1,TRUE,reported,igd,2,TRUE
rs375703,T,C,T,C,-0.00989476,0.0089,0.601648,0.592445,FALSE,FALSE,FALSE,ebi-a-GCST002245,18,10358523,0.0165,54162,0.5924,Alzheimer's disease (late onset),TRUE,2.07797e-09,10358523,0.00165135,18,165649,ukb-d-2395_1,Hair/balding pattern: Pattern 1 || id:ukb-d-2395_1,TRUE,reported,igd,2,TRUE
rs3781452,T,C,T,C,0.0249941,0.0333,0.632812,0.596421,FALSE,FALSE,FALSE,ebi-a-GCST002245,10,126355129,0.0165,54162,0.04351,Alzheimer's disease (late onset),TRUE,3.47376e-50,126355129,0.00167729,10,165649,ukb-d-2395_1,Hair/balding pattern: Pattern 1 || id:ukb-d-2395_1,TRUE,reported,igd,2,TRUE
rs3808593,A,C,A,C,-0.0173438,0.026,0.158634,0.151093,FALSE,FALSE,FALSE,ebi-a-GCST002245,8,109243959,0.022,54162,0.2377,Alzheimer's disease (late onset),TRUE,4.4157e-15,109243959,0.0022113,8,165649,ukb-d-2395_1,Hair/balding pattern: Pattern 1 || id:ukb-d-2395_1,TRUE,reported,igd,2,TRUE
rs3856551,T,C,T,C,-0.0295754,0.0164,0.147304,0.116302,FALSE,FALSE,FALSE,ebi-a-GCST002245,2,219746115,0.0238,54162,0.4914,Alzheimer's disease (late onset),TRUE,2.11203e-38,219746115,0.00228179,2,165649,ukb-d-2395_1,Hair/balding pattern: Pattern 1 || id:ukb-d-2395_1,TRUE,reported,igd,2,TRUE
rs3856730,T,C,T,C,-0.00982035,0.0063,0.457503,0.459245,FALSE,FALSE,FALSE,ebi-a-GCST002245,3,41355759,0.0156,54162,0.6836,Alzheimer's disease (late onset),TRUE,1.34943e-09,41355759,0.00162005,3,165649,ukb-d-2395_1,Hair/balding pattern: Pattern 1 || id:ukb-d-2395_1,TRUE,reported,igd,2,TRUE
rs4072500,A,G,A,G,-0.0110833,0.0025,0.640955,0.579523,FALSE,FALSE,FALSE,ebi-a-GCST002245,1,219975817,0.0159,54162,0.874,Alzheimer's disease (late onset),TRUE,5.2881e-11,219975817,0.00168875,1,165649,ukb-d-2395_1,Hair/balding pattern: Pattern 1 || id:ukb-d-2395_1,TRUE,reported,igd,2,TRUE
rs4233486,T,C,T,C,-0.0113714,7e-04,0.660585,0.628231,FALSE,FALSE,FALSE,ebi-a-GCST002245,1,41380440,0.0171,54162,0.9681,Alzheimer's disease (late onset),TRUE,3.13545e-11,41380440,0.00171242,1,165649,ukb-d-2395_1,Hair/balding pattern: Pattern 1 || id:ukb-d-2395_1,TRUE,reported,igd,2,TRUE
rs434040,C,T,C,T,0.0109469,0.0166,0.304759,0.357853,FALSE,FALSE,FALSE,ebi-a-GCST002245,19,5984815,0.0176,54162,0.3463,Alzheimer's disease (late onset),TRUE,4.35743e-10,5984815,0.00175402,19,165649,ukb-d-2395_1,Hair/balding pattern: Pattern 1 || id:ukb-d-2395_1,TRUE,reported,igd,2,TRUE
rs4517782,T,C,T,C,-0.0113118,0.0249,0.369711,0.350895,FALSE,FALSE,FALSE,ebi-a-GCST002245,16,85300079,0.0231,54162,0.2822,Alzheimer's disease (late onset),TRUE,4.72716e-11,85300079,0.00171919,16,165649,ukb-d-2395_1,Hair/balding pattern: Pattern 1 || id:ukb-d-2395_1,TRUE,reported,igd,2,TRUE
rs4609116,C,T,C,T,-0.026323,0.0263,0.229284,0.237575,FALSE,FALSE,FALSE,ebi-a-GCST002245,7,46892660,0.0181,54162,0.1467,Alzheimer's disease (late onset),TRUE,1.19647e-42,46892660,0.00192251,7,165649,ukb-d-2395_1,Hair/balding pattern: Pattern 1 || id:ukb-d-2395_1,TRUE,reported,igd,2,TRUE
rs4632173,G,A,G,A,0.0105553,-0.0069,0.514608,0.488072,FALSE,FALSE,FALSE,ebi-a-GCST002245,17,43260783,0.0163,54162,0.6713,Alzheimer's disease (late onset),TRUE,8.93305e-11,43260783,0.0016278,17,165649,ukb-d-2395_1,Hair/balding pattern: Pattern 1 || id:ukb-d-2395_1,TRUE,reported,igd,2,TRUE
rs4682186,T,C,T,C,-0.00927953,0.0235,0.61859,0.605368,FALSE,FALSE,FALSE,ebi-a-GCST002245,3,110302364,0.016,54162,0.1421,Alzheimer's disease (late onset),TRUE,2.63069e-08,110302364,0.00166758,3,165649,ukb-d-2395_1,Hair/balding pattern: Pattern 1 || id:ukb-d-2395_1,TRUE,reported,igd,2,TRUE
rs4760044,A,G,A,G,0.022808,-0.003,0.136808,0.161034,FALSE,FALSE,FALSE,ebi-a-GCST002245,12,130564147,0.0248,54162,0.9027,Alzheimer's disease (late onset),TRUE,7.54918e-22,130564147,0.00237404,12,165649,ukb-d-2395_1,Hair/balding pattern: Pattern 1 || id:ukb-d-2395_1,TRUE,reported,igd,2,TRUE
rs4784464,C,T,C,T,-0.0116139,-0.0055,0.189892,0.206759,FALSE,FALSE,FALSE,ebi-a-GCST002245,16,55073590,0.0197,54162,0.7825,Alzheimer's disease (late onset),TRUE,1.95736e-08,55073590,0.00206799,16,165649,ukb-d-2395_1,Hair/balding pattern: Pattern 1 || id:ukb-d-2395_1,TRUE,reported,igd,2,TRUE
rs4848643,C,T,C,T,-0.0103211,-0.0086,0.507713,0.527833,FALSE,FALSE,FALSE,ebi-a-GCST002245,2,121618625,0.016,54162,0.5902,Alzheimer's disease (late onset),TRUE,2.04989e-10,121618625,0.00162334,2,165649,ukb-d-2395_1,Hair/balding pattern: Pattern 1 || id:ukb-d-2395_1,TRUE,reported,igd,2,TRUE
rs4851243,A,G,A,G,-0.0121502,-0.0207,0.182615,0.188867,FALSE,FALSE,FALSE,ebi-a-GCST002245,2,100639482,0.0202,54162,0.3065,Alzheimer's disease (late onset),TRUE,7.35817e-09,100639482,0.00210109,2,165649,ukb-d-2395_1,Hair/balding pattern: Pattern 1 || id:ukb-d-2395_1,TRUE,reported,igd,2,TRUE
rs4859135,A,T,A,T,-0.0135024,0.0236,0.159539,0.141153,FALSE,TRUE,FALSE,ebi-a-GCST002245,3,182332176,0.0223,54162,0.2896,Alzheimer's disease (late onset),TRUE,1.1125e-09,182332176,0.00221616,3,165649,ukb-d-2395_1,Hair/balding pattern: Pattern 1 || id:ukb-d-2395_1,TRUE,reported,igd,2,TRUE
rs4902632,T,A,T,A,0.0161986,-0.0318,0.822749,0.816103,FALSE,TRUE,FALSE,ebi-a-GCST002245,14,69149428,0.0224,54162,0.1562,Alzheimer's disease (late onset),TRUE,8.34834e-14,69149428,0.00216983,14,165649,ukb-d-2395_1,Hair/balding pattern: Pattern 1 || id:ukb-d-2395_1,TRUE,reported,igd,2,TRUE
rs493786,T,C,T,C,-0.0132485,-0.0086,0.324512,0.308151,FALSE,FALSE,FALSE,ebi-a-GCST002245,11,69329674,0.0163,54162,0.6,Alzheimer's disease (late onset),TRUE,1.77828e-14,69329674,0.00172813,11,165649,ukb-d-2395_1,Hair/balding pattern: Pattern 1 || id:ukb-d-2395_1,TRUE,reported,igd,2,TRUE
rs531897,T,C,T,C,-0.0132647,-0.0083,0.676109,0.67992,FALSE,FALSE,FALSE,ebi-a-GCST002245,11,122013169,0.0167,54162,0.618,Alzheimer's disease (late onset),TRUE,1.68151e-14,122013169,0.00172862,11,165649,ukb-d-2395_1,Hair/balding pattern: Pattern 1 || id:ukb-d-2395_1,TRUE,reported,igd,2,TRUE
rs55807405,G,A,G,A,0.0327641,2e-04,0.519295,0.496024,FALSE,FALSE,FALSE,ebi-a-GCST002245,7,68589284,0.0155,54162,0.9898,Alzheimer's disease (late onset),TRUE,9.40806e-92,68589284,0.00161177,7,165649,ukb-d-2395_1,Hair/balding pattern: Pattern 1 || id:ukb-d-2395_1,TRUE,reported,igd,2,TRUE
rs56350776,G,A,G,A,-0.0465748,0.0452,0.0202077,0.0357853,FALSE,FALSE,FALSE,ebi-a-GCST002245,2,174615192,0.0651,54162,0.4874,Alzheimer's disease (late onset),TRUE,5.76501e-16,174615192,0.00575354,2,165649,ukb-d-2395_1,Hair/balding pattern: Pattern 1 || id:ukb-d-2395_1,TRUE,reported,igd,2,TRUE
rs58347793,G,C,G,C,0.0112961,-0.0101,0.367133,0.349901,FALSE,TRUE,FALSE,ebi-a-GCST002245,3,147868326,0.0168,54162,0.5462,Alzheimer's disease (late onset),TRUE,1.65997e-11,147868326,0.00167756,3,165649,ukb-d-2395_1,Hair/balding pattern: Pattern 1 || id:ukb-d-2395_1,TRUE,reported,igd,2,TRUE
rs6005455,T,C,T,C,-0.0111514,-0.0049,0.371979,0.373757,FALSE,FALSE,FALSE,ebi-a-GCST002245,22,27864890,0.0161,54162,0.7595,Alzheimer's disease (late onset),TRUE,2.66993e-11,27864890,0.00167334,22,165649,ukb-d-2395_1,Hair/balding pattern: Pattern 1 || id:ukb-d-2395_1,TRUE,reported,igd,2,TRUE
rs60112997,T,C,T,C,-0.0174982,-0.0269,0.0715855,0.084493,FALSE,FALSE,FALSE,ebi-a-GCST002245,2,28338264,0.0285,54162,0.3461,Alzheimer's disease (late onset),TRUE,2.71306e-08,28338264,0.00314756,2,165649,ukb-d-2395_1,Hair/balding pattern: Pattern 1 || id:ukb-d-2395_1,TRUE,reported,igd,2,TRUE
rs6025176,C,T,C,T,-0.0164698,0.0065,0.34102,0.340954,FALSE,FALSE,FALSE,ebi-a-GCST002245,20,55390633,0.0233,54162,0.7818,Alzheimer's disease (late onset),TRUE,5.60919e-21,55390633,0.00175241,20,165649,ukb-d-2395_1,Hair/balding pattern: Pattern 1 || id:ukb-d-2395_1,TRUE,reported,igd,2,TRUE
rs6088466,A,G,A,G,0.0117845,0.0237,0.303181,0.33996,FALSE,FALSE,FALSE,ebi-a-GCST002245,20,32913534,0.0166,54162,0.1533,Alzheimer's disease (late onset),TRUE,2.40215e-11,32913534,0.00176423,20,165649,ukb-d-2395_1,Hair/balding pattern: Pattern 1 || id:ukb-d-2395_1,TRUE,reported,igd,2,TRUE
rs62311677,G,A,G,A,-0.0314472,0.0351,0.0571275,0.0497018,FALSE,FALSE,FALSE,ebi-a-GCST002245,4,107555326,0.0346,54162,0.3108,Alzheimer's disease (late onset),TRUE,1.43516e-19,107555326,0.00347455,4,165649,ukb-d-2395_1,Hair/balding pattern: Pattern 1 || id:ukb-d-2395_1,TRUE,reported,igd,2,TRUE
rs6462133,G,A,G,A,-0.0106022,0.0076,0.438502,0.45328,FALSE,FALSE,FALSE,ebi-a-GCST002245,7,29400549,0.0163,54162,0.6411,Alzheimer's disease (late onset),TRUE,8.55855e-11,29400549,0.0016334,7,165649,ukb-d-2395_1,Hair/balding pattern: Pattern 1 || id:ukb-d-2395_1,TRUE,reported,igd,2,TRUE
rs6487749,A,G,A,G,-0.0197525,-9e-04,0.784963,0.803181,FALSE,FALSE,FALSE,ebi-a-GCST002245,12,29189337,0.0186,54162,0.9605,Alzheimer's disease (late onset),TRUE,8.91661e-24,29189337,0.00196455,12,165649,ukb-d-2395_1,Hair/balding pattern: Pattern 1 || id:ukb-d-2395_1,TRUE,reported,igd,2,TRUE
rs67248060,T,C,T,C,-0.0392162,0.004,0.365646,0.375746,FALSE,FALSE,FALSE,ebi-a-GCST002245,7,18899163,0.016,54162,0.8042,Alzheimer's disease (late onset),TRUE,4.22669e-120,18899163,0.00168157,7,165649,ukb-d-2395_1,Hair/balding pattern: Pattern 1 || id:ukb-d-2395_1,TRUE,reported,igd,2,TRUE
rs6732426,T,C,T,C,-0.0133288,0.0044,0.528926,0.510934,FALSE,FALSE,FALSE,ebi-a-GCST002245,2,43587504,0.0155,54162,0.7761,Alzheimer's disease (late onset),TRUE,1.70412e-16,43587504,0.00161715,2,165649,ukb-d-2395_1,Hair/balding pattern: Pattern 1 || id:ukb-d-2395_1,TRUE,reported,igd,2,TRUE
rs6752754,G,A,G,A,0.0236498,-0.0135,0.158122,0.142147,FALSE,FALSE,FALSE,ebi-a-GCST002245,2,6569566,0.0231,54162,0.5587,Alzheimer's disease (late onset),TRUE,2.38671e-26,6569566,0.00222638,2,165649,ukb-d-2395_1,Hair/balding pattern: Pattern 1 || id:ukb-d-2395_1,TRUE,reported,igd,2,TRUE
rs68088846,A,G,A,G,-0.0260327,-0.0091,0.207134,0.191849,FALSE,FALSE,FALSE,ebi-a-GCST002245,21,36208167,0.0205,54162,0.6578,Alzheimer's disease (late onset),TRUE,3.78181e-39,36208167,0.00198831,21,165649,ukb-d-2395_1,Hair/balding pattern: Pattern 1 || id:ukb-d-2395_1,TRUE,reported,igd,2,TRUE
rs6866204,A,G,A,G,0.0118139,0.0065,0.313976,0.296223,FALSE,FALSE,FALSE,ebi-a-GCST002245,5,171853158,0.0175,54162,0.7082,Alzheimer's disease (late onset),TRUE,1.09194e-11,171853158,0.0017388,5,165649,ukb-d-2395_1,Hair/balding pattern: Pattern 1 || id:ukb-d-2395_1,TRUE,reported,igd,2,TRUE
rs6918614,T,C,T,C,-0.0328798,0.0219,0.0314481,0.0377734,FALSE,FALSE,FALSE,ebi-a-GCST002245,6,105982860,0.0497,54162,0.6601,Alzheimer's disease (late onset),TRUE,4.03552e-12,105982860,0.00474014,6,165649,ukb-d-2395_1,Hair/balding pattern: Pattern 1 || id:ukb-d-2395_1,TRUE,reported,igd,2,TRUE
rs6935891,G,A,G,A,0.0174998,-2e-04,0.150087,0.152087,FALSE,FALSE,FALSE,ebi-a-GCST002245,6,21921476,0.0223,54162,0.9917,Alzheimer's disease (late onset),TRUE,1.12642e-14,21921476,0.0022654,6,165649,ukb-d-2395_1,Hair/balding pattern: Pattern 1 || id:ukb-d-2395_1,TRUE,reported,igd,2,TRUE
rs6965362,A,G,A,G,-0.010351,-0.0056,0.438646,0.434394,FALSE,FALSE,FALSE,ebi-a-GCST002245,7,140224656,0.0156,54162,0.7217,Alzheimer's disease (late onset),TRUE,2.53571e-10,140224656,0.00163648,7,165649,ukb-d-2395_1,Hair/balding pattern: Pattern 1 || id:ukb-d-2395_1,TRUE,reported,igd,2,TRUE
rs704285,T,C,T,C,0.0111705,0.0115,0.494898,0.462227,FALSE,FALSE,FALSE,ebi-a-GCST002245,3,71720566,0.0169,54162,0.4964,Alzheimer's disease (late onset),TRUE,2.93765e-11,71720566,0.00167974,3,165649,ukb-d-2395_1,Hair/balding pattern: Pattern 1 || id:ukb-d-2395_1,TRUE,reported,igd,2,TRUE
rs71378512,A,G,A,G,0.0247334,-0.1018,0.0479589,0.0596421,FALSE,FALSE,FALSE,ebi-a-GCST002245,16,410178,0.0644,54162,0.1139,Alzheimer's disease (late onset),TRUE,3.47768e-09,410178,0.00418669,16,165649,ukb-d-2395_1,Hair/balding pattern: Pattern 1 || id:ukb-d-2395_1,TRUE,reported,igd,2,TRUE
rs71421546,A,C,A,C,-0.0469406,0.0612,0.0454621,0.0387674,FALSE,FALSE,FALSE,ebi-a-GCST002245,2,176991857,0.0655,54162,0.3507,Alzheimer's disease (late onset),TRUE,1.99526e-32,176991857,0.00395827,2,165649,ukb-d-2395_1,Hair/balding pattern: Pattern 1 || id:ukb-d-2395_1,TRUE,reported,igd,2,TRUE
rs7173461,C,G,C,G,0.0113296,0.0064,0.365293,0.32008,FALSE,TRUE,FALSE,ebi-a-GCST002245,15,61010995,0.0171,54162,0.7089,Alzheimer's disease (late onset),TRUE,1.65044e-11,61010995,0.00168233,15,165649,ukb-d-2395_1,Hair/balding pattern: Pattern 1 || id:ukb-d-2395_1,TRUE,reported,igd,2,TRUE
rs7224296,A,G,A,G,-0.0329876,0.0257,0.728797,0.697813,FALSE,FALSE,FALSE,ebi-a-GCST002245,17,44800046,0.0175,54162,0.1418,Alzheimer's disease (late onset),TRUE,1.1695e-73,44800046,0.00181608,17,165649,ukb-d-2395_1,Hair/balding pattern: Pattern 1 || id:ukb-d-2395_1,TRUE,reported,igd,2,TRUE
rs72674765,G,A,G,A,-0.0108496,-0.0338,0.220612,0.235586,FALSE,FALSE,FALSE,ebi-a-GCST002245,4,125109981,0.0183,54162,0.0639,Alzheimer's disease (late onset),TRUE,2.63475e-08,125109981,0.00194983,4,165649,ukb-d-2395_1,Hair/balding pattern: Pattern 1 || id:ukb-d-2395_1,TRUE,reported,igd,2,TRUE
rs72681875,G,A,G,A,0.0265323,-0.0047,0.0467156,0.0367793,FALSE,FALSE,FALSE,ebi-a-GCST002245,8,117074659,0.0602,54162,0.9375,Alzheimer's disease (late onset),TRUE,6.0062e-12,117074659,0.00385644,8,165649,ukb-d-2395_1,Hair/balding pattern: Pattern 1 || id:ukb-d-2395_1,TRUE,reported,igd,2,TRUE
rs72748085,T,A,T,A,0.0143324,0.0136,0.174139,0.185885,FALSE,TRUE,FALSE,ebi-a-GCST002245,5,44507248,0.0362,54162,0.7073,Alzheimer's disease (late onset),TRUE,2.71144e-11,44507248,0.0021514,5,165649,ukb-d-2395_1,Hair/balding pattern: Pattern 1 || id:ukb-d-2395_1,TRUE,reported,igd,2,TRUE
rs72809177,T,A,T,A,-0.0271989,0.0239,0.0505462,0.0467197,FALSE,TRUE,FALSE,ebi-a-GCST002245,17,12460291,0.0359,54162,0.5053,Alzheimer's disease (late onset),TRUE,1.9893e-13,12460291,0.00370047,17,165649,ukb-d-2395_1,Hair/balding pattern: Pattern 1 || id:ukb-d-2395_1,TRUE,reported,igd,2,TRUE
rs72936629,T,C,T,C,-0.0137754,-0.0037,0.196411,0.230616,FALSE,FALSE,FALSE,ebi-a-GCST002245,2,202918232,0.0197,54162,0.8523,Alzheimer's disease (late onset),TRUE,1.43747e-11,202918232,0.00203943,2,165649,ukb-d-2395_1,Hair/balding pattern: Pattern 1 || id:ukb-d-2395_1,TRUE,reported,igd,2,TRUE
rs73168962,G,T,G,T,-0.0279763,-0.0162,0.283743,0.267396,FALSE,FALSE,FALSE,ebi-a-GCST002245,3,151656536,0.017,54162,0.3403,Alzheimer's disease (late onset),TRUE,1.46251e-54,151656536,0.00179784,3,165649,ukb-d-2395_1,Hair/balding pattern: Pattern 1 || id:ukb-d-2395_1,TRUE,reported,igd,2,TRUE
rs73667301,G,A,G,A,-0.0278883,-0.0089,0.0608451,0.0745527,FALSE,FALSE,FALSE,ebi-a-GCST002245,9,109628051,0.0325,54162,0.7839,Alzheimer's disease (late onset),TRUE,1.76685e-16,109628051,0.00338542,9,165649,ukb-d-2395_1,Hair/balding pattern: Pattern 1 || id:ukb-d-2395_1,TRUE,reported,igd,2,TRUE
rs742013,C,T,C,T,0.0133293,-0.0105,0.256509,0.275348,FALSE,FALSE,FALSE,ebi-a-GCST002245,22,45725392,0.0178,54162,0.5575,Alzheimer's disease (late onset),TRUE,5.15822e-13,45725392,0.00184574,22,165649,ukb-d-2395_1,Hair/balding pattern: Pattern 1 || id:ukb-d-2395_1,TRUE,reported,igd,2,TRUE
rs7424157,T,A,T,A,0.018135,-0.0044,0.164868,0.153082,FALSE,TRUE,FALSE,ebi-a-GCST002245,2,42210216,0.0243,54162,0.8573,Alzheimer's disease (late onset),TRUE,1.05099e-16,42210216,0.002185,2,165649,ukb-d-2395_1,Hair/balding pattern: Pattern 1 || id:ukb-d-2395_1,TRUE,reported,igd,2,TRUE
rs74567345,C,T,C,T,0.0202603,0.0381,0.0518198,0.0377734,FALSE,FALSE,FALSE,ebi-a-GCST002245,5,102301358,0.0741,54162,0.6067,Alzheimer's disease (late onset),TRUE,4.9931e-08,102301358,0.00371625,5,165649,ukb-d-2395_1,Hair/balding pattern: Pattern 1 || id:ukb-d-2395_1,TRUE,reported,igd,2,TRUE
rs74760230,A,G,A,G,0.0197408,-0.0117,0.0915995,0.083499,FALSE,FALSE,FALSE,ebi-a-GCST002245,8,129749246,0.0269,54162,0.6649,Alzheimer's disease (late onset),TRUE,1.7362e-12,129749246,0.00279825,8,165649,ukb-d-2395_1,Hair/balding pattern: Pattern 1 || id:ukb-d-2395_1,TRUE,reported,igd,2,TRUE
rs7542053,A,G,A,G,0.0444177,0.0307,0.219201,0.236581,FALSE,FALSE,FALSE,ebi-a-GCST002245,1,11040069,0.0193,54162,0.111,Alzheimer's disease (late onset),TRUE,1.67494e-114,11040069,0.00195148,1,165649,ukb-d-2395_1,Hair/balding pattern: Pattern 1 || id:ukb-d-2395_1,TRUE,reported,igd,2,TRUE
rs7577014,G,A,G,A,0.00997021,0.0296,0.705223,0.705765,FALSE,FALSE,FALSE,ebi-a-GCST002245,2,60779840,0.018,54162,0.0993,Alzheimer's disease (late onset),TRUE,2.26261e-08,60779840,0.0017833,2,165649,ukb-d-2395_1,Hair/balding pattern: Pattern 1 || id:ukb-d-2395_1,TRUE,reported,igd,2,TRUE
rs7589579,A,G,A,G,0.0189612,-0.0198,0.0898728,0.102386,FALSE,FALSE,FALSE,ebi-a-GCST002245,2,31890237,0.0254,54162,0.4358,Alzheimer's disease (late onset),TRUE,2.09604e-11,31890237,0.00283018,2,165649,ukb-d-2395_1,Hair/balding pattern: Pattern 1 || id:ukb-d-2395_1,TRUE,reported,igd,2,TRUE
rs76164690,G,T,G,T,0.0227674,0.0459,0.143889,0.12326,FALSE,FALSE,FALSE,ebi-a-GCST002245,10,32590362,0.023,54162,0.04535,Alzheimer's disease (late onset),TRUE,4.37421e-23,32590362,0.00230055,10,165649,ukb-d-2395_1,Hair/balding pattern: Pattern 1 || id:ukb-d-2395_1,TRUE,reported,igd,2,TRUE
rs7623058,T,C,T,C,0.00908249,-0.022,0.572074,0.532803,FALSE,FALSE,FALSE,ebi-a-GCST002245,3,138954012,0.0171,54162,0.1979,Alzheimer's disease (late onset),TRUE,3.14029e-08,138954012,0.00164131,3,165649,ukb-d-2395_1,Hair/balding pattern: Pattern 1 || id:ukb-d-2395_1,TRUE,reported,igd,2,TRUE
rs7642536,C,T,C,T,-0.0369851,-0.0225,0.140814,0.137177,FALSE,FALSE,FALSE,ebi-a-GCST002245,3,139032333,0.0257,54162,0.3829,Alzheimer's disease (late onset),TRUE,2.80737e-54,139032333,0.00238318,3,165649,ukb-d-2395_1,Hair/balding pattern: Pattern 1 || id:ukb-d-2395_1,TRUE,reported,igd,2,TRUE
rs76471152,C,T,C,T,0.0123128,0.0274,0.194624,0.183897,FALSE,FALSE,FALSE,ebi-a-GCST002245,13,36305022,0.0197,54162,0.1631,Alzheimer's disease (late onset),TRUE,1.55988e-09,36305022,0.00203909,13,165649,ukb-d-2395_1,Hair/balding pattern: Pattern 1 || id:ukb-d-2395_1,TRUE,reported,igd,2,TRUE
rs7650602,C,T,C,T,0.0132593,-0.0223,0.452259,0.423459,FALSE,FALSE,FALSE,ebi-a-GCST002245,3,141147414,0.0164,54162,0.1719,Alzheimer's disease (late onset),TRUE,4.13238e-16,141147414,0.00162982,3,165649,ukb-d-2395_1,Hair/balding pattern: Pattern 1 || id:ukb-d-2395_1,TRUE,reported,igd,2,TRUE
rs76536316,T,C,T,C,-0.0171046,0.0294,0.122485,0.121272,FALSE,FALSE,FALSE,ebi-a-GCST002245,2,174276685,0.0442,54162,0.5059,Alzheimer's disease (late onset),TRUE,3.79402e-12,174276685,0.00246281,2,165649,ukb-d-2395_1,Hair/balding pattern: Pattern 1 || id:ukb-d-2395_1,TRUE,reported,igd,2,TRUE
rs77177529,T,C,T,C,0.0449741,-0.0199,0.105556,0.130219,FALSE,FALSE,FALSE,ebi-a-GCST002245,2,223070676,0.0254,54162,0.4334,Alzheimer's disease (late onset),TRUE,1.03633e-64,223070676,0.0026465,2,165649,ukb-d-2395_1,Hair/balding pattern: Pattern 1 || id:ukb-d-2395_1,TRUE,reported,igd,2,TRUE
rs7737500,C,G,C,G,0.0392686,0.0135,0.386867,0.366799,FALSE,TRUE,FALSE,ebi-a-GCST002245,5,158317804,0.0157,54162,0.3914,Alzheimer's disease (late onset),TRUE,2.35505e-124,158317804,0.00165424,5,165649,ukb-d-2395_1,Hair/balding pattern: Pattern 1 || id:ukb-d-2395_1,TRUE,reported,igd,2,TRUE
rs7743373,A,G,A,G,-0.0116653,-0.0224,0.22121,0.23161,FALSE,FALSE,FALSE,ebi-a-GCST002245,6,85773426,0.0191,54162,0.2414,Alzheimer's disease (late onset),TRUE,3.51342e-09,85773426,0.00197518,6,165649,ukb-d-2395_1,Hair/balding pattern: Pattern 1 || id:ukb-d-2395_1,TRUE,reported,igd,2,TRUE
rs7772706,G,T,G,T,-0.0145407,-0.0252,0.114456,0.110338,FALSE,FALSE,FALSE,ebi-a-GCST002245,6,106601936,0.0254,54162,0.3209,Alzheimer's disease (late onset),TRUE,1.04669e-08,106601936,0.00254063,6,165649,ukb-d-2395_1,Hair/balding pattern: Pattern 1 || id:ukb-d-2395_1,TRUE,reported,igd,2,TRUE
rs7779253,G,A,G,A,0.0212691,0.0234,0.0663569,0.0526839,FALSE,FALSE,FALSE,ebi-a-GCST002245,7,85085333,0.0317,54162,0.4603,Alzheimer's disease (late onset),TRUE,5.58727e-11,85085333,0.0032448,7,165649,ukb-d-2395_1,Hair/balding pattern: Pattern 1 || id:ukb-d-2395_1,TRUE,reported,igd,2,TRUE
rs78057054,T,C,T,C,0.0158687,-0.031,0.105598,0.0974155,FALSE,FALSE,FALSE,ebi-a-GCST002245,17,75905781,0.0274,54162,0.257,Alzheimer's disease (late onset),TRUE,1.58767e-09,75905781,0.0026292,17,165649,ukb-d-2395_1,Hair/balding pattern: Pattern 1 || id:ukb-d-2395_1,TRUE,reported,igd,2,TRUE
rs7905367,C,G,C,G,0.0115417,0.0223,0.797466,0.770378,FALSE,TRUE,FALSE,ebi-a-GCST002245,10,54334653,0.0249,54162,0.3689,Alzheimer's disease (late onset),TRUE,8.73856e-09,54334653,0.00200591,10,165649,ukb-d-2395_1,Hair/balding pattern: Pattern 1 || id:ukb-d-2395_1,TRUE,reported,igd,2,TRUE
rs79670895,C,A,C,A,0.0153363,0.0323,0.0956844,0.0934394,FALSE,FALSE,FALSE,ebi-a-GCST002245,4,145491902,0.0278,54162,0.2456,Alzheimer's disease (late onset),TRUE,2.33701e-08,145491902,0.00274584,4,165649,ukb-d-2395_1,Hair/balding pattern: Pattern 1 || id:ukb-d-2395_1,TRUE,reported,igd,2,TRUE
rs833270,C,T,C,T,0.0113523,0.0087,0.6126,0.661034,FALSE,FALSE,FALSE,ebi-a-GCST002245,3,181520166,0.025,54162,0.7283,Alzheimer's disease (late onset),TRUE,7.2144e-12,181520166,0.00165634,3,165649,ukb-d-2395_1,Hair/balding pattern: Pattern 1 || id:ukb-d-2395_1,TRUE,reported,igd,2,TRUE
rs855250,C,A,C,A,-0.0291098,-0.0162,0.147979,0.162028,FALSE,FALSE,FALSE,ebi-a-GCST002245,6,9608887,0.021,54162,0.4405,Alzheimer's disease (late onset),TRUE,2.76312e-37,9608887,0.00228087,6,165649,ukb-d-2395_1,Hair/balding pattern: Pattern 1 || id:ukb-d-2395_1,TRUE,reported,igd,2,TRUE
rs9300169,G,A,G,A,0.0222788,0.0148,0.736174,0.767396,FALSE,FALSE,FALSE,ebi-a-GCST002245,12,26426671,0.0177,54162,0.4024,Alzheimer's disease (late onset),TRUE,5.87625e-34,26426671,0.00183353,12,165649,ukb-d-2395_1,Hair/balding pattern: Pattern 1 || id:ukb-d-2395_1,TRUE,reported,igd,2,TRUE
rs9373794,G,A,G,A,-0.0134342,0.0012,0.423594,0.467197,FALSE,FALSE,FALSE,ebi-a-GCST002245,6,106043635,0.0158,54162,0.939,Alzheimer's disease (late onset),TRUE,2.14388e-16,106043635,0.0016354,6,165649,ukb-d-2395_1,Hair/balding pattern: Pattern 1 || id:ukb-d-2395_1,TRUE,reported,igd,2,TRUE
rs9391997,G,A,G,A,-0.013711,-0.0126,0.530518,0.475149,FALSE,FALSE,FALSE,ebi-a-GCST002245,6,409119,0.0157,54162,0.4232,Alzheimer's disease (late onset),TRUE,2.99364e-17,409119,0.00162304,6,165649,ukb-d-2395_1,Hair/balding pattern: Pattern 1 || id:ukb-d-2395_1,TRUE,reported,igd,2,TRUE
rs9491653,G,A,G,A,0.0181888,-0.0119,0.492393,0.484095,FALSE,FALSE,FALSE,ebi-a-GCST002245,6,126943630,0.0154,54162,0.4373,Alzheimer's disease (late onset),TRUE,2.0347e-29,126943630,0.00161484,6,165649,ukb-d-2395_1,Hair/balding pattern: Pattern 1 || id:ukb-d-2395_1,TRUE,reported,igd,2,TRUE
rs9791848,A,G,A,G,0.0246625,0.0381,0.274519,0.276342,FALSE,FALSE,FALSE,ebi-a-GCST002245,7,68890056,0.0188,54162,0.0425,Alzheimer's disease (late onset),TRUE,5.595e-42,68890056,0.00181618,7,165649,ukb-d-2395_1,Hair/balding pattern: Pattern 1 || id:ukb-d-2395_1,TRUE,reported,igd,2,TRUE
rs9838703,T,C,T,C,-0.00943648,-0.0066,0.388676,0.377734,FALSE,FALSE,FALSE,ebi-a-GCST002245,3,107427969,0.0167,54162,0.6912,Alzheimer's disease (late onset),TRUE,1.30942e-08,107427969,0.00165986,3,165649,ukb-d-2395_1,Hair/balding pattern: Pattern 1 || id:ukb-d-2395_1,TRUE,reported,igd,2,TRUE
rs998245,T,C,T,C,0.0183808,-0.0748,0.151995,0.134195,FALSE,FALSE,FALSE,ebi-a-GCST002245,8,117239874,0.0433,54162,0.08427,Alzheimer's disease (late onset),TRUE,2.00447e-15,117239874,0.00231443,8,165649,ukb-d-2395_1,Hair/balding pattern: Pattern 1 || id:ukb-d-2395_1,TRUE,reported,igd,2,TRUE
