SNP,effect_allele.exposure,other_allele.exposure,effect_allele.outcome,other_allele.outcome,beta.exposure,beta.outcome,eaf.exposure,eaf.outcome,remove,palindromic,ambiguous,id.outcome,chr,pos,se.outcome,samplesize.outcome,pval.outcome,outcome,mr_keep.outcome,pos.exposure,se.exposure,chr.exposure,pval.exposure,samplesize.exposure,id.exposure,exposure,mr_keep.exposure,pval_origin.exposure,data_source.exposure,action,mr_keep
rs1405212,C,T,C,T,-0.00357357,0.0158,0.628091,0.643141,FALSE,FALSE,FALSE,ebi-a-GCST002245,6,117490664,0.0165,54162,0.3388,Alzheimer's disease (late onset),TRUE,117490664,0.000623244,6,9.82698e-09,361194,ukb-d-K11_HERNIA,Hernia || id:ukb-d-K11_HERNIA,TRUE,reported,igd,2,TRUE
rs148696809,C,T,C,T,-0.00509828,-0.0114,0.120847,0.0695825,FALSE,FALSE,FALSE,ebi-a-GCST002245,6,28934352,0.0318,54162,0.7206,Alzheimer's disease (late onset),TRUE,28934352,0.000923918,6,3.42894e-08,361194,ukb-d-K11_HERNIA,Hernia || id:ukb-d-K11_HERNIA,TRUE,reported,igd,2,TRUE
rs2820441,C,A,C,A,0.00613407,0.0415,0.31878,0.307157,FALSE,FALSE,FALSE,ebi-a-GCST002245,1,219734960,0.0169,54162,0.01432,Alzheimer's disease (late onset),TRUE,219734960,0.00064568,1,2.10766e-21,361194,ukb-d-K11_HERNIA,Hernia || id:ukb-d-K11_HERNIA,TRUE,reported,igd,2,TRUE
rs370763,A,T,A,T,0.00432291,-0.0273,0.668054,0.637177,FALSE,TRUE,FALSE,ebi-a-GCST002245,5,64355060,0.0168,54162,0.1049,Alzheimer's disease (late onset),TRUE,64355060,0.000639926,5,1.42725e-11,361194,ukb-d-K11_HERNIA,Hernia || id:ukb-d-K11_HERNIA,TRUE,reported,igd,2,TRUE
rs3791679,G,A,G,A,-0.00722763,-0.0024,0.225641,0.228628,FALSE,FALSE,FALSE,ebi-a-GCST002245,2,56096892,0.0179,54162,0.8913,Alzheimer's disease (late onset),TRUE,56096892,0.000720005,2,1.04184e-23,361194,ukb-d-K11_HERNIA,Hernia || id:ukb-d-K11_HERNIA,TRUE,reported,igd,2,TRUE
rs3809060,T,G,T,G,-0.00651884,-0.0215,0.374698,0.354871,FALSE,FALSE,FALSE,ebi-a-GCST002245,11,32458807,0.017,54162,0.2056,Alzheimer's disease (late onset),TRUE,32458807,0.000623757,11,1.46319e-25,361194,ukb-d-K11_HERNIA,Hernia || id:ukb-d-K11_HERNIA,TRUE,reported,igd,2,TRUE
rs4131259,C,A,C,A,0.00489963,-0.0152,0.404026,0.445328,FALSE,FALSE,FALSE,ebi-a-GCST002245,8,25732963,0.0158,54162,0.336,Alzheimer's disease (late onset),TRUE,25732963,0.000617221,8,2.05731e-15,361194,ukb-d-K11_HERNIA,Hernia || id:ukb-d-K11_HERNIA,TRUE,reported,igd,2,TRUE
rs4238714,C,T,C,T,0.00349194,-0.0056,0.415533,0.427435,FALSE,FALSE,FALSE,ebi-a-GCST002245,16,84856552,0.0158,54162,0.7221,Alzheimer's disease (late onset),TRUE,84856552,0.000612638,16,1.20011e-08,361194,ukb-d-K11_HERNIA,Hernia || id:ukb-d-K11_HERNIA,TRUE,reported,igd,2,TRUE
rs4528997,C,T,C,T,0.00344804,0.0054,0.577206,0.562624,FALSE,FALSE,FALSE,ebi-a-GCST002245,4,4915211,0.0161,54162,0.7355,Alzheimer's disease (late onset),TRUE,4915211,0.000609876,4,1.57174e-08,361194,ukb-d-K11_HERNIA,Hernia || id:ukb-d-K11_HERNIA,TRUE,reported,igd,2,TRUE
rs6841699,C,T,C,T,0.00376245,0.0104,0.384663,0.39165,FALSE,FALSE,FALSE,ebi-a-GCST002245,4,174591579,0.0166,54162,0.5332,Alzheimer's disease (late onset),TRUE,174591579,0.000617981,4,1.14235e-09,361194,ukb-d-K11_HERNIA,Hernia || id:ukb-d-K11_HERNIA,TRUE,reported,igd,2,TRUE
rs6917403,G,A,G,A,-0.00485975,0.0065,0.575838,0.562624,FALSE,FALSE,FALSE,ebi-a-GCST002245,6,143653287,0.0156,54162,0.675,Alzheimer's disease (late onset),TRUE,143653287,0.000611748,6,1.96291e-15,361194,ukb-d-K11_HERNIA,Hernia || id:ukb-d-K11_HERNIA,TRUE,reported,igd,2,TRUE
rs7597332,G,A,G,A,-0.00397175,-0.0052,0.4277,0.404573,FALSE,FALSE,FALSE,ebi-a-GCST002245,2,25075675,0.0159,54162,0.7431,Alzheimer's disease (late onset),TRUE,25075675,0.000610527,2,7.75711e-11,361194,ukb-d-K11_HERNIA,Hernia || id:ukb-d-K11_HERNIA,TRUE,reported,igd,2,TRUE
rs77689666,G,A,G,A,0.00713356,-0.0043,0.0617683,0.0516899,FALSE,FALSE,FALSE,ebi-a-GCST002245,7,73434287,0.0392,54162,0.913,Alzheimer's disease (late onset),TRUE,73434287,0.00125559,7,1.33681e-08,361194,ukb-d-K11_HERNIA,Hernia || id:ukb-d-K11_HERNIA,TRUE,reported,igd,2,TRUE
