SNP,effect_allele.exposure,other_allele.exposure,effect_allele.outcome,other_allele.outcome,beta.exposure,beta.outcome,eaf.exposure,eaf.outcome,remove,palindromic,ambiguous,id.outcome,chr,pos,se.outcome,samplesize.outcome,pval.outcome,outcome,mr_keep.outcome,pos.exposure,se.exposure,samplesize.exposure,chr.exposure,pval.exposure,id.exposure,exposure,mr_keep.exposure,pval_origin.exposure,data_source.exposure,action,mr_keep
rs10027182,A,G,A,G,0.12322,0.0287,0.74429,0.727634,FALSE,FALSE,FALSE,ebi-a-GCST002245,4,148981406,0.0176,54162,0.1034,Alzheimer's disease (late onset),TRUE,148981406,0.015116,342439,4,3.60496e-16,ukb-d-30770_raw,IGF-1 || id:ukb-d-30770_raw,TRUE,reported,igd,2,TRUE
rs10107182,T,C,T,C,-0.13766,-0.009,0.66469,0.632207,FALSE,FALSE,FALSE,ebi-a-GCST002245,8,59392737,0.0168,54162,0.5921,Alzheimer's disease (late onset),TRUE,59392737,0.013947,342439,8,5.62471e-23,ukb-d-30770_raw,IGF-1 || id:ukb-d-30770_raw,TRUE,reported,igd,2,TRUE
rs10142298,T,C,T,C,0.11317,-0.0338,0.68804,0.71173,FALSE,FALSE,FALSE,ebi-a-GCST002245,14,93909792,0.0166,54162,0.04225,Alzheimer's disease (late onset),TRUE,93909792,0.014241,342439,14,1.92044e-15,ukb-d-30770_raw,IGF-1 || id:ukb-d-30770_raw,TRUE,reported,igd,2,TRUE
rs10171272,A,C,A,C,0.19279,0.0106,0.30513,0.270378,FALSE,FALSE,FALSE,ebi-a-GCST002245,2,25946636,0.0176,54162,0.5494,Alzheimer's disease (late onset),TRUE,25946636,0.014364,342439,2,4.61955e-41,ukb-d-30770_raw,IGF-1 || id:ukb-d-30770_raw,TRUE,reported,igd,2,TRUE
rs10221244,A,G,A,G,0.085637,0.003,0.65316,0.65507,FALSE,FALSE,FALSE,ebi-a-GCST002245,17,73785718,0.0166,54162,0.8573,Alzheimer's disease (late onset),TRUE,73785718,0.013838,342439,17,6.08331e-10,ukb-d-30770_raw,IGF-1 || id:ukb-d-30770_raw,TRUE,reported,igd,2,TRUE
rs10246481,G,A,G,A,0.077429,-0.0056,0.38567,0.43837,FALSE,FALSE,FALSE,ebi-a-GCST002245,7,156184748,0.0173,54162,0.747,Alzheimer's disease (late onset),TRUE,156184748,0.013575,342439,7,1.1722e-08,ukb-d-30770_raw,IGF-1 || id:ukb-d-30770_raw,TRUE,reported,igd,2,TRUE
rs1039481,A,G,A,G,-0.22809,-0.0028,0.73953,0.748509,FALSE,FALSE,FALSE,ebi-a-GCST002245,11,48182237,0.0184,54162,0.877,Alzheimer's disease (late onset),TRUE,48182237,0.015021,342439,11,4.6957e-52,ukb-d-30770_raw,IGF-1 || id:ukb-d-30770_raw,TRUE,reported,igd,2,TRUE
rs10425975,A,G,A,G,-0.13197,-0.0147,0.83466,0.83996,FALSE,FALSE,FALSE,ebi-a-GCST002245,19,48384635,0.0209,54162,0.4813,Alzheimer's disease (late onset),TRUE,48384635,0.017715,342439,19,9.36699e-14,ukb-d-30770_raw,IGF-1 || id:ukb-d-30770_raw,TRUE,reported,igd,2,TRUE
rs10485614,C,A,C,A,-0.2201,0.0153,0.077311,0.0755467,FALSE,FALSE,FALSE,ebi-a-GCST002245,20,49133280,0.0286,54162,0.594,Alzheimer's disease (late onset),TRUE,49133280,0.024675,342439,20,4.68382e-19,ukb-d-30770_raw,IGF-1 || id:ukb-d-30770_raw,TRUE,reported,igd,2,TRUE
rs10490051,C,T,C,T,0.088741,0.0366,0.30688,0.294235,FALSE,FALSE,FALSE,ebi-a-GCST002245,2,40571426,0.0173,54162,0.03473,Alzheimer's disease (late onset),TRUE,40571426,0.014353,342439,2,6.30347e-10,ukb-d-30770_raw,IGF-1 || id:ukb-d-30770_raw,TRUE,reported,igd,2,TRUE
rs10498238,T,C,T,C,0.1743,0.0268,0.075657,0.0755467,FALSE,FALSE,FALSE,ebi-a-GCST002245,2,230166564,0.0307,54162,0.382,Alzheimer's disease (late onset),TRUE,230166564,0.02486,342439,2,2.3681e-12,ukb-d-30770_raw,IGF-1 || id:ukb-d-30770_raw,TRUE,reported,igd,2,TRUE
rs10506155,A,G,A,G,-0.078659,0.0023,0.3339,0.359841,FALSE,FALSE,FALSE,ebi-a-GCST002245,12,40735939,0.0162,54162,0.8865,Alzheimer's disease (late onset),TRUE,40735939,0.01395,342439,12,1.7168e-08,ukb-d-30770_raw,IGF-1 || id:ukb-d-30770_raw,TRUE,reported,igd,2,TRUE
rs1061638,G,A,G,A,0.095039,0.0085,0.68623,0.666004,FALSE,FALSE,FALSE,ebi-a-GCST002245,14,77928525,0.0165,54162,0.6074,Alzheimer's disease (late onset),TRUE,77928525,0.014239,342439,14,2.48428e-11,ukb-d-30770_raw,IGF-1 || id:ukb-d-30770_raw,TRUE,reported,igd,2,TRUE
rs1065656,G,C,G,C,0.28469,-0.0029,0.69715,0.675944,FALSE,TRUE,FALSE,ebi-a-GCST002245,16,1838836,0.0174,54162,0.8673,Alzheimer's disease (late onset),TRUE,1838836,0.014324,342439,16,7.52489e-88,ukb-d-30770_raw,IGF-1 || id:ukb-d-30770_raw,TRUE,reported,igd,2,TRUE
rs10757291,A,G,A,G,-0.10666,0.0177,0.53196,0.525845,FALSE,FALSE,FALSE,ebi-a-GCST002245,9,22161884,0.0156,54162,0.2579,Alzheimer's disease (late onset),TRUE,22161884,0.01325,342439,9,8.34065e-16,ukb-d-30770_raw,IGF-1 || id:ukb-d-30770_raw,TRUE,reported,igd,2,TRUE
rs10807334,A,G,A,G,0.070774,-0.0011,0.52412,0.533797,FALSE,FALSE,FALSE,ebi-a-GCST002245,6,46071116,0.0155,54162,0.9438,Alzheimer's disease (late onset),TRUE,46071116,0.013189,342439,6,8.05768e-08,ukb-d-30770_raw,IGF-1 || id:ukb-d-30770_raw,TRUE,reported,igd,2,TRUE
rs10821721,T,A,T,A,0.089348,0.0207,0.6049,0.605368,FALSE,TRUE,FALSE,ebi-a-GCST002245,10,62080128,0.0158,54162,0.1917,Alzheimer's disease (late onset),TRUE,62080128,0.013486,342439,10,3.47456e-11,ukb-d-30770_raw,IGF-1 || id:ukb-d-30770_raw,TRUE,reported,igd,2,TRUE
rs10859577,A,G,A,G,0.090143,-0.0135,0.51396,0.500994,FALSE,FALSE,FALSE,ebi-a-GCST002245,12,94175049,0.0156,54162,0.3867,Alzheimer's disease (late onset),TRUE,94175049,0.013214,342439,12,9.01986e-12,ukb-d-30770_raw,IGF-1 || id:ukb-d-30770_raw,TRUE,reported,igd,2,TRUE
rs10869022,C,T,C,T,0.11152,-0.0263,0.79802,0.789264,FALSE,FALSE,FALSE,ebi-a-GCST002245,9,74057313,0.0197,54162,0.1807,Alzheimer's disease (late onset),TRUE,74057313,0.01658,342439,9,1.74261e-11,ukb-d-30770_raw,IGF-1 || id:ukb-d-30770_raw,TRUE,reported,igd,2,TRUE
rs10892563,C,T,C,T,0.091185,0.0188,0.38155,0.385686,FALSE,FALSE,FALSE,ebi-a-GCST002245,11,120224544,0.0162,54162,0.2458,Alzheimer's disease (late onset),TRUE,120224544,0.013546,342439,11,1.68074e-11,ukb-d-30770_raw,IGF-1 || id:ukb-d-30770_raw,TRUE,reported,igd,2,TRUE
rs10950689,T,C,T,C,0.15908,0.0045,0.16951,0.180915,FALSE,FALSE,FALSE,ebi-a-GCST002245,7,876525,0.021,54162,0.8312,Alzheimer's disease (late onset),TRUE,876525,0.017535,342439,7,1.17544e-19,ukb-d-30770_raw,IGF-1 || id:ukb-d-30770_raw,TRUE,reported,igd,2,TRUE
rs11001399,C,A,C,A,-0.08717,-0.0044,0.55904,0.559642,FALSE,FALSE,FALSE,ebi-a-GCST002245,10,77221744,0.0155,54162,0.7785,Alzheimer's disease (late onset),TRUE,77221744,0.013313,342439,10,5.85059e-11,ukb-d-30770_raw,IGF-1 || id:ukb-d-30770_raw,TRUE,reported,igd,2,TRUE
rs11031051,C,A,C,A,-0.09335,-0.0092,0.30183,0.335984,FALSE,FALSE,FALSE,ebi-a-GCST002245,11,30355707,0.0166,54162,0.58,Alzheimer's disease (late onset),TRUE,30355707,0.014456,342439,11,1.0653e-10,ukb-d-30770_raw,IGF-1 || id:ukb-d-30770_raw,TRUE,reported,igd,2,TRUE
rs11169157,C,T,C,T,0.085861,0.0026,0.40804,0.397614,FALSE,FALSE,FALSE,ebi-a-GCST002245,12,37980047,0.0171,54162,0.8775,Alzheimer's disease (late onset),TRUE,37980047,0.013408,342439,12,1.51771e-10,ukb-d-30770_raw,IGF-1 || id:ukb-d-30770_raw,TRUE,reported,igd,2,TRUE
rs11171710,A,G,A,G,0.085748,-0.0067,0.44687,0.472167,FALSE,FALSE,FALSE,ebi-a-GCST002245,12,56368078,0.016,54162,0.677,Alzheimer's disease (late onset),TRUE,56368078,0.013358,342439,12,1.37161e-10,ukb-d-30770_raw,IGF-1 || id:ukb-d-30770_raw,TRUE,reported,igd,2,TRUE
rs111912558,C,T,C,T,0.10489,-0.1135,0.20283,0.199801,FALSE,FALSE,FALSE,ebi-a-GCST002245,17,44356694,0.0342,54162,0.0009012,Alzheimer's disease (late onset),TRUE,44356694,0.017022,342439,17,7.20958e-10,ukb-d-30770_raw,IGF-1 || id:ukb-d-30770_raw,TRUE,reported,igd,2,TRUE
rs11209376,A,G,A,G,0.10627,0.0028,0.77928,0.799205,FALSE,FALSE,FALSE,ebi-a-GCST002245,1,41498348,0.0192,54162,0.8837,Alzheimer's disease (late onset),TRUE,41498348,0.015879,342439,1,2.20445e-11,ukb-d-30770_raw,IGF-1 || id:ukb-d-30770_raw,TRUE,reported,igd,2,TRUE
rs11218882,T,C,T,C,-0.093605,-0.0334,0.36781,0.368787,FALSE,FALSE,FALSE,ebi-a-GCST002245,11,122771664,0.0174,54162,0.05498,Alzheimer's disease (late onset),TRUE,122771664,0.013758,342439,11,1.02259e-11,ukb-d-30770_raw,IGF-1 || id:ukb-d-30770_raw,TRUE,reported,igd,2,TRUE
rs112293610,C,A,C,A,-0.13346,0.0278,0.29172,0.311133,FALSE,FALSE,FALSE,ebi-a-GCST002245,7,14226261,0.0174,54162,0.109,Alzheimer's disease (late onset),TRUE,14226261,0.014546,342439,7,4.56247e-20,ukb-d-30770_raw,IGF-1 || id:ukb-d-30770_raw,TRUE,reported,igd,2,TRUE
rs1127313,A,G,A,G,-0.12807,0.0092,0.49023,0.471173,FALSE,FALSE,FALSE,ebi-a-GCST002245,1,154556425,0.0154,54162,0.5482,Alzheimer's disease (late onset),TRUE,154556425,0.01318,342439,1,2.57395e-22,ukb-d-30770_raw,IGF-1 || id:ukb-d-30770_raw,TRUE,reported,igd,2,TRUE
rs112859600,A,G,A,G,-0.2016,0.0282,0.04471,0.0526839,FALSE,FALSE,FALSE,ebi-a-GCST002245,6,7097810,0.0397,54162,0.4787,Alzheimer's disease (late onset),TRUE,7097810,0.031916,342439,6,2.68108e-10,ukb-d-30770_raw,IGF-1 || id:ukb-d-30770_raw,TRUE,reported,igd,2,TRUE
rs112893170,C,T,C,T,-0.10407,0.0563,0.19547,0.16501,FALSE,FALSE,FALSE,ebi-a-GCST002245,3,57211863,0.0205,54162,0.006168,Alzheimer's disease (late onset),TRUE,57211863,0.016709,342439,3,4.71857e-10,ukb-d-30770_raw,IGF-1 || id:ukb-d-30770_raw,TRUE,reported,igd,2,TRUE
rs112941090,G,C,G,C,-0.1148,0.0479,0.16658,0.168986,FALSE,TRUE,FALSE,ebi-a-GCST002245,16,69130106,0.0233,54162,0.03973,Alzheimer's disease (late onset),TRUE,69130106,0.017706,342439,16,8.95571e-11,ukb-d-30770_raw,IGF-1 || id:ukb-d-30770_raw,TRUE,reported,igd,2,TRUE
rs114949263,C,T,C,T,-0.13983,-0.0281,0.11175,0.102386,FALSE,FALSE,FALSE,ebi-a-GCST002245,7,150498245,0.0265,54162,0.2885,Alzheimer's disease (late onset),TRUE,150498245,0.02097,342439,7,2.59239e-11,ukb-d-30770_raw,IGF-1 || id:ukb-d-30770_raw,TRUE,reported,igd,2,TRUE
rs115236209,G,T,G,T,0.17511,0.0239,0.066299,0.0666004,FALSE,FALSE,FALSE,ebi-a-GCST002245,1,2208908,0.0345,54162,0.4881,Alzheimer's disease (late onset),TRUE,2208908,0.026779,342439,1,6.20155e-11,ukb-d-30770_raw,IGF-1 || id:ukb-d-30770_raw,TRUE,reported,igd,2,TRUE
rs11545482,T,C,T,C,-0.48951,-0.0626,0.020888,0.0129225,FALSE,FALSE,FALSE,ebi-a-GCST002245,2,70315987,0.0759,54162,0.4094,Alzheimer's disease (late onset),TRUE,70315987,0.045999,342439,2,1.92353e-26,ukb-d-30770_raw,IGF-1 || id:ukb-d-30770_raw,TRUE,reported,igd,2,TRUE
rs11603111,A,C,A,C,-0.087972,0.0087,0.54523,0.532803,FALSE,FALSE,FALSE,ebi-a-GCST002245,11,1568192,0.0156,54162,0.5777,Alzheimer's disease (late onset),TRUE,1568192,0.013229,342439,11,2.93292e-11,ukb-d-30770_raw,IGF-1 || id:ukb-d-30770_raw,TRUE,reported,igd,2,TRUE
rs11620783,T,C,T,C,-0.096057,-0.0234,0.43132,0.441352,FALSE,FALSE,FALSE,ebi-a-GCST002245,14,24871530,0.0188,54162,0.2123,Alzheimer's disease (late onset),TRUE,24871530,0.013384,342439,14,7.13017e-13,ukb-d-30770_raw,IGF-1 || id:ukb-d-30770_raw,TRUE,reported,igd,2,TRUE
rs11640957,T,C,T,C,-0.17794,-0.0419,0.37761,0.365805,FALSE,FALSE,FALSE,ebi-a-GCST002245,16,31060363,0.0162,54162,0.009566,Alzheimer's disease (late onset),TRUE,31060363,0.01359,342439,16,3.68978e-39,ukb-d-30770_raw,IGF-1 || id:ukb-d-30770_raw,TRUE,reported,igd,2,TRUE
rs116971887,T,G,T,G,-0.18495,-0.064,0.045338,0.0447316,FALSE,FALSE,FALSE,ebi-a-GCST002245,16,51170026,0.0462,54162,0.1662,Alzheimer's disease (late onset),TRUE,51170026,0.03207,342439,16,8.07328e-09,ukb-d-30770_raw,IGF-1 || id:ukb-d-30770_raw,TRUE,reported,igd,2,TRUE
rs1170188,G,A,G,A,0.11217,-0.0043,0.81567,0.801193,FALSE,FALSE,FALSE,ebi-a-GCST002245,13,42678971,0.0201,54162,0.8313,Alzheimer's disease (late onset),TRUE,42678971,0.017073,342439,13,5.04545e-11,ukb-d-30770_raw,IGF-1 || id:ukb-d-30770_raw,TRUE,reported,igd,2,TRUE
rs117120687,T,A,T,A,-0.25978,-0.0919,0.046405,0.0377734,FALSE,TRUE,FALSE,ebi-a-GCST002245,15,68342718,0.049,54162,0.0609,Alzheimer's disease (late onset),TRUE,68342718,0.031412,342439,15,1.34091e-16,ukb-d-30770_raw,IGF-1 || id:ukb-d-30770_raw,TRUE,reported,igd,2,TRUE
rs117137578,A,G,A,G,-0.27229,-0.0677,0.019194,0.0178926,FALSE,FALSE,FALSE,ebi-a-GCST002245,9,4855781,0.0915,54162,0.459,Alzheimer's disease (late onset),TRUE,4855781,0.048213,342439,9,1.6284e-08,ukb-d-30770_raw,IGF-1 || id:ukb-d-30770_raw,TRUE,reported,igd,2,TRUE
rs11723405,A,G,A,G,-0.13992,-0.0095,0.50685,0.503976,FALSE,FALSE,FALSE,ebi-a-GCST002245,4,39690216,0.0153,54162,0.5366,Alzheimer's disease (late onset),TRUE,39690216,0.013183,342439,4,2.58285e-26,ukb-d-30770_raw,IGF-1 || id:ukb-d-30770_raw,TRUE,reported,igd,2,TRUE
rs11754110,T,C,T,C,0.087099,0.0091,0.63066,0.584493,FALSE,FALSE,FALSE,ebi-a-GCST002245,6,38144318,0.0165,54162,0.5792,Alzheimer's disease (late onset),TRUE,38144318,0.013657,342439,6,1.80352e-10,ukb-d-30770_raw,IGF-1 || id:ukb-d-30770_raw,TRUE,reported,igd,2,TRUE
rs11763787,A,G,A,G,-0.10378,0.0019,0.31104,0.304175,FALSE,FALSE,FALSE,ebi-a-GCST002245,7,31019597,0.0181,54162,0.9168,Alzheimer's disease (late onset),TRUE,31019597,0.014247,342439,7,3.24489e-13,ukb-d-30770_raw,IGF-1 || id:ukb-d-30770_raw,TRUE,reported,igd,2,TRUE
rs11788077,G,A,G,A,-0.082467,-0.0034,0.32569,0.321074,FALSE,FALSE,FALSE,ebi-a-GCST002245,9,86700760,0.0171,54162,0.8428,Alzheimer's disease (late onset),TRUE,86700760,0.014026,342439,9,4.11955e-09,ukb-d-30770_raw,IGF-1 || id:ukb-d-30770_raw,TRUE,reported,igd,2,TRUE
rs1182174,A,G,A,G,0.11463,-0.0234,0.29723,0.28827,FALSE,FALSE,FALSE,ebi-a-GCST002245,7,2875420,0.0169,54162,0.1681,Alzheimer's disease (late onset),TRUE,2875420,0.014436,342439,7,2.02023e-15,ukb-d-30770_raw,IGF-1 || id:ukb-d-30770_raw,TRUE,reported,igd,2,TRUE
rs11928797,A,C,A,C,0.15324,-0.0069,0.11713,0.101392,FALSE,FALSE,FALSE,ebi-a-GCST002245,3,33457493,0.0272,54162,0.8009,Alzheimer's disease (late onset),TRUE,33457493,0.020499,342439,3,7.71792e-14,ukb-d-30770_raw,IGF-1 || id:ukb-d-30770_raw,TRUE,reported,igd,2,TRUE
rs11954036,C,T,C,T,-0.19685,-0.015,0.32524,0.341948,FALSE,FALSE,FALSE,ebi-a-GCST002245,5,59028853,0.0165,54162,0.3633,Alzheimer's disease (late onset),TRUE,59028853,0.01409,342439,5,2.39056e-44,ukb-d-30770_raw,IGF-1 || id:ukb-d-30770_raw,TRUE,reported,igd,2,TRUE
rs12051698,G,C,G,C,-0.082993,0.0147,0.35264,0.346918,FALSE,TRUE,FALSE,ebi-a-GCST002245,17,79046374,0.0189,54162,0.4363,Alzheimer's disease (late onset),TRUE,79046374,0.013898,342439,17,2.34942e-09,ukb-d-30770_raw,IGF-1 || id:ukb-d-30770_raw,TRUE,reported,igd,2,TRUE
rs12121669,C,T,C,T,0.14995,-0.0378,0.11523,0.110338,FALSE,FALSE,FALSE,ebi-a-GCST002245,1,65376831,0.0252,54162,0.1333,Alzheimer's disease (late onset),TRUE,65376831,0.020701,342439,1,4.3722e-13,ukb-d-30770_raw,IGF-1 || id:ukb-d-30770_raw,TRUE,reported,igd,2,TRUE
rs1212469,G,A,G,A,0.09716,-0.0031,0.81007,0.817097,FALSE,FALSE,FALSE,ebi-a-GCST002245,3,138094766,0.0194,54162,0.8713,Alzheimer's disease (late onset),TRUE,138094766,0.016774,342439,3,6.94976e-09,ukb-d-30770_raw,IGF-1 || id:ukb-d-30770_raw,TRUE,reported,igd,2,TRUE
rs12219199,T,C,T,C,0.22213,-0.0229,0.046888,0.0536779,FALSE,FALSE,FALSE,ebi-a-GCST002245,10,95332517,0.0407,54162,0.5742,Alzheimer's disease (late onset),TRUE,95332517,0.031292,342439,10,1.2627e-12,ukb-d-30770_raw,IGF-1 || id:ukb-d-30770_raw,TRUE,reported,igd,2,TRUE
rs12454712,C,T,C,T,-0.10196,-0.0393,0.37645,0.385686,FALSE,FALSE,FALSE,ebi-a-GCST002245,18,60845884,0.0184,54162,0.03251,Alzheimer's disease (late onset),TRUE,60845884,0.013593,342439,18,6.34162e-14,ukb-d-30770_raw,IGF-1 || id:ukb-d-30770_raw,TRUE,reported,igd,2,TRUE
rs12514669,C,G,C,G,0.21003,-0.0317,0.2014,0.255467,FALSE,TRUE,FALSE,ebi-a-GCST002245,5,137757571,0.0192,54162,0.0977,Alzheimer's disease (late onset),TRUE,137757571,0.016397,342439,5,1.49417e-37,ukb-d-30770_raw,IGF-1 || id:ukb-d-30770_raw,TRUE,reported,igd,2,TRUE
rs12517089,A,C,A,C,-0.22638,0.0079,0.16535,0.145129,FALSE,FALSE,FALSE,ebi-a-GCST002245,5,132314334,0.0229,54162,0.7301,Alzheimer's disease (late onset),TRUE,132314334,0.017773,342439,5,3.73766e-37,ukb-d-30770_raw,IGF-1 || id:ukb-d-30770_raw,TRUE,reported,igd,2,TRUE
rs12524950,G,A,G,A,0.088469,-0.0073,0.29426,0.329026,FALSE,FALSE,FALSE,ebi-a-GCST002245,6,21923491,0.017,54162,0.6647,Alzheimer's disease (late onset),TRUE,21923491,0.014455,342439,6,9.3448e-10,ukb-d-30770_raw,IGF-1 || id:ukb-d-30770_raw,TRUE,reported,igd,2,TRUE
rs1260326,C,T,C,T,0.34413,8e-04,0.6069,0.589463,FALSE,FALSE,FALSE,ebi-a-GCST002245,2,27730940,0.0161,54162,0.9608,Alzheimer's disease (late onset),TRUE,27730940,0.013461,342439,2,5.05825e-144,ukb-d-30770_raw,IGF-1 || id:ukb-d-30770_raw,TRUE,reported,igd,2,TRUE
rs12693971,C,T,C,T,-0.11826,0.0479,0.25718,0.259443,FALSE,FALSE,FALSE,ebi-a-GCST002245,2,203415977,0.0179,54162,0.007423,Alzheimer's disease (late onset),TRUE,203415977,0.015079,342439,2,4.41876e-15,ukb-d-30770_raw,IGF-1 || id:ukb-d-30770_raw,TRUE,reported,igd,2,TRUE
rs12699415,G,A,G,A,0.095871,0.0427,0.58657,0.602386,FALSE,FALSE,FALSE,ebi-a-GCST002245,7,1909479,0.0163,54162,0.009007,Alzheimer's disease (late onset),TRUE,1909479,0.0134,342439,7,8.40234e-13,ukb-d-30770_raw,IGF-1 || id:ukb-d-30770_raw,TRUE,reported,igd,2,TRUE
rs12749024,T,C,T,C,0.40603,0.0339,0.15237,0.16501,FALSE,FALSE,FALSE,ebi-a-GCST002245,1,176522365,0.0235,54162,0.1496,Alzheimer's disease (late onset),TRUE,176522365,0.018653,342439,1,5.49541e-105,ukb-d-30770_raw,IGF-1 || id:ukb-d-30770_raw,TRUE,reported,igd,2,TRUE
rs12779609,T,C,T,C,0.10005,-0.0107,0.14878,0.154076,FALSE,FALSE,FALSE,ebi-a-GCST002245,10,125046334,0.0228,54162,0.6386,Alzheimer's disease (late onset),TRUE,125046334,0.018569,342439,10,7.13296e-08,ukb-d-30770_raw,IGF-1 || id:ukb-d-30770_raw,TRUE,reported,igd,2,TRUE
rs12790261,A,C,A,C,0.17633,0.0808,0.083318,0.0675944,FALSE,FALSE,FALSE,ebi-a-GCST002245,11,66988048,0.0442,54162,0.06772,Alzheimer's disease (late onset),TRUE,66988048,0.023888,342439,11,1.56603e-13,ukb-d-30770_raw,IGF-1 || id:ukb-d-30770_raw,TRUE,reported,igd,2,TRUE
rs12908960,A,G,A,G,-0.095768,0.0309,0.46087,0.415507,FALSE,FALSE,FALSE,ebi-a-GCST002245,15,51545860,0.0157,54162,0.04889,Alzheimer's disease (late onset),TRUE,51545860,0.013264,342439,15,5.20955e-13,ukb-d-30770_raw,IGF-1 || id:ukb-d-30770_raw,TRUE,reported,igd,2,TRUE
rs12912439,T,C,T,C,0.10937,0.0165,0.29813,0.291252,FALSE,FALSE,FALSE,ebi-a-GCST002245,15,95828705,0.0185,54162,0.3734,Alzheimer's disease (late onset),TRUE,95828705,0.014373,342439,15,2.75804e-14,ukb-d-30770_raw,IGF-1 || id:ukb-d-30770_raw,TRUE,reported,igd,2,TRUE
rs12934751,C,T,C,T,0.14685,0.0113,0.54549,0.536779,FALSE,FALSE,FALSE,ebi-a-GCST002245,16,81610667,0.0157,54162,0.4742,Alzheimer's disease (late onset),TRUE,81610667,0.013354,342439,16,4.00682e-28,ukb-d-30770_raw,IGF-1 || id:ukb-d-30770_raw,TRUE,reported,igd,2,TRUE
rs12935465,C,T,C,T,-0.091483,-0.0031,0.49579,0.487078,FALSE,FALSE,FALSE,ebi-a-GCST002245,16,17476853,0.0154,54162,0.8418,Alzheimer's disease (late onset),TRUE,17476853,0.01319,342439,16,4.04949e-12,ukb-d-30770_raw,IGF-1 || id:ukb-d-30770_raw,TRUE,reported,igd,2,TRUE
rs12952818,A,G,A,G,-0.1224,0.0035,0.6174,0.536779,FALSE,FALSE,FALSE,ebi-a-GCST002245,17,17988591,0.016,54162,0.8271,Alzheimer's disease (late onset),TRUE,17988591,0.013697,342439,17,4.05229e-19,ukb-d-30770_raw,IGF-1 || id:ukb-d-30770_raw,TRUE,reported,igd,2,TRUE
rs12975366,C,T,C,T,-0.10465,0.0247,0.39643,0.434394,FALSE,FALSE,FALSE,ebi-a-GCST002245,19,54759361,0.0196,54162,0.2072,Alzheimer's disease (late onset),TRUE,54759361,0.013446,342439,19,7.13017e-15,ukb-d-30770_raw,IGF-1 || id:ukb-d-30770_raw,TRUE,reported,igd,2,TRUE
rs13178887,C,T,C,T,-0.12465,-8e-04,0.38654,0.38171,FALSE,FALSE,FALSE,ebi-a-GCST002245,5,88355993,0.0159,54162,0.9616,Alzheimer's disease (late onset),TRUE,88355993,0.013507,342439,5,2.75867e-20,ukb-d-30770_raw,IGF-1 || id:ukb-d-30770_raw,TRUE,reported,igd,2,TRUE
rs13232120,T,A,T,A,0.18685,0.0294,0.12391,0.115308,FALSE,TRUE,FALSE,ebi-a-GCST002245,7,72983310,0.0241,54162,0.2232,Alzheimer's disease (late onset),TRUE,72983310,0.019952,342439,7,7.6542e-21,ukb-d-30770_raw,IGF-1 || id:ukb-d-30770_raw,TRUE,reported,igd,2,TRUE
rs13301073,A,G,A,G,-0.11934,0.0051,0.36844,0.349901,FALSE,FALSE,FALSE,ebi-a-GCST002245,9,128284378,0.0159,54162,0.7473,Alzheimer's disease (late onset),TRUE,128284378,0.013655,342439,9,2.34315e-18,ukb-d-30770_raw,IGF-1 || id:ukb-d-30770_raw,TRUE,reported,igd,2,TRUE
rs13333965,T,C,T,C,0.085957,-0.0489,0.25541,0.271372,FALSE,FALSE,FALSE,ebi-a-GCST002245,16,12579707,0.0184,54162,0.007917,Alzheimer's disease (late onset),TRUE,12579707,0.0152,342439,16,1.55891e-08,ukb-d-30770_raw,IGF-1 || id:ukb-d-30770_raw,TRUE,reported,igd,2,TRUE
rs13379043,C,T,C,T,-0.12835,0.0302,0.27915,0.298211,FALSE,FALSE,FALSE,ebi-a-GCST002245,14,74250126,0.0184,54162,0.1015,Alzheimer's disease (late onset),TRUE,74250126,0.01496,342439,14,9.5918e-18,ukb-d-30770_raw,IGF-1 || id:ukb-d-30770_raw,TRUE,reported,igd,2,TRUE
rs1358394,G,A,G,A,0.075073,0.0382,0.54619,0.56163,FALSE,FALSE,FALSE,ebi-a-GCST002245,7,115068713,0.0155,54162,0.01378,Alzheimer's disease (late onset),TRUE,115068713,0.013278,342439,7,1.56819e-08,ukb-d-30770_raw,IGF-1 || id:ukb-d-30770_raw,TRUE,reported,igd,2,TRUE
rs139680219,A,G,A,G,0.086336,0.0046,0.23539,0.233598,FALSE,FALSE,FALSE,ebi-a-GCST002245,10,39018702,0.0305,54162,0.8801,Alzheimer's disease (late onset),TRUE,39018702,0.015546,342439,10,2.80098e-08,ukb-d-30770_raw,IGF-1 || id:ukb-d-30770_raw,TRUE,reported,igd,2,TRUE
rs1430753,G,A,G,A,-0.10114,3e-04,0.81236,0.810139,FALSE,FALSE,FALSE,ebi-a-GCST002245,1,68692642,0.0197,54162,0.9862,Alzheimer's disease (late onset),TRUE,68692642,0.016888,342439,1,2.11461e-09,ukb-d-30770_raw,IGF-1 || id:ukb-d-30770_raw,TRUE,reported,igd,2,TRUE
rs1431015,C,T,C,T,0.10174,-0.0179,0.59845,0.575547,FALSE,FALSE,FALSE,ebi-a-GCST002245,8,77131580,0.0158,54162,0.2568,Alzheimer's disease (late onset),TRUE,77131580,0.013462,342439,8,4.11529e-14,ukb-d-30770_raw,IGF-1 || id:ukb-d-30770_raw,TRUE,reported,igd,2,TRUE
rs1495741,A,G,A,G,-0.14248,0.0041,0.77903,0.756461,FALSE,FALSE,FALSE,ebi-a-GCST002245,8,18272881,0.0186,54162,0.8269,Alzheimer's disease (late onset),TRUE,18272881,0.015859,342439,8,2.62482e-19,ukb-d-30770_raw,IGF-1 || id:ukb-d-30770_raw,TRUE,reported,igd,2,TRUE
rs150844304,C,A,C,A,-0.80473,-0.021,0.024542,0.0228628,FALSE,FALSE,FALSE,ebi-a-GCST002245,15,43726625,0.0445,54162,0.6379,Alzheimer's disease (late onset),TRUE,43726625,0.0426,342439,15,1.50314e-79,ukb-d-30770_raw,IGF-1 || id:ukb-d-30770_raw,TRUE,reported,igd,2,TRUE
rs150869224,T,C,T,C,0.20938,0.0552,0.031082,0.0308151,FALSE,FALSE,FALSE,ebi-a-GCST002245,13,45613758,0.0422,54162,0.1912,Alzheimer's disease (late onset),TRUE,45613758,0.038202,342439,13,4.23614e-08,ukb-d-30770_raw,IGF-1 || id:ukb-d-30770_raw,TRUE,reported,igd,2,TRUE
rs1511309,C,T,C,T,0.11012,0.0085,0.31415,0.319085,FALSE,FALSE,FALSE,ebi-a-GCST002245,4,121720771,0.0164,54162,0.6051,Alzheimer's disease (late onset),TRUE,121720771,0.014349,342439,4,1.66495e-14,ukb-d-30770_raw,IGF-1 || id:ukb-d-30770_raw,TRUE,reported,igd,2,TRUE
rs1562617,A,G,A,G,-0.10512,0.0201,0.22275,0.188867,FALSE,FALSE,FALSE,ebi-a-GCST002245,2,6384728,0.0187,54162,0.2811,Alzheimer's disease (late onset),TRUE,6384728,0.01591,342439,2,3.92193e-11,ukb-d-30770_raw,IGF-1 || id:ukb-d-30770_raw,TRUE,reported,igd,2,TRUE
rs157934,C,T,C,T,0.31576,-0.0211,0.30542,0.335984,FALSE,FALSE,FALSE,ebi-a-GCST002245,7,130585492,0.0174,54162,0.2256,Alzheimer's disease (late onset),TRUE,130585492,0.014296,342439,7,5.04661e-108,ukb-d-30770_raw,IGF-1 || id:ukb-d-30770_raw,TRUE,reported,igd,2,TRUE
rs16873550,G,A,G,A,-0.094918,0.0044,0.18576,0.190855,FALSE,FALSE,FALSE,ebi-a-GCST002245,6,45577396,0.0204,54162,0.829,Alzheimer's disease (late onset),TRUE,45577396,0.016976,342439,6,2.25362e-08,ukb-d-30770_raw,IGF-1 || id:ukb-d-30770_raw,TRUE,reported,igd,2,TRUE
rs1693544,A,T,A,T,-0.11536,0.0193,0.17812,0.167992,FALSE,TRUE,FALSE,ebi-a-GCST002245,8,101674205,0.0212,54162,0.3626,Alzheimer's disease (late onset),TRUE,101674205,0.017409,342439,8,3.43875e-11,ukb-d-30770_raw,IGF-1 || id:ukb-d-30770_raw,TRUE,reported,igd,2,TRUE
rs17037452,G,A,G,A,-0.11766,0.0439,0.16412,0.141153,FALSE,FALSE,FALSE,ebi-a-GCST002245,1,11895675,0.0211,54162,0.03736,Alzheimer's disease (late onset),TRUE,11895675,0.017789,342439,1,3.74714e-11,ukb-d-30770_raw,IGF-1 || id:ukb-d-30770_raw,TRUE,reported,igd,2,TRUE
rs17220352,G,A,G,A,0.088062,0.007,0.24306,0.249503,FALSE,FALSE,FALSE,ebi-a-GCST002245,9,119248059,0.018,54162,0.6995,Alzheimer's disease (late onset),TRUE,119248059,0.015352,342439,9,9.68166e-09,ukb-d-30770_raw,IGF-1 || id:ukb-d-30770_raw,TRUE,reported,igd,2,TRUE
rs17289223,T,A,T,A,0.079678,0.0041,0.3876,0.394632,FALSE,TRUE,FALSE,ebi-a-GCST002245,2,172422167,0.016,54162,0.7997,Alzheimer's disease (late onset),TRUE,172422167,0.013517,342439,2,3.75431e-09,ukb-d-30770_raw,IGF-1 || id:ukb-d-30770_raw,TRUE,reported,igd,2,TRUE
rs17299478,T,C,T,C,-0.16464,-0.0021,0.16923,0.144135,FALSE,FALSE,FALSE,ebi-a-GCST002245,16,69775500,0.0217,54162,0.9238,Alzheimer's disease (late onset),TRUE,69775500,0.017639,342439,16,1.02612e-20,ukb-d-30770_raw,IGF-1 || id:ukb-d-30770_raw,TRUE,reported,igd,2,TRUE
rs17400325,C,T,C,T,0.29459,0.0193,0.040964,0.0675944,FALSE,FALSE,FALSE,ebi-a-GCST002245,2,178565913,0.037,54162,0.6024,Alzheimer's disease (late onset),TRUE,178565913,0.033208,342439,2,7.28618e-19,ukb-d-30770_raw,IGF-1 || id:ukb-d-30770_raw,TRUE,reported,igd,2,TRUE
rs17410557,C,T,C,T,-0.079207,-0.0237,0.39031,0.377734,FALSE,FALSE,FALSE,ebi-a-GCST002245,18,50776391,0.0159,54162,0.1353,Alzheimer's disease (late onset),TRUE,50776391,0.013551,342439,18,5.06151e-09,ukb-d-30770_raw,IGF-1 || id:ukb-d-30770_raw,TRUE,reported,igd,2,TRUE
rs17429682,A,G,A,G,-0.13578,-0.0095,0.31017,0.341948,FALSE,FALSE,FALSE,ebi-a-GCST002245,4,106028823,0.0166,54162,0.5641,Alzheimer's disease (late onset),TRUE,106028823,0.014302,342439,4,2.24854e-21,ukb-d-30770_raw,IGF-1 || id:ukb-d-30770_raw,TRUE,reported,igd,2,TRUE
rs174554,G,A,G,A,-0.11821,-0.0125,0.34471,0.34493,FALSE,FALSE,FALSE,ebi-a-GCST002245,11,61579463,0.0163,54162,0.4422,Alzheimer's disease (late onset),TRUE,61579463,0.013859,342439,11,1.47367e-17,ukb-d-30770_raw,IGF-1 || id:ukb-d-30770_raw,TRUE,reported,igd,2,TRUE
rs17487338,A,G,A,G,-0.16139,0.0472,0.16984,0.152087,FALSE,FALSE,FALSE,ebi-a-GCST002245,3,138848435,0.0283,54162,0.09524,Alzheimer's disease (late onset),TRUE,138848435,0.017729,342439,3,8.81455e-20,ukb-d-30770_raw,IGF-1 || id:ukb-d-30770_raw,TRUE,reported,igd,2,TRUE
rs175045,C,A,C,A,-0.092145,0.0189,0.46622,0.452286,FALSE,FALSE,FALSE,ebi-a-GCST002245,14,75475275,0.0155,54162,0.2218,Alzheimer's disease (late onset),TRUE,75475275,0.013211,342439,14,3.06267e-12,ukb-d-30770_raw,IGF-1 || id:ukb-d-30770_raw,TRUE,reported,igd,2,TRUE
rs17540449,C,T,C,T,0.10276,-0.0061,0.18323,0.198807,FALSE,FALSE,FALSE,ebi-a-GCST002245,4,169345388,0.0202,54162,0.7639,Alzheimer's disease (late onset),TRUE,169345388,0.017091,342439,4,1.83021e-09,ukb-d-30770_raw,IGF-1 || id:ukb-d-30770_raw,TRUE,reported,igd,2,TRUE
rs17585945,T,G,T,G,0.23771,0.0041,0.029128,0.0178926,FALSE,FALSE,FALSE,ebi-a-GCST002245,1,220852962,0.053,54162,0.938,Alzheimer's disease (late onset),TRUE,220852962,0.039227,342439,1,1.36348e-09,ukb-d-30770_raw,IGF-1 || id:ukb-d-30770_raw,TRUE,reported,igd,2,TRUE
rs17597773,G,C,G,C,-0.239,-0.0038,0.24547,0.250497,FALSE,TRUE,FALSE,ebi-a-GCST002245,1,221054761,0.0183,54162,0.8344,Alzheimer's disease (late onset),TRUE,221054761,0.015308,342439,1,6.25605e-55,ukb-d-30770_raw,IGF-1 || id:ukb-d-30770_raw,TRUE,reported,igd,2,TRUE
rs17610727,G,A,G,A,0.082549,0.0215,0.28205,0.286282,FALSE,FALSE,FALSE,ebi-a-GCST002245,4,20453622,0.0172,54162,0.2113,Alzheimer's disease (late onset),TRUE,20453622,0.014724,342439,4,2.06562e-08,ukb-d-30770_raw,IGF-1 || id:ukb-d-30770_raw,TRUE,reported,igd,2,TRUE
rs17656123,C,G,C,G,-0.17072,0.0704,0.093007,0.0695825,FALSE,TRUE,FALSE,ebi-a-GCST002245,4,46558049,0.0374,54162,0.05964,Alzheimer's disease (late onset),TRUE,46558049,0.023042,342439,4,1.27644e-13,ukb-d-30770_raw,IGF-1 || id:ukb-d-30770_raw,TRUE,reported,igd,2,TRUE
rs1779735,C,T,C,T,0.12711,0.038,0.27891,0.27336,FALSE,FALSE,FALSE,ebi-a-GCST002245,12,32083836,0.0177,54162,0.03188,Alzheimer's disease (late onset),TRUE,32083836,0.014803,342439,12,8.97016e-18,ukb-d-30770_raw,IGF-1 || id:ukb-d-30770_raw,TRUE,reported,igd,2,TRUE
rs1800574,T,C,T,C,0.80111,-0.0433,0.0291,0.027833,FALSE,FALSE,FALSE,ebi-a-GCST002245,12,121416864,0.065,54162,0.5058,Alzheimer's disease (late onset),TRUE,121416864,0.039108,342439,12,3.3458e-93,ukb-d-30770_raw,IGF-1 || id:ukb-d-30770_raw,TRUE,reported,igd,2,TRUE
rs1806701,T,C,T,C,0.080603,-0.0138,0.28086,0.306163,FALSE,FALSE,FALSE,ebi-a-GCST002245,2,152930192,0.017,54162,0.4164,Alzheimer's disease (late onset),TRUE,152930192,0.01478,342439,2,4.94083e-08,ukb-d-30770_raw,IGF-1 || id:ukb-d-30770_raw,TRUE,reported,igd,2,TRUE
rs1832007,G,A,G,A,0.30271,-0.0088,0.15505,0.120278,FALSE,FALSE,FALSE,ebi-a-GCST002245,10,5254847,0.0216,54162,0.6842,Alzheimer's disease (late onset),TRUE,5254847,0.018209,342439,10,4.93401e-62,ukb-d-30770_raw,IGF-1 || id:ukb-d-30770_raw,TRUE,reported,igd,2,TRUE
rs1928936,C,T,C,T,0.079141,-0.0037,0.60464,0.66004,FALSE,FALSE,FALSE,ebi-a-GCST002245,13,110366267,0.0162,54162,0.8214,Alzheimer's disease (late onset),TRUE,110366267,0.013544,342439,13,5.1246e-09,ukb-d-30770_raw,IGF-1 || id:ukb-d-30770_raw,TRUE,reported,igd,2,TRUE
rs1942583,C,T,C,T,0.078752,0.0134,0.52597,0.496024,FALSE,FALSE,FALSE,ebi-a-GCST002245,18,75198145,0.0169,54162,0.4271,Alzheimer's disease (late onset),TRUE,75198145,0.013155,342439,18,2.14452e-09,ukb-d-30770_raw,IGF-1 || id:ukb-d-30770_raw,TRUE,reported,igd,2,TRUE
rs1948506,T,C,T,C,0.083718,0.0157,0.74654,0.754473,FALSE,FALSE,FALSE,ebi-a-GCST002245,4,129150590,0.0186,54162,0.3972,Alzheimer's disease (late onset),TRUE,129150590,0.015207,342439,4,3.68689e-08,ukb-d-30770_raw,IGF-1 || id:ukb-d-30770_raw,TRUE,reported,igd,2,TRUE
rs2028388,C,T,C,T,0.081066,0.0031,0.38719,0.415507,FALSE,FALSE,FALSE,ebi-a-GCST002245,15,89107936,0.0164,54162,0.8523,Alzheimer's disease (late onset),TRUE,89107936,0.013559,342439,15,2.25362e-09,ukb-d-30770_raw,IGF-1 || id:ukb-d-30770_raw,TRUE,reported,igd,2,TRUE
rs2050905,A,G,A,G,0.10473,0.0161,0.61535,0.586481,FALSE,FALSE,FALSE,ebi-a-GCST002245,10,22027644,0.0159,54162,0.3109,Alzheimer's disease (late onset),TRUE,22027644,0.013631,342439,10,1.55597e-14,ukb-d-30770_raw,IGF-1 || id:ukb-d-30770_raw,TRUE,reported,igd,2,TRUE
rs2070776,G,A,G,A,0.20651,-0.0016,0.64964,0.653082,FALSE,FALSE,FALSE,ebi-a-GCST002245,17,62007498,0.0163,54162,0.9207,Alzheimer's disease (late onset),TRUE,62007498,0.0138,342439,17,1.2936e-50,ukb-d-30770_raw,IGF-1 || id:ukb-d-30770_raw,TRUE,reported,igd,2,TRUE
rs2092992,T,C,T,C,-0.098013,0.0047,0.49727,0.529821,FALSE,FALSE,FALSE,ebi-a-GCST002245,20,3317761,0.0154,54162,0.7586,Alzheimer's disease (late onset),TRUE,3317761,0.013167,342439,20,9.78814e-14,ukb-d-30770_raw,IGF-1 || id:ukb-d-30770_raw,TRUE,reported,igd,2,TRUE
rs2116096,T,G,T,G,-0.097091,-0.0593,0.23561,0.248509,FALSE,FALSE,FALSE,ebi-a-GCST002245,8,10635887,0.0182,54162,0.001148,Alzheimer's disease (late onset),TRUE,10635887,0.015529,342439,8,4.05042e-10,ukb-d-30770_raw,IGF-1 || id:ukb-d-30770_raw,TRUE,reported,igd,2,TRUE
rs2181834,T,G,T,G,0.14521,-0.0273,0.55021,0.571571,FALSE,FALSE,FALSE,ebi-a-GCST002245,10,102661251,0.0155,54162,0.0782,Alzheimer's disease (late onset),TRUE,102661251,0.013249,342439,10,5.99653e-28,ukb-d-30770_raw,IGF-1 || id:ukb-d-30770_raw,TRUE,reported,igd,2,TRUE
rs2188378,C,T,C,T,0.25271,0.0899,0.035048,0.028827,FALSE,FALSE,FALSE,ebi-a-GCST002245,12,111431305,0.0484,54162,0.0633,Alzheimer's disease (late onset),TRUE,111431305,0.035898,342439,12,1.9333e-12,ukb-d-30770_raw,IGF-1 || id:ukb-d-30770_raw,TRUE,reported,igd,2,TRUE
rs2227819,T,C,T,C,0.12026,0.0055,0.11389,0.0884692,FALSE,FALSE,FALSE,ebi-a-GCST002245,5,76012745,0.0313,54162,0.8593,Alzheimer's disease (late onset),TRUE,76012745,0.020864,342439,5,8.20616e-09,ukb-d-30770_raw,IGF-1 || id:ukb-d-30770_raw,TRUE,reported,igd,2,TRUE
rs2268831,A,G,A,G,-0.1015,-0.0022,0.78575,0.800199,FALSE,FALSE,FALSE,ebi-a-GCST002245,3,185987849,0.0194,54162,0.9094,Alzheimer's disease (late onset),TRUE,185987849,0.016065,342439,3,2.64911e-10,ukb-d-30770_raw,IGF-1 || id:ukb-d-30770_raw,TRUE,reported,igd,2,TRUE
rs2287921,C,T,C,T,-0.15757,0.0331,0.53903,0.481113,FALSE,FALSE,FALSE,ebi-a-GCST002245,19,49228272,0.0159,54162,0.03723,Alzheimer's disease (late onset),TRUE,49228272,0.013238,342439,19,1.15824e-32,ukb-d-30770_raw,IGF-1 || id:ukb-d-30770_raw,TRUE,reported,igd,2,TRUE
rs2291410,C,A,C,A,0.17392,-0.0187,0.81548,0.804175,FALSE,FALSE,FALSE,ebi-a-GCST002245,1,243716654,0.0201,54162,0.353,Alzheimer's disease (late onset),TRUE,243716654,0.017007,342439,1,1.52546e-24,ukb-d-30770_raw,IGF-1 || id:ukb-d-30770_raw,TRUE,reported,igd,2,TRUE
rs2294239,G,A,G,A,-0.081091,0.0066,0.42731,0.405567,FALSE,FALSE,FALSE,ebi-a-GCST002245,22,29449477,0.0155,54162,0.6694,Alzheimer's disease (late onset),TRUE,29449477,0.013374,342439,22,1.3357e-09,ukb-d-30770_raw,IGF-1 || id:ukb-d-30770_raw,TRUE,reported,igd,2,TRUE
rs2298604,G,A,G,A,-0.088012,0.0284,0.21633,0.238569,FALSE,FALSE,FALSE,ebi-a-GCST002245,8,109271776,0.0186,54162,0.1256,Alzheimer's disease (late onset),TRUE,109271776,0.016017,342439,8,3.90859e-08,ukb-d-30770_raw,IGF-1 || id:ukb-d-30770_raw,TRUE,reported,igd,2,TRUE
rs2305638,C,G,C,G,0.10002,-0.0065,0.58131,0.593439,FALSE,TRUE,FALSE,ebi-a-GCST002245,3,47046842,0.0157,54162,0.6797,Alzheimer's disease (late onset),TRUE,47046842,0.013362,342439,3,7.16803e-14,ukb-d-30770_raw,IGF-1 || id:ukb-d-30770_raw,TRUE,reported,igd,2,TRUE
rs2420250,T,C,T,C,0.10239,0.0173,0.46866,0.463221,FALSE,FALSE,FALSE,ebi-a-GCST002245,10,117988128,0.0159,54162,0.2747,Alzheimer's disease (late onset),TRUE,117988128,0.013221,342439,10,9.62277e-15,ukb-d-30770_raw,IGF-1 || id:ukb-d-30770_raw,TRUE,reported,igd,2,TRUE
rs2450137,G,C,G,C,-0.12258,-0.0618,0.16388,0.192843,FALSE,TRUE,FALSE,ebi-a-GCST002245,11,77925233,0.0232,54162,0.007711,Alzheimer's disease (late onset),TRUE,77925233,0.017785,342439,11,5.49921e-12,ukb-d-30770_raw,IGF-1 || id:ukb-d-30770_raw,TRUE,reported,igd,2,TRUE
rs2548379,A,G,A,G,0.12322,-0.0073,0.67473,0.694831,FALSE,FALSE,FALSE,ebi-a-GCST002245,5,42938617,0.0165,54162,0.658,Alzheimer's disease (late onset),TRUE,42938617,0.014133,342439,5,2.82618e-18,ukb-d-30770_raw,IGF-1 || id:ukb-d-30770_raw,TRUE,reported,igd,2,TRUE
rs2568464,C,T,C,T,0.078253,0.0133,0.42746,0.416501,FALSE,FALSE,FALSE,ebi-a-GCST002245,2,32848658,0.0162,54162,0.4103,Alzheimer's disease (late onset),TRUE,32848658,0.013348,342439,2,4.55869e-09,ukb-d-30770_raw,IGF-1 || id:ukb-d-30770_raw,TRUE,reported,igd,2,TRUE
rs2607748,C,T,C,T,0.087022,0.0027,0.43657,0.377734,FALSE,FALSE,FALSE,ebi-a-GCST002245,3,14158725,0.0159,54162,0.8666,Alzheimer's disease (late onset),TRUE,14158725,0.013285,342439,3,5.73852e-11,ukb-d-30770_raw,IGF-1 || id:ukb-d-30770_raw,TRUE,reported,igd,2,TRUE
rs26822,G,A,G,A,0.087042,0.0181,0.32674,0.292247,FALSE,FALSE,FALSE,ebi-a-GCST002245,5,102518795,0.0171,54162,0.2897,Alzheimer's disease (late onset),TRUE,102518795,0.014075,342439,5,6.2464e-10,ukb-d-30770_raw,IGF-1 || id:ukb-d-30770_raw,TRUE,reported,igd,2,TRUE
rs2716929,T,A,T,A,-0.080631,-0.0101,0.62845,0.633201,FALSE,TRUE,FALSE,ebi-a-GCST002245,17,5565958,0.0164,54162,0.5366,Alzheimer's disease (late onset),TRUE,5565958,0.013638,342439,17,3.37824e-09,ukb-d-30770_raw,IGF-1 || id:ukb-d-30770_raw,TRUE,reported,igd,2,TRUE
rs2724373,T,C,T,C,-0.10261,-0.0138,0.35682,0.348907,FALSE,FALSE,FALSE,ebi-a-GCST002245,1,207999200,0.0166,54162,0.4054,Alzheimer's disease (late onset),TRUE,207999200,0.013739,342439,1,8.13392e-14,ukb-d-30770_raw,IGF-1 || id:ukb-d-30770_raw,TRUE,reported,igd,2,TRUE
rs2737205,C,T,C,T,-0.13117,0.029,0.56095,0.579523,FALSE,FALSE,FALSE,ebi-a-GCST002245,8,116610180,0.0162,54162,0.07285,Alzheimer's disease (late onset),TRUE,116610180,0.013325,342439,8,7.31139e-23,ukb-d-30770_raw,IGF-1 || id:ukb-d-30770_raw,TRUE,reported,igd,2,TRUE
rs273957,T,C,T,C,-0.10566,0.0127,0.6154,0.626243,FALSE,FALSE,FALSE,ebi-a-GCST002245,7,137600690,0.0163,54162,0.4359,Alzheimer's disease (late onset),TRUE,137600690,0.013544,342439,7,6.13903e-15,ukb-d-30770_raw,IGF-1 || id:ukb-d-30770_raw,TRUE,reported,igd,2,TRUE
rs2762981,A,G,A,G,0.10706,0.0044,0.77247,0.747515,FALSE,FALSE,FALSE,ebi-a-GCST002245,13,21487753,0.0193,54162,0.8177,Alzheimer's disease (late onset),TRUE,21487753,0.015726,342439,13,9.93116e-12,ukb-d-30770_raw,IGF-1 || id:ukb-d-30770_raw,TRUE,reported,igd,2,TRUE
rs2801482,G,A,G,A,0.25051,-0.0613,0.024278,0.0377734,FALSE,FALSE,FALSE,ebi-a-GCST002245,10,12459773,0.0468,54162,0.1903,Alzheimer's disease (late onset),TRUE,12459773,0.043193,342439,10,6.64997e-09,ukb-d-30770_raw,IGF-1 || id:ukb-d-30770_raw,TRUE,reported,igd,2,TRUE
rs2835267,C,T,C,T,0.20172,0.026,0.59449,0.606362,FALSE,FALSE,FALSE,ebi-a-GCST002245,21,37447025,0.0163,54162,0.111,Alzheimer's disease (late onset),TRUE,37447025,0.013407,342439,21,3.81154e-51,ukb-d-30770_raw,IGF-1 || id:ukb-d-30770_raw,TRUE,reported,igd,2,TRUE
rs28396553,T,C,T,C,0.077048,-0.006,0.58661,0.582505,FALSE,FALSE,FALSE,ebi-a-GCST002245,14,36673392,0.0172,54162,0.7278,Alzheimer's disease (late onset),TRUE,36673392,0.01345,342439,14,1.01471e-08,ukb-d-30770_raw,IGF-1 || id:ukb-d-30770_raw,TRUE,reported,igd,2,TRUE
rs2846808,A,G,A,G,0.10476,-0.0501,0.14347,0.126243,FALSE,FALSE,FALSE,ebi-a-GCST002245,18,902266,0.0261,54162,0.05546,Alzheimer's disease (late onset),TRUE,902266,0.019205,342439,18,4.89824e-08,ukb-d-30770_raw,IGF-1 || id:ukb-d-30770_raw,TRUE,reported,igd,2,TRUE
rs2856321,A,G,A,G,-0.13689,-0.0245,0.63933,0.642147,FALSE,FALSE,FALSE,ebi-a-GCST002245,12,11855773,0.0164,54162,0.1362,Alzheimer's disease (late onset),TRUE,11855773,0.01371,342439,12,1.79473e-23,ukb-d-30770_raw,IGF-1 || id:ukb-d-30770_raw,TRUE,reported,igd,2,TRUE
rs28714297,C,T,C,T,-0.086207,-0.0021,0.41802,0.424453,FALSE,FALSE,FALSE,ebi-a-GCST002245,4,97595462,0.016,54162,0.8945,Alzheimer's disease (late onset),TRUE,97595462,0.013371,342439,4,1.1418e-10,ukb-d-30770_raw,IGF-1 || id:ukb-d-30770_raw,TRUE,reported,igd,2,TRUE
rs2965068,C,T,C,T,-0.21668,-0.0071,0.45563,0.459245,FALSE,FALSE,FALSE,ebi-a-GCST002245,7,45974375,0.0157,54162,0.6512,Alzheimer's disease (late onset),TRUE,45974375,0.013257,342439,7,5.03269e-60,ukb-d-30770_raw,IGF-1 || id:ukb-d-30770_raw,TRUE,reported,igd,2,TRUE
rs3136512,T,C,T,C,-0.077374,0.0291,0.52561,0.517893,FALSE,FALSE,FALSE,ebi-a-GCST002245,11,46760120,0.0162,54162,0.07163,Alzheimer's disease (late onset),TRUE,46760120,0.013236,342439,11,5.04673e-09,ukb-d-30770_raw,IGF-1 || id:ukb-d-30770_raw,TRUE,reported,igd,2,TRUE
rs3218192,T,G,T,G,-0.077877,-0.0037,0.50911,0.523857,FALSE,FALSE,FALSE,ebi-a-GCST002245,1,23841370,0.0156,54162,0.8125,Alzheimer's disease (late onset),TRUE,23841370,0.013172,342439,1,3.37303e-09,ukb-d-30770_raw,IGF-1 || id:ukb-d-30770_raw,TRUE,reported,igd,2,TRUE
rs324019,G,A,G,A,-0.082298,0.0065,0.61325,0.596421,FALSE,FALSE,FALSE,ebi-a-GCST002245,12,57486647,0.0169,54162,0.7008,Alzheimer's disease (late onset),TRUE,57486647,0.013543,342439,12,1.22591e-09,ukb-d-30770_raw,IGF-1 || id:ukb-d-30770_raw,TRUE,reported,igd,2,TRUE
rs33384,C,G,C,G,-0.090929,-0.0058,0.28499,0.296223,FALSE,TRUE,FALSE,ebi-a-GCST002245,5,142609525,0.017,54162,0.732,Alzheimer's disease (late onset),TRUE,142609525,0.014773,342439,5,7.51796e-10,ukb-d-30770_raw,IGF-1 || id:ukb-d-30770_raw,TRUE,reported,igd,2,TRUE
rs33912345,A,C,A,C,-0.13318,0.017,0.61221,0.597416,FALSE,FALSE,FALSE,ebi-a-GCST002245,14,60976537,0.0162,54162,0.2933,Alzheimer's disease (late onset),TRUE,60976537,0.01352,342439,14,6.85646e-23,ukb-d-30770_raw,IGF-1 || id:ukb-d-30770_raw,TRUE,reported,igd,2,TRUE
rs33969824,G,T,G,T,0.10902,0.0545,0.13122,0.140159,FALSE,FALSE,FALSE,ebi-a-GCST002245,3,42679777,0.0231,54162,0.01827,Alzheimer's disease (late onset),TRUE,42679777,0.019477,342439,3,2.18248e-08,ukb-d-30770_raw,IGF-1 || id:ukb-d-30770_raw,TRUE,reported,igd,2,TRUE
rs34184907,T,C,T,C,0.31091,-0.0305,0.1469,0.163022,FALSE,FALSE,FALSE,ebi-a-GCST002245,12,31993890,0.0221,54162,0.1682,Alzheimer's disease (late onset),TRUE,31993890,0.018624,342439,12,1.52686e-62,ukb-d-30770_raw,IGF-1 || id:ukb-d-30770_raw,TRUE,reported,igd,2,TRUE
rs34495733,A,G,A,G,-0.25748,0.0454,0.14076,0.144135,FALSE,FALSE,FALSE,ebi-a-GCST002245,7,6763641,0.0238,54162,0.05587,Alzheimer's disease (late onset),TRUE,6763641,0.019013,342439,7,8.98049e-42,ukb-d-30770_raw,IGF-1 || id:ukb-d-30770_raw,TRUE,reported,igd,2,TRUE
rs34536443,C,G,C,G,-0.27213,-0.0789,0.04611,0.028827,FALSE,TRUE,FALSE,ebi-a-GCST002245,19,10463118,0.0441,54162,0.07395,Alzheimer's disease (late onset),TRUE,10463118,0.032293,342439,19,3.56369e-17,ukb-d-30770_raw,IGF-1 || id:ukb-d-30770_raw,TRUE,reported,igd,2,TRUE
rs346076,T,C,T,C,0.079269,-0.0071,0.66321,0.634195,FALSE,FALSE,FALSE,ebi-a-GCST002245,3,11292682,0.0167,54162,0.672,Alzheimer's disease (late onset),TRUE,11292682,0.01395,342439,3,1.32902e-08,ukb-d-30770_raw,IGF-1 || id:ukb-d-30770_raw,TRUE,reported,igd,2,TRUE
rs34895689,A,G,A,G,0.12358,0.0114,0.4529,0.476143,FALSE,FALSE,FALSE,ebi-a-GCST002245,16,81722532,0.0172,54162,0.5077,Alzheimer's disease (late onset),TRUE,81722532,0.013314,342439,16,1.67225e-20,ukb-d-30770_raw,IGF-1 || id:ukb-d-30770_raw,TRUE,reported,igd,2,TRUE
rs35254887,G,A,G,A,0.069711,0.0225,0.61494,0.646123,FALSE,FALSE,FALSE,ebi-a-GCST002245,11,86064737,0.0161,54162,0.1615,Alzheimer's disease (late onset),TRUE,86064737,0.013545,342439,11,2.6521e-07,ukb-d-30770_raw,IGF-1 || id:ukb-d-30770_raw,TRUE,reported,igd,2,TRUE
rs35887778,C,T,C,T,0.10213,0.0484,0.26107,0.244533,FALSE,FALSE,FALSE,ebi-a-GCST002245,7,99831168,0.0203,54162,0.01723,Alzheimer's disease (late onset),TRUE,99831168,0.015177,342439,7,1.70962e-11,ukb-d-30770_raw,IGF-1 || id:ukb-d-30770_raw,TRUE,reported,igd,2,TRUE
rs36086195,T,C,T,C,-0.10042,0.0093,0.58047,0.565606,FALSE,FALSE,FALSE,ebi-a-GCST002245,1,16510894,0.0158,54162,0.557,Alzheimer's disease (late onset),TRUE,16510894,0.013356,342439,1,5.5616e-14,ukb-d-30770_raw,IGF-1 || id:ukb-d-30770_raw,TRUE,reported,igd,2,TRUE
rs3745683,A,G,A,G,0.14987,0.0439,0.074702,0.0725646,FALSE,FALSE,FALSE,ebi-a-GCST002245,19,11348521,0.0314,54162,0.1613,Alzheimer's disease (late onset),TRUE,11348521,0.025054,342439,19,2.20872e-09,ukb-d-30770_raw,IGF-1 || id:ukb-d-30770_raw,TRUE,reported,igd,2,TRUE
rs3842763,T,G,T,G,-0.47253,0.0291,0.23752,0.284294,FALSE,FALSE,FALSE,ebi-a-GCST002245,11,2179204,0.0221,54162,0.1883,Alzheimer's disease (late onset),TRUE,2179204,0.015663,342439,11,1.10408e-199,ukb-d-30770_raw,IGF-1 || id:ukb-d-30770_raw,TRUE,reported,igd,2,TRUE
rs3936674,A,G,A,G,0.14111,-0.0302,0.34057,0.28827,FALSE,FALSE,FALSE,ebi-a-GCST002245,6,152167311,0.0167,54162,0.07043,Alzheimer's disease (late onset),TRUE,152167311,0.013902,342439,6,3.32736e-24,ukb-d-30770_raw,IGF-1 || id:ukb-d-30770_raw,TRUE,reported,igd,2,TRUE
rs397272,G,A,G,A,-0.078009,0.0157,0.56664,0.542744,FALSE,FALSE,FALSE,ebi-a-GCST002245,7,94032942,0.0156,54162,0.3141,Alzheimer's disease (late onset),TRUE,94032942,0.01332,342439,7,4.73347e-09,ukb-d-30770_raw,IGF-1 || id:ukb-d-30770_raw,TRUE,reported,igd,2,TRUE
rs4234797,A,G,A,G,0.20422,-0.0025,0.61506,0.627237,FALSE,FALSE,FALSE,ebi-a-GCST002245,4,7219907,0.0162,54162,0.8768,Alzheimer's disease (late onset),TRUE,7219907,0.013532,342439,4,1.90195e-51,ukb-d-30770_raw,IGF-1 || id:ukb-d-30770_raw,TRUE,reported,igd,2,TRUE
rs4282339,A,G,A,G,-0.28925,-8e-04,0.20679,0.213718,FALSE,FALSE,FALSE,ebi-a-GCST002245,5,168256240,0.019,54162,0.966,Alzheimer's disease (late onset),TRUE,168256240,0.016226,342439,5,4.72172e-71,ukb-d-30770_raw,IGF-1 || id:ukb-d-30770_raw,TRUE,reported,igd,2,TRUE
rs4297245,A,G,A,G,-0.10323,-0.032,0.77536,0.789264,FALSE,FALSE,FALSE,ebi-a-GCST002245,1,179361178,0.0188,54162,0.08903,Alzheimer's disease (late onset),TRUE,179361178,0.015771,342439,1,5.92516e-11,ukb-d-30770_raw,IGF-1 || id:ukb-d-30770_raw,TRUE,reported,igd,2,TRUE
rs445036,C,T,C,T,-0.10864,0.0085,0.28837,0.338966,FALSE,FALSE,FALSE,ebi-a-GCST002245,8,81408409,0.0173,54162,0.6224,Alzheimer's disease (late onset),TRUE,81408409,0.014527,342439,8,7.53009e-14,ukb-d-30770_raw,IGF-1 || id:ukb-d-30770_raw,TRUE,reported,igd,2,TRUE
rs456179,T,C,T,C,0.24342,-0.0033,0.88047,0.867793,FALSE,FALSE,FALSE,ebi-a-GCST002245,9,4851966,0.0229,54162,0.8868,Alzheimer's disease (late onset),TRUE,4851966,0.020345,342439,9,5.51569e-33,ukb-d-30770_raw,IGF-1 || id:ukb-d-30770_raw,TRUE,reported,igd,2,TRUE
rs4567812,A,G,A,G,0.10939,-0.0076,0.30317,0.313121,FALSE,FALSE,FALSE,ebi-a-GCST002245,18,1646432,0.0176,54162,0.6668,Alzheimer's disease (late onset),TRUE,1646432,0.014389,342439,18,2.90536e-14,ukb-d-30770_raw,IGF-1 || id:ukb-d-30770_raw,TRUE,reported,igd,2,TRUE
rs4659376,T,C,T,C,0.14063,-0.0103,0.10945,0.119284,FALSE,FALSE,FALSE,ebi-a-GCST002245,1,26809045,0.0311,54162,0.7396,Alzheimer's disease (late onset),TRUE,26809045,0.021094,342439,1,2.61879e-11,ukb-d-30770_raw,IGF-1 || id:ukb-d-30770_raw,TRUE,reported,igd,2,TRUE
rs4678497,C,T,C,T,0.086673,-0.0193,0.37347,0.377734,FALSE,FALSE,FALSE,ebi-a-GCST002245,3,33213119,0.0163,54162,0.2369,Alzheimer's disease (late onset),TRUE,33213119,0.013603,342439,3,1.87232e-10,ukb-d-30770_raw,IGF-1 || id:ukb-d-30770_raw,TRUE,reported,igd,2,TRUE
rs4709989,A,G,A,G,-0.09068,-0.0108,0.24189,0.248509,FALSE,FALSE,FALSE,ebi-a-GCST002245,6,166260182,0.0183,54162,0.5569,Alzheimer's disease (late onset),TRUE,166260182,0.015377,342439,6,3.70621e-09,ukb-d-30770_raw,IGF-1 || id:ukb-d-30770_raw,TRUE,reported,igd,2,TRUE
rs4782865,T,C,T,C,-0.097798,0.0229,0.60723,0.633201,FALSE,FALSE,FALSE,ebi-a-GCST002245,16,83983071,0.0165,54162,0.1649,Alzheimer's disease (late onset),TRUE,83983071,0.013508,342439,16,4.49159e-13,ukb-d-30770_raw,IGF-1 || id:ukb-d-30770_raw,TRUE,reported,igd,2,TRUE
rs4790814,A,G,A,G,-0.088692,-0.0014,0.51869,0.484095,FALSE,FALSE,FALSE,ebi-a-GCST002245,17,1622177,0.0162,54162,0.9305,Alzheimer's disease (late onset),TRUE,1622177,0.013176,342439,17,1.68461e-11,ukb-d-30770_raw,IGF-1 || id:ukb-d-30770_raw,TRUE,reported,igd,2,TRUE
rs4793090,A,G,A,G,0.092484,-0.0312,0.65489,0.676938,FALSE,FALSE,FALSE,ebi-a-GCST002245,17,40686342,0.0167,54162,0.06132,Alzheimer's disease (late onset),TRUE,40686342,0.01388,342439,17,2.68968e-11,ukb-d-30770_raw,IGF-1 || id:ukb-d-30770_raw,TRUE,reported,igd,2,TRUE
rs4804014,A,G,A,G,-0.092997,-0.01,0.73624,0.709742,FALSE,FALSE,FALSE,ebi-a-GCST002245,19,47542060,0.0235,54162,0.6724,Alzheimer's disease (late onset),TRUE,47542060,0.015236,342439,19,1.0371e-09,ukb-d-30770_raw,IGF-1 || id:ukb-d-30770_raw,TRUE,reported,igd,2,TRUE
rs4822452,T,C,T,C,-0.10159,-0.0159,0.61096,0.635189,FALSE,FALSE,FALSE,ebi-a-GCST002245,22,24254363,0.0161,54162,0.3244,Alzheimer's disease (late onset),TRUE,24254363,0.013517,342439,22,5.66892e-14,ukb-d-30770_raw,IGF-1 || id:ukb-d-30770_raw,TRUE,reported,igd,2,TRUE
rs4823324,C,T,C,T,-0.079321,0.0119,0.4172,0.418489,FALSE,FALSE,FALSE,ebi-a-GCST002245,22,46238123,0.0163,54162,0.4645,Alzheimer's disease (late onset),TRUE,46238123,0.013505,342439,22,4.26737e-09,ukb-d-30770_raw,IGF-1 || id:ukb-d-30770_raw,TRUE,reported,igd,2,TRUE
rs4852306,T,C,T,C,0.085004,0.0012,0.61104,0.619284,FALSE,FALSE,FALSE,ebi-a-GCST002245,2,73688784,0.0158,54162,0.9385,Alzheimer's disease (late onset),TRUE,73688784,0.013528,342439,2,3.30826e-10,ukb-d-30770_raw,IGF-1 || id:ukb-d-30770_raw,TRUE,reported,igd,2,TRUE
rs4858992,C,T,C,T,0.14955,0.0044,0.84384,0.842942,FALSE,FALSE,FALSE,ebi-a-GCST002245,3,88123780,0.0221,54162,0.843,Alzheimer's disease (late onset),TRUE,88123780,0.018134,342439,3,1.63155e-16,ukb-d-30770_raw,IGF-1 || id:ukb-d-30770_raw,TRUE,reported,igd,2,TRUE
rs4940688,A,G,A,G,0.10877,-0.0048,0.75658,0.747515,FALSE,FALSE,FALSE,ebi-a-GCST002245,18,56089044,0.0181,54162,0.7914,Alzheimer's disease (late onset),TRUE,56089044,0.015382,342439,18,1.54099e-12,ukb-d-30770_raw,IGF-1 || id:ukb-d-30770_raw,TRUE,reported,igd,2,TRUE
rs4942553,G,A,G,A,0.12235,-0.0133,0.73478,0.754473,FALSE,FALSE,FALSE,ebi-a-GCST002245,13,47155975,0.0177,54162,0.4522,Alzheimer's disease (late onset),TRUE,47155975,0.014897,342439,13,2.1707e-16,ukb-d-30770_raw,IGF-1 || id:ukb-d-30770_raw,TRUE,reported,igd,2,TRUE
rs520829,G,T,G,T,-0.18748,0.0239,0.47458,0.481113,FALSE,FALSE,FALSE,ebi-a-GCST002245,6,160767905,0.0155,54162,0.1238,Alzheimer's disease (late onset),TRUE,160767905,0.013206,342439,6,9.9747e-46,ukb-d-30770_raw,IGF-1 || id:ukb-d-30770_raw,TRUE,reported,igd,2,TRUE
rs529952,G,A,G,A,0.074462,3e-04,0.49228,0.528827,FALSE,FALSE,FALSE,ebi-a-GCST002245,18,58164703,0.0157,54162,0.9843,Alzheimer's disease (late onset),TRUE,58164703,0.013203,342439,18,1.7062e-08,ukb-d-30770_raw,IGF-1 || id:ukb-d-30770_raw,TRUE,reported,igd,2,TRUE
rs546567,T,C,T,C,-0.096103,0.0168,0.32988,0.347913,FALSE,FALSE,FALSE,ebi-a-GCST002245,6,100099703,0.0168,54162,0.3181,Alzheimer's disease (late onset),TRUE,100099703,0.014017,342439,6,7.0762e-12,ukb-d-30770_raw,IGF-1 || id:ukb-d-30770_raw,TRUE,reported,igd,2,TRUE
rs55681913,C,T,C,T,0.33442,-0.0158,0.10712,0.104374,FALSE,FALSE,FALSE,ebi-a-GCST002245,5,42687629,0.0301,54162,0.5986,Alzheimer's disease (late onset),TRUE,42687629,0.02155,342439,5,2.70707e-54,ukb-d-30770_raw,IGF-1 || id:ukb-d-30770_raw,TRUE,reported,igd,2,TRUE
rs56052701,T,C,T,C,-0.11383,0.0041,0.46138,0.460239,FALSE,FALSE,FALSE,ebi-a-GCST002245,7,46794960,0.016,54162,0.7965,Alzheimer's disease (late onset),TRUE,46794960,0.013289,342439,7,1.07498e-17,ukb-d-30770_raw,IGF-1 || id:ukb-d-30770_raw,TRUE,reported,igd,2,TRUE
rs564634,C,G,C,G,0.31034,-0.0027,0.31993,0.275348,FALSE,TRUE,FALSE,ebi-a-GCST002245,3,172153628,0.017,54162,0.8751,Alzheimer's disease (late onset),TRUE,172153628,0.014144,342439,3,1.23027e-106,ukb-d-30770_raw,IGF-1 || id:ukb-d-30770_raw,TRUE,reported,igd,2,TRUE
rs569356,G,A,G,A,0.14931,0.0122,0.14095,0.130219,FALSE,FALSE,FALSE,ebi-a-GCST002245,1,29136686,0.0243,54162,0.6166,Alzheimer's disease (late onset),TRUE,29136686,0.018934,342439,1,3.13112e-15,ukb-d-30770_raw,IGF-1 || id:ukb-d-30770_raw,TRUE,reported,igd,2,TRUE
rs5742915,C,T,C,T,0.13535,-0.0185,0.4616,0.43837,FALSE,FALSE,FALSE,ebi-a-GCST002245,15,74336633,0.0163,54162,0.258,Alzheimer's disease (late onset),TRUE,74336633,0.013208,342439,15,1.2297e-24,ukb-d-30770_raw,IGF-1 || id:ukb-d-30770_raw,TRUE,reported,igd,2,TRUE
rs586199,A,G,A,G,0.07626,-0.0069,0.51554,0.50497,FALSE,FALSE,FALSE,ebi-a-GCST002245,5,78397980,0.0155,54162,0.658,Alzheimer's disease (late onset),TRUE,78397980,0.013175,342439,5,7.11984e-09,ukb-d-30770_raw,IGF-1 || id:ukb-d-30770_raw,TRUE,reported,igd,2,TRUE
rs58899348,C,A,C,A,0.28063,-0.011,0.020775,0.0228628,FALSE,FALSE,FALSE,ebi-a-GCST002245,12,111632784,0.0631,54162,0.8621,Alzheimer's disease (late onset),TRUE,111632784,0.046443,342439,12,1.51911e-09,ukb-d-30770_raw,IGF-1 || id:ukb-d-30770_raw,TRUE,reported,igd,2,TRUE
rs592277,G,A,G,A,0.075412,-7e-04,0.57041,0.571571,FALSE,FALSE,FALSE,ebi-a-GCST002245,6,84420886,0.0177,54162,0.9678,Alzheimer's disease (late onset),TRUE,84420886,0.013753,342439,6,4.18129e-08,ukb-d-30770_raw,IGF-1 || id:ukb-d-30770_raw,TRUE,reported,igd,2,TRUE
rs59950280,A,G,A,G,-0.091555,-0.0173,0.33103,0.309145,FALSE,FALSE,FALSE,ebi-a-GCST002245,4,3452345,0.0195,54162,0.3755,Alzheimer's disease (late onset),TRUE,3452345,0.014186,342439,4,1.09001e-10,ukb-d-30770_raw,IGF-1 || id:ukb-d-30770_raw,TRUE,reported,igd,2,TRUE
rs599839,A,G,A,G,-0.16519,3e-04,0.77169,0.77833,FALSE,FALSE,FALSE,ebi-a-GCST002245,1,109822166,0.0189,54162,0.9871,Alzheimer's disease (late onset),TRUE,109822166,0.015681,342439,1,6.0562e-26,ukb-d-30770_raw,IGF-1 || id:ukb-d-30770_raw,TRUE,reported,igd,2,TRUE
rs6000002,G,T,G,T,0.14624,0.0345,0.13675,0.119284,FALSE,FALSE,FALSE,ebi-a-GCST002245,22,36178273,0.0227,54162,0.1294,Alzheimer's disease (late onset),TRUE,36178273,0.019155,342439,22,2.27143e-14,ukb-d-30770_raw,IGF-1 || id:ukb-d-30770_raw,TRUE,reported,igd,2,TRUE
rs6082354,C,A,C,A,-0.23346,-0.0337,0.66668,0.662028,FALSE,FALSE,FALSE,ebi-a-GCST002245,20,21217976,0.0166,54162,0.04192,Alzheimer's disease (late onset),TRUE,21217976,0.013971,342439,20,1.15771e-62,ukb-d-30770_raw,IGF-1 || id:ukb-d-30770_raw,TRUE,reported,igd,2,TRUE
rs6088579,G,A,G,A,0.14804,0.0201,0.81763,0.877734,FALSE,FALSE,FALSE,ebi-a-GCST002245,20,33284624,0.0213,54162,0.3445,Alzheimer's disease (late onset),TRUE,33284624,0.01709,342439,20,4.64408e-18,ukb-d-30770_raw,IGF-1 || id:ukb-d-30770_raw,TRUE,reported,igd,2,TRUE
rs61953394,C,T,C,T,-0.13655,-0.0361,0.091295,0.100398,FALSE,FALSE,FALSE,ebi-a-GCST002245,12,123753372,0.0267,54162,0.1764,Alzheimer's disease (late onset),TRUE,123753372,0.022885,342439,12,2.42042e-09,ukb-d-30770_raw,IGF-1 || id:ukb-d-30770_raw,TRUE,reported,igd,2,TRUE
rs62019879,A,G,A,G,0.081328,-0.0068,0.45496,0.457256,FALSE,FALSE,FALSE,ebi-a-GCST002245,15,40877516,0.0155,54162,0.662,Alzheimer's disease (late onset),TRUE,40877516,0.013232,342439,15,7.92812e-10,ukb-d-30770_raw,IGF-1 || id:ukb-d-30770_raw,TRUE,reported,igd,2,TRUE
rs62025941,C,G,C,G,-0.088238,0.0101,0.74518,0.681909,FALSE,TRUE,FALSE,ebi-a-GCST002245,16,10533301,0.0171,54162,0.5539,Alzheimer's disease (late onset),TRUE,10533301,0.015146,342439,16,5.68238e-09,ukb-d-30770_raw,IGF-1 || id:ukb-d-30770_raw,TRUE,reported,igd,2,TRUE
rs620715,T,G,T,G,-0.093287,-0.0112,0.43913,0.475149,FALSE,FALSE,FALSE,ebi-a-GCST002245,6,147570239,0.0159,54162,0.4822,Alzheimer's disease (late onset),TRUE,147570239,0.013278,342439,6,2.13108e-12,ukb-d-30770_raw,IGF-1 || id:ukb-d-30770_raw,TRUE,reported,igd,2,TRUE
rs62078793,A,G,A,G,0.11431,0.0207,0.12408,0.0994036,FALSE,FALSE,FALSE,ebi-a-GCST002245,17,42630720,0.0237,54162,0.3841,Alzheimer's disease (late onset),TRUE,42630720,0.020149,342439,17,1.4013e-08,ukb-d-30770_raw,IGF-1 || id:ukb-d-30770_raw,TRUE,reported,igd,2,TRUE
rs62114286,T,G,T,G,-0.19436,-0.0045,0.31461,0.312127,FALSE,FALSE,FALSE,ebi-a-GCST002245,19,5005387,0.0175,54162,0.7975,Alzheimer's disease (late onset),TRUE,5005387,0.014204,342439,19,1.30677e-42,ukb-d-30770_raw,IGF-1 || id:ukb-d-30770_raw,TRUE,reported,igd,2,TRUE
rs62136965,C,T,C,T,0.21756,-0.0288,0.046608,0.0467197,FALSE,FALSE,FALSE,ebi-a-GCST002245,2,44347953,0.0551,54162,0.6009,Alzheimer's disease (late onset),TRUE,44347953,0.031523,342439,2,5.14754e-12,ukb-d-30770_raw,IGF-1 || id:ukb-d-30770_raw,TRUE,reported,igd,2,TRUE
rs62182127,A,G,A,G,0.10241,-0.0093,0.56332,0.587475,FALSE,FALSE,FALSE,ebi-a-GCST002245,2,219279588,0.0158,54162,0.5561,Alzheimer's disease (late onset),TRUE,219279588,0.013298,342439,2,1.35301e-14,ukb-d-30770_raw,IGF-1 || id:ukb-d-30770_raw,TRUE,reported,igd,2,TRUE
rs62265578,C,T,C,T,0.09022,-0.0212,0.2511,0.275348,FALSE,FALSE,FALSE,ebi-a-GCST002245,3,124350073,0.0181,54162,0.2413,Alzheimer's disease (late onset),TRUE,124350073,0.015243,342439,3,3.2496e-09,ukb-d-30770_raw,IGF-1 || id:ukb-d-30770_raw,TRUE,reported,igd,2,TRUE
rs62280667,C,T,C,T,0.15798,0.012,0.33915,0.347913,FALSE,FALSE,FALSE,ebi-a-GCST002245,3,101084604,0.0164,54162,0.4634,Alzheimer's disease (late onset),TRUE,101084604,0.013918,342439,3,7.40457e-30,ukb-d-30770_raw,IGF-1 || id:ukb-d-30770_raw,TRUE,reported,igd,2,TRUE
rs62467361,T,C,T,C,0.18164,-0.071,0.052962,0.0646123,FALSE,FALSE,FALSE,ebi-a-GCST002245,7,32893749,0.0338,54162,0.03577,Alzheimer's disease (late onset),TRUE,32893749,0.029551,342439,7,7.92793e-10,ukb-d-30770_raw,IGF-1 || id:ukb-d-30770_raw,TRUE,reported,igd,2,TRUE
rs62560861,A,C,A,C,0.11626,-0.0099,0.19284,0.203777,FALSE,FALSE,FALSE,ebi-a-GCST002245,9,34078582,0.0196,54162,0.6122,Alzheimer's disease (late onset),TRUE,34078582,0.016684,342439,9,3.20184e-12,ukb-d-30770_raw,IGF-1 || id:ukb-d-30770_raw,TRUE,reported,igd,2,TRUE
rs6436916,C,G,C,G,-0.10451,0.0014,0.30014,0.292247,FALSE,TRUE,FALSE,ebi-a-GCST002245,2,231035999,0.0171,54162,0.9346,Alzheimer's disease (late onset),TRUE,231035999,0.014371,342439,2,3.54405e-13,ukb-d-30770_raw,IGF-1 || id:ukb-d-30770_raw,TRUE,reported,igd,2,TRUE
rs6457765,A,G,A,G,-0.12583,-0.0086,0.12665,0.139165,FALSE,FALSE,FALSE,ebi-a-GCST002245,6,34160945,0.0263,54162,0.7426,Alzheimer's disease (late onset),TRUE,34160945,0.019993,342439,6,3.10742e-10,ukb-d-30770_raw,IGF-1 || id:ukb-d-30770_raw,TRUE,reported,igd,2,TRUE
rs6471835,C,A,C,A,-0.076258,-0.0039,0.66022,0.67495,FALSE,FALSE,FALSE,ebi-a-GCST002245,8,60746997,0.0161,54162,0.8097,Alzheimer's disease (late onset),TRUE,60746997,0.013906,342439,8,4.16313e-08,ukb-d-30770_raw,IGF-1 || id:ukb-d-30770_raw,TRUE,reported,igd,2,TRUE
rs6486122,T,C,T,C,0.10433,0.0175,0.69115,0.703777,FALSE,FALSE,FALSE,ebi-a-GCST002245,11,13361524,0.0167,54162,0.2938,Alzheimer's disease (late onset),TRUE,13361524,0.014241,342439,11,2.37137e-13,ukb-d-30770_raw,IGF-1 || id:ukb-d-30770_raw,TRUE,reported,igd,2,TRUE
rs6510177,C,T,C,T,-0.1209,0.0059,0.80498,0.813121,FALSE,FALSE,FALSE,ebi-a-GCST002245,19,31211647,0.0264,54162,0.8244,Alzheimer's disease (late onset),TRUE,31211647,0.016883,342439,19,8.00756e-13,ukb-d-30770_raw,IGF-1 || id:ukb-d-30770_raw,TRUE,reported,igd,2,TRUE
rs6519133,C,T,C,T,-0.15785,-0.0161,0.39352,0.404573,FALSE,FALSE,FALSE,ebi-a-GCST002245,22,39096602,0.0171,54162,0.3479,Alzheimer's disease (late onset),TRUE,39096602,0.013495,342439,22,1.33906e-31,ukb-d-30770_raw,IGF-1 || id:ukb-d-30770_raw,TRUE,reported,igd,2,TRUE
rs6539045,T,C,T,C,-0.086374,0.0022,0.54569,0.577535,FALSE,FALSE,FALSE,ebi-a-GCST002245,12,103085570,0.0182,54162,0.9031,Alzheimer's disease (late onset),TRUE,103085570,0.013665,342439,12,2.60298e-10,ukb-d-30770_raw,IGF-1 || id:ukb-d-30770_raw,TRUE,reported,igd,2,TRUE
rs6602912,G,T,G,T,0.10876,-0.0064,0.28267,0.32505,FALSE,FALSE,FALSE,ebi-a-GCST002245,13,114546549,0.0182,54162,0.7244,Alzheimer's disease (late onset),TRUE,114546549,0.014602,342439,13,9.50386e-14,ukb-d-30770_raw,IGF-1 || id:ukb-d-30770_raw,TRUE,reported,igd,2,TRUE
rs662026,G,A,G,A,0.38603,-0.0297,0.19771,0.188867,FALSE,FALSE,FALSE,ebi-a-GCST002245,1,91531022,0.0201,54162,0.1389,Alzheimer's disease (late onset),TRUE,91531022,0.016547,342439,1,2.77971e-120,ukb-d-30770_raw,IGF-1 || id:ukb-d-30770_raw,TRUE,reported,igd,2,TRUE
rs6663780,C,T,C,T,0.12835,0.032,0.14667,0.162028,FALSE,FALSE,FALSE,ebi-a-GCST002245,1,234850374,0.0216,54162,0.1378,Alzheimer's disease (late onset),TRUE,234850374,0.018835,342439,1,9.47545e-12,ukb-d-30770_raw,IGF-1 || id:ukb-d-30770_raw,TRUE,reported,igd,2,TRUE
rs6670,A,T,A,T,-0.10258,-0.0195,0.21757,0.224652,FALSE,TRUE,FALSE,ebi-a-GCST002245,7,45952254,0.0263,54162,0.458,Alzheimer's disease (late onset),TRUE,45952254,0.016788,342439,7,9.97149e-10,ukb-d-30770_raw,IGF-1 || id:ukb-d-30770_raw,TRUE,reported,igd,2,TRUE
rs667668,A,G,A,G,-0.10986,-0.0045,0.43296,0.45825,FALSE,FALSE,FALSE,ebi-a-GCST002245,5,134597890,0.0165,54162,0.7841,Alzheimer's disease (late onset),TRUE,134597890,0.013323,342439,5,1.6512e-16,ukb-d-30770_raw,IGF-1 || id:ukb-d-30770_raw,TRUE,reported,igd,2,TRUE
rs6754136,C,T,C,T,-0.10056,-0.0452,0.24349,0.23161,FALSE,FALSE,FALSE,ebi-a-GCST002245,2,64911801,0.0185,54162,0.01465,Alzheimer's disease (late onset),TRUE,64911801,0.015399,342439,2,6.58264e-11,ukb-d-30770_raw,IGF-1 || id:ukb-d-30770_raw,TRUE,reported,igd,2,TRUE
rs67868323,T,G,T,G,0.085664,-0.0061,0.721,0.729622,FALSE,FALSE,FALSE,ebi-a-GCST002245,19,4048561,0.0204,54162,0.7645,Alzheimer's disease (late onset),TRUE,4048561,0.014849,342439,19,7.97756e-09,ukb-d-30770_raw,IGF-1 || id:ukb-d-30770_raw,TRUE,reported,igd,2,TRUE
rs6822348,T,A,T,A,0.1983,0.0411,0.69848,0.696819,FALSE,TRUE,FALSE,ebi-a-GCST002245,4,100053894,0.0166,54162,0.01329,Alzheimer's disease (late onset),TRUE,100053894,0.014365,342439,4,2.46377e-43,ukb-d-30770_raw,IGF-1 || id:ukb-d-30770_raw,TRUE,reported,igd,2,TRUE
rs687339,T,C,T,C,0.21461,-0.0201,0.77192,0.770378,FALSE,FALSE,FALSE,ebi-a-GCST002245,3,135932359,0.0189,54162,0.2863,Alzheimer's disease (late onset),TRUE,135932359,0.015716,342439,3,1.91646e-42,ukb-d-30770_raw,IGF-1 || id:ukb-d-30770_raw,TRUE,reported,igd,2,TRUE
rs6888349,A,C,A,C,-0.084186,0.004,0.25783,0.260437,FALSE,FALSE,FALSE,ebi-a-GCST002245,5,157939414,0.0181,54162,0.8242,Alzheimer's disease (late onset),TRUE,157939414,0.015061,342439,5,2.27578e-08,ukb-d-30770_raw,IGF-1 || id:ukb-d-30770_raw,TRUE,reported,igd,2,TRUE
rs6913063,G,C,G,C,-0.083451,0.0156,0.68427,0.682903,FALSE,TRUE,FALSE,ebi-a-GCST002245,6,129326573,0.0168,54162,0.3527,Alzheimer's disease (late onset),TRUE,129326573,0.014186,342439,6,4.04017e-09,ukb-d-30770_raw,IGF-1 || id:ukb-d-30770_raw,TRUE,reported,igd,2,TRUE
rs6916994,T,C,T,C,-0.15436,0.0302,0.48729,0.467197,FALSE,FALSE,FALSE,ebi-a-GCST002245,6,87991236,0.0159,54162,0.05753,Alzheimer's disease (late onset),TRUE,87991236,0.013252,342439,6,2.38836e-31,ukb-d-30770_raw,IGF-1 || id:ukb-d-30770_raw,TRUE,reported,igd,2,TRUE
rs6974707,A,G,A,G,0.10085,0.0159,0.22502,0.230616,FALSE,FALSE,FALSE,ebi-a-GCST002245,7,55982894,0.0182,54162,0.3834,Alzheimer's disease (late onset),TRUE,55982894,0.015809,342439,7,1.77992e-10,ukb-d-30770_raw,IGF-1 || id:ukb-d-30770_raw,TRUE,reported,igd,2,TRUE
rs7012213,T,A,T,A,0.10261,0.0099,0.31159,0.312127,FALSE,TRUE,FALSE,ebi-a-GCST002245,8,135660469,0.0168,54162,0.5562,Alzheimer's disease (late onset),TRUE,135660469,0.014208,342439,8,5.12389e-13,ukb-d-30770_raw,IGF-1 || id:ukb-d-30770_raw,TRUE,reported,igd,2,TRUE
rs7093157,T,G,T,G,0.083592,0.0191,0.29728,0.343936,FALSE,FALSE,FALSE,ebi-a-GCST002245,10,13497653,0.0172,54162,0.2669,Alzheimer's disease (late onset),TRUE,13497653,0.014424,342439,10,6.83251e-09,ukb-d-30770_raw,IGF-1 || id:ukb-d-30770_raw,TRUE,reported,igd,2,TRUE
rs7114896,C,A,C,A,0.087555,-0.0052,0.55216,0.576541,FALSE,FALSE,FALSE,ebi-a-GCST002245,11,2059546,0.0167,54162,0.7559,Alzheimer's disease (late onset),TRUE,2059546,0.013285,342439,11,4.38935e-11,ukb-d-30770_raw,IGF-1 || id:ukb-d-30770_raw,TRUE,reported,igd,2,TRUE
rs7122769,T,A,T,A,-0.082909,-0.0059,0.41205,0.417495,FALSE,TRUE,FALSE,ebi-a-GCST002245,11,27905664,0.0185,54162,0.7491,Alzheimer's disease (late onset),TRUE,27905664,0.013558,342439,11,9.65762e-10,ukb-d-30770_raw,IGF-1 || id:ukb-d-30770_raw,TRUE,reported,igd,2,TRUE
rs71477696,G,T,G,T,-0.22019,-0.0133,0.03364,0.026839,FALSE,FALSE,FALSE,ebi-a-GCST002245,11,94133404,0.0748,54162,0.8593,Alzheimer's disease (late onset),TRUE,94133404,0.037161,342439,11,3.11753e-09,ukb-d-30770_raw,IGF-1 || id:ukb-d-30770_raw,TRUE,reported,igd,2,TRUE
rs71645289,C,A,C,A,-0.11235,-0.0212,0.11307,0.138171,FALSE,FALSE,FALSE,ebi-a-GCST002245,1,176457254,0.0238,54162,0.3746,Alzheimer's disease (late onset),TRUE,176457254,0.020918,342439,1,7.83809e-08,ukb-d-30770_raw,IGF-1 || id:ukb-d-30770_raw,TRUE,reported,igd,2,TRUE
rs7178424,T,C,T,C,-0.20659,0.0151,0.45002,0.464215,FALSE,FALSE,FALSE,ebi-a-GCST002245,15,62380259,0.016,54162,0.3479,Alzheimer's disease (late onset),TRUE,62380259,0.013227,342439,15,5.60015e-55,ukb-d-30770_raw,IGF-1 || id:ukb-d-30770_raw,TRUE,reported,igd,2,TRUE
rs7197580,A,G,A,G,-0.077892,-0.0116,0.48281,0.478131,FALSE,FALSE,FALSE,ebi-a-GCST002245,16,19278625,0.0155,54162,0.4555,Alzheimer's disease (late onset),TRUE,19278625,0.013181,342439,16,3.43503e-09,ukb-d-30770_raw,IGF-1 || id:ukb-d-30770_raw,TRUE,reported,igd,2,TRUE
rs7208815,T,C,T,C,-0.12874,0.0052,0.38867,0.378728,FALSE,FALSE,FALSE,ebi-a-GCST002245,17,38168715,0.0159,54162,0.7431,Alzheimer's disease (late onset),TRUE,38168715,0.01351,342439,17,1.59478e-21,ukb-d-30770_raw,IGF-1 || id:ukb-d-30770_raw,TRUE,reported,igd,2,TRUE
rs7254601,G,A,G,A,0.087768,0.0159,0.24294,0.248509,FALSE,FALSE,FALSE,ebi-a-GCST002245,19,36147315,0.018,54162,0.3767,Alzheimer's disease (late onset),TRUE,36147315,0.01542,342439,19,1.25869e-08,ukb-d-30770_raw,IGF-1 || id:ukb-d-30770_raw,TRUE,reported,igd,2,TRUE
rs72668134,A,G,A,G,0.13982,-0.0102,0.17915,0.191849,FALSE,FALSE,FALSE,ebi-a-GCST002245,4,90002268,0.0199,54162,0.6075,Alzheimer's disease (late onset),TRUE,90002268,0.017184,342439,4,4.06818e-16,ukb-d-30770_raw,IGF-1 || id:ukb-d-30770_raw,TRUE,reported,igd,2,TRUE
rs72745405,T,C,T,C,0.16436,-0.0183,0.17631,0.157058,FALSE,FALSE,FALSE,ebi-a-GCST002245,9,96246180,0.0225,54162,0.4158,Alzheimer's disease (late onset),TRUE,96246180,0.017371,342439,9,3.04719e-21,ukb-d-30770_raw,IGF-1 || id:ukb-d-30770_raw,TRUE,reported,igd,2,TRUE
rs73125628,T,C,T,C,-0.26809,0.0117,0.27791,0.300199,FALSE,FALSE,FALSE,ebi-a-GCST002245,20,20066701,0.0177,54162,0.5078,Alzheimer's disease (late onset),TRUE,20066701,0.01472,342439,20,4.44427e-74,ukb-d-30770_raw,IGF-1 || id:ukb-d-30770_raw,TRUE,reported,igd,2,TRUE
rs73373089,C,G,C,G,0.14722,-0.0369,0.13648,0.107356,FALSE,TRUE,FALSE,ebi-a-GCST002245,12,98144192,0.0237,54162,0.1197,Alzheimer's disease (late onset),TRUE,98144192,0.019367,342439,12,2.93089e-14,ukb-d-30770_raw,IGF-1 || id:ukb-d-30770_raw,TRUE,reported,igd,2,TRUE
rs7381453,G,A,G,A,0.22269,-0.0313,0.38031,0.38171,FALSE,FALSE,FALSE,ebi-a-GCST002245,6,166313164,0.0157,54162,0.04646,Alzheimer's disease (late onset),TRUE,166313164,0.013573,342439,6,1.80136e-60,ukb-d-30770_raw,IGF-1 || id:ukb-d-30770_raw,TRUE,reported,igd,2,TRUE
rs74327681,T,C,T,C,-0.29686,0.0098,0.042142,0.0506958,FALSE,FALSE,FALSE,ebi-a-GCST002245,18,74981730,0.0392,54162,0.8036,Alzheimer's disease (late onset),TRUE,74981730,0.032782,342439,18,1.36458e-19,ukb-d-30770_raw,IGF-1 || id:ukb-d-30770_raw,TRUE,reported,igd,2,TRUE
rs74401830,A,G,A,G,-0.082415,-0.0028,0.33056,0.326044,FALSE,FALSE,FALSE,ebi-a-GCST002245,19,34711072,0.017,54162,0.8674,Alzheimer's disease (late onset),TRUE,34711072,0.014033,342439,19,4.28864e-09,ukb-d-30770_raw,IGF-1 || id:ukb-d-30770_raw,TRUE,reported,igd,2,TRUE
rs7457999,C,T,C,T,0.092236,-0.0293,0.24251,0.244533,FALSE,FALSE,FALSE,ebi-a-GCST002245,7,133748235,0.0208,54162,0.1585,Alzheimer's disease (late onset),TRUE,133748235,0.01542,342439,7,2.21197e-09,ukb-d-30770_raw,IGF-1 || id:ukb-d-30770_raw,TRUE,reported,igd,2,TRUE
rs7478729,A,G,A,G,-0.11624,0.0498,0.62763,0.584493,FALSE,FALSE,FALSE,ebi-a-GCST002245,11,18319915,0.016,54162,0.001813,Alzheimer's disease (late onset),TRUE,18319915,0.013665,342439,11,1.80385e-17,ukb-d-30770_raw,IGF-1 || id:ukb-d-30770_raw,TRUE,reported,igd,2,TRUE
rs7540710,T,G,T,G,-0.099699,-0.0106,0.62729,0.624254,FALSE,FALSE,FALSE,ebi-a-GCST002245,1,93276400,0.0162,54162,0.5128,Alzheimer's disease (late onset),TRUE,93276400,0.013719,342439,1,3.67282e-13,ukb-d-30770_raw,IGF-1 || id:ukb-d-30770_raw,TRUE,reported,igd,2,TRUE
rs7545345,C,T,C,T,0.13691,0.0041,0.13097,0.149105,FALSE,FALSE,FALSE,ebi-a-GCST002245,1,205690941,0.0245,54162,0.8663,Alzheimer's disease (late onset),TRUE,205690941,0.019517,342439,1,2.30462e-12,ukb-d-30770_raw,IGF-1 || id:ukb-d-30770_raw,TRUE,reported,igd,2,TRUE
rs75660441,G,A,G,A,-0.22286,-0.0141,0.064859,0.05666,FALSE,FALSE,FALSE,ebi-a-GCST002245,9,97662448,0.0306,54162,0.6464,Alzheimer's disease (late onset),TRUE,97662448,0.026839,342439,9,1.01368e-16,ukb-d-30770_raw,IGF-1 || id:ukb-d-30770_raw,TRUE,reported,igd,2,TRUE
rs7578633,T,C,T,C,0.10302,0.0018,0.3611,0.393638,FALSE,FALSE,FALSE,ebi-a-GCST002245,2,113978650,0.0162,54162,0.9122,Alzheimer's disease (late onset),TRUE,113978650,0.013724,342439,2,6.1052e-14,ukb-d-30770_raw,IGF-1 || id:ukb-d-30770_raw,TRUE,reported,igd,2,TRUE
rs7630800,A,G,A,G,0.10863,-0.011,0.45012,0.409543,FALSE,FALSE,FALSE,ebi-a-GCST002245,3,98591737,0.0155,54162,0.4767,Alzheimer's disease (late onset),TRUE,98591737,0.013248,342439,3,2.40824e-16,ukb-d-30770_raw,IGF-1 || id:ukb-d-30770_raw,TRUE,reported,igd,2,TRUE
rs7632381,C,T,C,T,-0.17146,-0.023,0.44734,0.424453,FALSE,FALSE,FALSE,ebi-a-GCST002245,3,141106063,0.0161,54162,0.1519,Alzheimer's disease (late onset),TRUE,141106063,0.013238,342439,3,2.33884e-38,ukb-d-30770_raw,IGF-1 || id:ukb-d-30770_raw,TRUE,reported,igd,2,TRUE
rs76364377,A,G,A,G,0.16444,-0.0274,0.074793,0.0705765,FALSE,FALSE,FALSE,ebi-a-GCST002245,20,62319284,0.0324,54162,0.3985,Alzheimer's disease (late onset),TRUE,62319284,0.025008,342439,20,4.854e-11,ukb-d-30770_raw,IGF-1 || id:ukb-d-30770_raw,TRUE,reported,igd,2,TRUE
rs7644261,G,C,G,C,0.11242,0.0141,0.28403,0.290258,FALSE,TRUE,FALSE,ebi-a-GCST002245,3,170676134,0.0171,54162,0.4071,Alzheimer's disease (late onset),TRUE,170676134,0.014609,342439,3,1.41906e-14,ukb-d-30770_raw,IGF-1 || id:ukb-d-30770_raw,TRUE,reported,igd,2,TRUE
rs7662792,T,A,T,A,-0.18978,0.0216,0.66236,0.680915,FALSE,TRUE,FALSE,ebi-a-GCST002245,4,45121873,0.0163,54162,0.1844,Alzheimer's disease (late onset),TRUE,45121873,0.013934,342439,4,3.11315e-42,ukb-d-30770_raw,IGF-1 || id:ukb-d-30770_raw,TRUE,reported,igd,2,TRUE
rs76750172,T,C,T,C,0.32911,0.1249,0.024012,0.0397614,FALSE,FALSE,FALSE,ebi-a-GCST002245,13,28395297,0.0678,54162,0.06558,Alzheimer's disease (late onset),TRUE,28395297,0.043107,342439,13,2.26882e-14,ukb-d-30770_raw,IGF-1 || id:ukb-d-30770_raw,TRUE,reported,igd,2,TRUE
rs7719168,C,A,C,A,0.16605,-0.0114,0.11265,0.11332,FALSE,FALSE,FALSE,ebi-a-GCST002245,5,53292390,0.0248,54162,0.6474,Alzheimer's disease (late onset),TRUE,53292390,0.020908,342439,5,1.9948e-15,ukb-d-30770_raw,IGF-1 || id:ukb-d-30770_raw,TRUE,reported,igd,2,TRUE
rs7730092,T,G,T,G,0.11031,-0.0031,0.19101,0.213718,FALSE,FALSE,FALSE,ebi-a-GCST002245,5,89480176,0.0205,54162,0.88,Alzheimer's disease (late onset),TRUE,89480176,0.016837,342439,5,5.70427e-11,ukb-d-30770_raw,IGF-1 || id:ukb-d-30770_raw,TRUE,reported,igd,2,TRUE
rs77507057,T,C,T,C,0.18065,0.0076,0.061719,0.0745527,FALSE,FALSE,FALSE,ebi-a-GCST002245,5,180639322,0.035,54162,0.8283,Alzheimer's disease (late onset),TRUE,180639322,0.027364,342439,5,4.0635e-11,ukb-d-30770_raw,IGF-1 || id:ukb-d-30770_raw,TRUE,reported,igd,2,TRUE
rs77542162,G,A,G,A,0.28201,0.0061,0.022981,0.0109344,FALSE,FALSE,FALSE,ebi-a-GCST002245,17,67081278,0.079,54162,0.938,Alzheimer's disease (late onset),TRUE,67081278,0.04399,342439,17,1.44861e-10,ukb-d-30770_raw,IGF-1 || id:ukb-d-30770_raw,TRUE,reported,igd,2,TRUE
rs7756117,A,G,A,G,-0.19313,-0.0248,0.69469,0.653082,FALSE,FALSE,FALSE,ebi-a-GCST002245,6,26046565,0.0165,54162,0.133,Alzheimer's disease (late onset),TRUE,26046565,0.014304,342439,6,1.56279e-41,ukb-d-30770_raw,IGF-1 || id:ukb-d-30770_raw,TRUE,reported,igd,2,TRUE
rs77704058,G,C,G,C,0.16601,-0.003,0.054958,0.0576541,FALSE,TRUE,FALSE,ebi-a-GCST002245,2,111928231,0.0368,54162,0.9342,Alzheimer's disease (late onset),TRUE,111928231,0.028947,342439,2,9.769e-09,ukb-d-30770_raw,IGF-1 || id:ukb-d-30770_raw,TRUE,reported,igd,2,TRUE
rs7785231,G,A,G,A,-0.079606,0.0031,0.62686,0.645129,FALSE,FALSE,FALSE,ebi-a-GCST002245,7,44821737,0.0168,54162,0.8546,Alzheimer's disease (late onset),TRUE,44821737,0.013634,342439,7,5.26854e-09,ukb-d-30770_raw,IGF-1 || id:ukb-d-30770_raw,TRUE,reported,igd,2,TRUE
rs7896519,T,C,T,C,-0.082198,-0.0073,0.33673,0.362823,FALSE,FALSE,FALSE,ebi-a-GCST002245,10,104866863,0.0163,54162,0.6561,Alzheimer's disease (late onset),TRUE,104866863,0.013934,342439,10,3.65999e-09,ukb-d-30770_raw,IGF-1 || id:ukb-d-30770_raw,TRUE,reported,igd,2,TRUE
rs79218426,T,C,T,C,0.41025,-0.009,0.0393,0.0526839,FALSE,FALSE,FALSE,ebi-a-GCST002245,12,102889497,0.0473,54162,0.8492,Alzheimer's disease (late onset),TRUE,102889497,0.033881,342439,12,9.64717e-34,ukb-d-30770_raw,IGF-1 || id:ukb-d-30770_raw,TRUE,reported,igd,2,TRUE
rs7952602,C,G,C,G,-0.11412,0.0175,0.1352,0.129225,FALSE,TRUE,FALSE,ebi-a-GCST002245,11,126233669,0.0238,54162,0.4621,Alzheimer's disease (late onset),TRUE,126233669,0.019329,342439,11,3.54446e-09,ukb-d-30770_raw,IGF-1 || id:ukb-d-30770_raw,TRUE,reported,igd,2,TRUE
rs7968682,T,G,T,G,0.11789,0.0201,0.51495,0.552684,FALSE,FALSE,FALSE,ebi-a-GCST002245,12,66371880,0.0158,54162,0.2042,Alzheimer's disease (late onset),TRUE,66371880,0.013246,342439,12,5.5847e-19,ukb-d-30770_raw,IGF-1 || id:ukb-d-30770_raw,TRUE,reported,igd,2,TRUE
rs8055075,G,C,G,C,-0.091782,-0.0074,0.58057,0.584493,FALSE,TRUE,FALSE,ebi-a-GCST002245,16,56124884,0.0156,54162,0.635,Alzheimer's disease (late onset),TRUE,56124884,0.013353,342439,16,6.2647e-12,ukb-d-30770_raw,IGF-1 || id:ukb-d-30770_raw,TRUE,reported,igd,2,TRUE
rs8078623,G,A,G,A,-0.10841,0.0036,0.84912,0.854871,FALSE,FALSE,FALSE,ebi-a-GCST002245,17,57767650,0.0221,54162,0.8702,Alzheimer's disease (late onset),TRUE,57767650,0.018386,342439,17,3.72169e-09,ukb-d-30770_raw,IGF-1 || id:ukb-d-30770_raw,TRUE,reported,igd,2,TRUE
rs8105174,T,C,T,C,-0.25888,-0.0489,0.18781,0.192843,FALSE,FALSE,FALSE,ebi-a-GCST002245,19,10347032,0.022,54162,0.02628,Alzheimer's disease (late onset),TRUE,10347032,0.016865,342439,19,3.6779e-53,ukb-d-30770_raw,IGF-1 || id:ukb-d-30770_raw,TRUE,reported,igd,2,TRUE
rs8126001,T,C,T,C,0.14217,0.0087,0.48978,0.482107,FALSE,FALSE,FALSE,ebi-a-GCST002245,20,62711459,0.0191,54162,0.6482,Alzheimer's disease (late onset),TRUE,62711459,0.013216,342439,20,5.52205e-27,ukb-d-30770_raw,IGF-1 || id:ukb-d-30770_raw,TRUE,reported,igd,2,TRUE
rs8178860,T,G,T,G,0.45571,-0.1393,0.010469,0.0188867,FALSE,FALSE,FALSE,ebi-a-GCST002245,17,64210467,0.0866,54162,0.1077,Alzheimer's disease (late onset),TRUE,64210467,0.068169,342439,17,2.31313e-11,ukb-d-30770_raw,IGF-1 || id:ukb-d-30770_raw,TRUE,reported,igd,2,TRUE
rs8181612,A,T,A,T,-0.080386,-0.0056,0.70651,0.703777,FALSE,TRUE,FALSE,ebi-a-GCST002245,12,89904698,0.0177,54162,0.7531,Alzheimer's disease (late onset),TRUE,89904698,0.014561,342439,12,3.38221e-08,ukb-d-30770_raw,IGF-1 || id:ukb-d-30770_raw,TRUE,reported,igd,2,TRUE
rs856537,T,C,T,C,0.49566,0.0137,0.54918,0.538767,FALSE,FALSE,FALSE,ebi-a-GCST002245,7,46710536,0.0165,54162,0.4074,Alzheimer's disease (late onset),TRUE,46710536,0.013245,342439,7,1e-200,ukb-d-30770_raw,IGF-1 || id:ukb-d-30770_raw,TRUE,reported,igd,2,TRUE
rs876374,A,C,A,C,-0.12691,0.0106,0.51561,0.452286,FALSE,FALSE,FALSE,ebi-a-GCST002245,14,101204203,0.0168,54162,0.5258,Alzheimer's disease (late onset),TRUE,101204203,0.013227,342439,14,8.43918e-22,ukb-d-30770_raw,IGF-1 || id:ukb-d-30770_raw,TRUE,reported,igd,2,TRUE
rs886860,A,G,A,G,-0.090821,-0.0163,0.74541,0.728628,FALSE,FALSE,FALSE,ebi-a-GCST002245,16,4422305,0.0189,54162,0.3904,Alzheimer's disease (late onset),TRUE,4422305,0.015182,342439,16,2.20222e-09,ukb-d-30770_raw,IGF-1 || id:ukb-d-30770_raw,TRUE,reported,igd,2,TRUE
rs927809,C,T,C,T,0.111,-0.0136,0.26617,0.301193,FALSE,FALSE,FALSE,ebi-a-GCST002245,20,54862685,0.0178,54162,0.4431,Alzheimer's disease (late onset),TRUE,54862685,0.014903,342439,20,9.49292e-14,ukb-d-30770_raw,IGF-1 || id:ukb-d-30770_raw,TRUE,reported,igd,2,TRUE
rs9288726,C,T,C,T,0.091414,-0.001,0.65838,0.692843,FALSE,FALSE,FALSE,ebi-a-GCST002245,2,242442728,0.0184,54162,0.9585,Alzheimer's disease (late onset),TRUE,242442728,0.013902,342439,2,4.85177e-11,ukb-d-30770_raw,IGF-1 || id:ukb-d-30770_raw,TRUE,reported,igd,2,TRUE
rs9398171,T,C,T,C,0.26939,0.0422,0.71207,0.645129,FALSE,FALSE,FALSE,ebi-a-GCST002245,6,108983527,0.0169,54162,0.01257,Alzheimer's disease (late onset),TRUE,108983527,0.014554,342439,6,1.89496e-76,ukb-d-30770_raw,IGF-1 || id:ukb-d-30770_raw,TRUE,reported,igd,2,TRUE
rs9398805,T,C,T,C,0.3648,-0.015,0.45472,0.454274,FALSE,FALSE,FALSE,ebi-a-GCST002245,6,126726295,0.0156,54162,0.3362,Alzheimer's disease (late onset),TRUE,126726295,0.013216,342439,6,1.61065e-167,ukb-d-30770_raw,IGF-1 || id:ukb-d-30770_raw,TRUE,reported,igd,2,TRUE
rs951740,A,G,A,G,-0.14171,-0.0025,0.62279,0.634195,FALSE,FALSE,FALSE,ebi-a-GCST002245,1,44011737,0.0164,54162,0.8776,Alzheimer's disease (late onset),TRUE,44011737,0.013617,342439,1,2.32756e-25,ukb-d-30770_raw,IGF-1 || id:ukb-d-30770_raw,TRUE,reported,igd,2,TRUE
rs9532512,A,G,A,G,0.21238,-0.0232,0.18488,0.178926,FALSE,FALSE,FALSE,ebi-a-GCST002245,13,40769897,0.0199,54162,0.2436,Alzheimer's disease (late onset),TRUE,40769897,0.017003,342439,13,8.51922e-36,ukb-d-30770_raw,IGF-1 || id:ukb-d-30770_raw,TRUE,reported,igd,2,TRUE
rs9583151,C,T,C,T,0.084414,-0.0333,0.49365,0.505964,FALSE,FALSE,FALSE,ebi-a-GCST002245,13,107666257,0.0155,54162,0.03216,Alzheimer's disease (late onset),TRUE,107666257,0.013222,342439,13,1.72449e-10,ukb-d-30770_raw,IGF-1 || id:ukb-d-30770_raw,TRUE,reported,igd,2,TRUE
rs9611567,G,A,G,A,-0.14803,0.0306,0.24363,0.245527,FALSE,FALSE,FALSE,ebi-a-GCST002245,22,41769754,0.0194,54162,0.1145,Alzheimer's disease (late onset),TRUE,41769754,0.015383,342439,22,6.4328e-22,ukb-d-30770_raw,IGF-1 || id:ukb-d-30770_raw,TRUE,reported,igd,2,TRUE
rs9672549,C,T,C,T,0.1272,-0.0018,0.62138,0.61332,FALSE,FALSE,FALSE,ebi-a-GCST002245,15,99180105,0.0174,54162,0.9185,Alzheimer's disease (late onset),TRUE,99180105,0.013731,342439,15,1.97424e-20,ukb-d-30770_raw,IGF-1 || id:ukb-d-30770_raw,TRUE,reported,igd,2,TRUE
rs9728077,A,C,A,C,-0.10185,-0.0282,0.66826,0.66004,FALSE,FALSE,FALSE,ebi-a-GCST002245,1,66013848,0.0168,54162,0.09325,Alzheimer's disease (late onset),TRUE,66013848,0.014057,342439,1,4.31122e-13,ukb-d-30770_raw,IGF-1 || id:ukb-d-30770_raw,TRUE,reported,igd,2,TRUE
rs978458,C,T,C,T,-0.42473,0.0087,0.73966,0.757455,FALSE,FALSE,FALSE,ebi-a-GCST002245,12,102802239,0.0182,54162,0.6324,Alzheimer's disease (late onset),TRUE,102802239,0.01499,342439,12,2.0893e-176,ukb-d-30770_raw,IGF-1 || id:ukb-d-30770_raw,TRUE,reported,igd,2,TRUE
rs9875903,A,G,A,G,-0.082674,-0.0195,0.38217,0.335984,FALSE,FALSE,FALSE,ebi-a-GCST002245,3,23180423,0.0162,54162,0.228,Alzheimer's disease (late onset),TRUE,23180423,0.013628,342439,3,1.30719e-09,ukb-d-30770_raw,IGF-1 || id:ukb-d-30770_raw,TRUE,reported,igd,2,TRUE
rs9876650,T,G,T,G,-0.12434,0.0498,0.17929,0.166004,FALSE,FALSE,FALSE,ebi-a-GCST002245,3,107245051,0.0201,54162,0.01317,Alzheimer's disease (late onset),TRUE,107245051,0.017253,342439,3,5.74116e-13,ukb-d-30770_raw,IGF-1 || id:ukb-d-30770_raw,TRUE,reported,igd,2,TRUE
rs9879333,A,G,A,G,-0.10421,0.0178,0.24587,0.260437,FALSE,FALSE,FALSE,ebi-a-GCST002245,3,186381220,0.018,54162,0.323,Alzheimer's disease (late onset),TRUE,186381220,0.015329,342439,3,1.0639e-11,ukb-d-30770_raw,IGF-1 || id:ukb-d-30770_raw,TRUE,reported,igd,2,TRUE
rs9892862,G,A,G,A,0.11709,-0.0066,0.77386,0.762425,FALSE,FALSE,FALSE,ebi-a-GCST002245,17,7439014,0.0196,54162,0.7375,Alzheimer's disease (late onset),TRUE,7439014,0.015783,342439,17,1.18086e-13,ukb-d-30770_raw,IGF-1 || id:ukb-d-30770_raw,TRUE,reported,igd,2,TRUE
rs9931360,T,C,T,C,0.20476,-1e-04,0.11879,0.117296,FALSE,FALSE,FALSE,ebi-a-GCST002245,16,1939295,0.0281,54162,0.9958,Alzheimer's disease (late onset),TRUE,1939295,0.020363,342439,16,8.72569e-24,ukb-d-30770_raw,IGF-1 || id:ukb-d-30770_raw,TRUE,reported,igd,2,TRUE
rs9978775,G,A,G,A,0.10395,-0.0056,0.56933,0.599404,FALSE,FALSE,FALSE,ebi-a-GCST002245,21,40694526,0.0156,54162,0.7216,Alzheimer's disease (late onset),TRUE,40694526,0.013307,342439,21,5.66109e-15,ukb-d-30770_raw,IGF-1 || id:ukb-d-30770_raw,TRUE,reported,igd,2,TRUE
rs998075,G,A,G,A,-0.11778,0.0012,0.46452,0.484095,FALSE,FALSE,FALSE,ebi-a-GCST002245,6,160468278,0.0157,54162,0.9412,Alzheimer's disease (late onset),TRUE,160468278,0.013238,342439,6,5.72928e-19,ukb-d-30770_raw,IGF-1 || id:ukb-d-30770_raw,TRUE,reported,igd,2,TRUE
rs998584,A,C,A,C,0.10704,-0.0292,0.48167,0.503976,FALSE,FALSE,FALSE,ebi-a-GCST002245,6,43757896,0.0181,54162,0.1061,Alzheimer's disease (late onset),TRUE,43757896,0.013216,342439,6,5.5616e-16,ukb-d-30770_raw,IGF-1 || id:ukb-d-30770_raw,TRUE,reported,igd,2,TRUE
