SNP,effect_allele.exposure,other_allele.exposure,effect_allele.outcome,other_allele.outcome,beta.exposure,beta.outcome,eaf.exposure,eaf.outcome,remove,palindromic,ambiguous,id.outcome,chr,pos,se.outcome,samplesize.outcome,pval.outcome,outcome,mr_keep.outcome,chr.exposure,pval.exposure,pos.exposure,samplesize.exposure,se.exposure,id.exposure,exposure,mr_keep.exposure,pval_origin.exposure,data_source.exposure,action,mr_keep
rs12212737,A,G,A,G,-0.00133901,0.0046,0.352871,0.351889,FALSE,FALSE,FALSE,ebi-a-GCST002245,6,90838675,0.0173,54162,0.7911,Alzheimer's disease (late onset),TRUE,6,9.70287e-12,90838675,361194,0.000196594,ukb-d-ASTHMA_EOSINOPHIL_SUGG,Suggestive for eosinophilic asthma || id:ukb-d-ASTHMA_EOSINOPHIL_SUGG,TRUE,reported,igd,2,TRUE
rs12479210,T,C,T,C,0.00109987,0.0088,0.388524,0.34493,FALSE,FALSE,FALSE,ebi-a-GCST002245,2,102949161,0.016,54162,0.5808,Alzheimer's disease (late onset),TRUE,2,1.06167e-08,102949161,361194,0.000192261,ukb-d-ASTHMA_EOSINOPHIL_SUGG,Suggestive for eosinophilic asthma || id:ukb-d-ASTHMA_EOSINOPHIL_SUGG,TRUE,reported,igd,2,TRUE
rs13196901,A,G,A,G,-0.0020244,-0.003,0.0758112,0.102386,FALSE,FALSE,FALSE,ebi-a-GCST002245,6,423273,0.0303,54162,0.9203,Alzheimer's disease (late onset),TRUE,6,1.44275e-08,423273,361194,0.000357141,ukb-d-ASTHMA_EOSINOPHIL_SUGG,Suggestive for eosinophilic asthma || id:ukb-d-ASTHMA_EOSINOPHIL_SUGG,TRUE,reported,igd,2,TRUE
rs1837253,C,T,C,T,0.00198215,-0.0163,0.739975,0.747515,FALSE,FALSE,FALSE,ebi-a-GCST002245,5,110401872,0.0181,54162,0.3694,Alzheimer's disease (late onset),TRUE,5,1.63832e-20,110401872,361194,0.000213498,ukb-d-ASTHMA_EOSINOPHIL_SUGG,Suggestive for eosinophilic asthma || id:ukb-d-ASTHMA_EOSINOPHIL_SUGG,TRUE,reported,igd,2,TRUE
rs1888909,C,T,C,T,-0.00184697,-0.02,0.744449,0.751491,FALSE,FALSE,FALSE,ebi-a-GCST002245,9,6197392,0.018,54162,0.2675,Alzheimer's disease (late onset),TRUE,9,7.80728e-18,6197392,361194,0.000214692,ukb-d-ASTHMA_EOSINOPHIL_SUGG,Suggestive for eosinophilic asthma || id:ukb-d-ASTHMA_EOSINOPHIL_SUGG,TRUE,reported,igd,2,TRUE
rs338598,A,C,A,C,-0.00108826,-0.001,0.520198,0.511928,FALSE,FALSE,FALSE,ebi-a-GCST002245,19,41701528,0.0173,54162,0.9546,Alzheimer's disease (late onset),TRUE,19,1.18733e-08,41701528,361194,0.000190867,ukb-d-ASTHMA_EOSINOPHIL_SUGG,Suggestive for eosinophilic asthma || id:ukb-d-ASTHMA_EOSINOPHIL_SUGG,TRUE,reported,igd,2,TRUE
rs4802105,T,C,T,C,0.00127683,-0.0245,0.201326,0.238569,FALSE,FALSE,FALSE,ebi-a-GCST002245,19,41538033,0.0202,54162,0.2268,Alzheimer's disease (late onset),TRUE,19,4.53848e-08,41538033,361194,0.000233483,ukb-d-ASTHMA_EOSINOPHIL_SUGG,Suggestive for eosinophilic asthma || id:ukb-d-ASTHMA_EOSINOPHIL_SUGG,TRUE,reported,igd,2,TRUE
rs61840192,A,G,A,G,-0.00118298,0.0108,0.430969,0.420477,FALSE,FALSE,FALSE,ebi-a-GCST002245,10,9043404,0.017,54162,0.5257,Alzheimer's disease (late onset),TRUE,10,5.62885e-10,9043404,361194,0.000190783,ukb-d-ASTHMA_EOSINOPHIL_SUGG,Suggestive for eosinophilic asthma || id:ukb-d-ASTHMA_EOSINOPHIL_SUGG,TRUE,reported,igd,2,TRUE
rs62247034,A,C,A,C,-0.001389,-0.0098,0.323011,0.357853,FALSE,FALSE,FALSE,ebi-a-GCST002245,3,71545798,0.0165,54162,0.5508,Alzheimer's disease (late onset),TRUE,3,4.7687e-12,71545798,361194,0.000200939,ukb-d-ASTHMA_EOSINOPHIL_SUGG,Suggestive for eosinophilic asthma || id:ukb-d-ASTHMA_EOSINOPHIL_SUGG,TRUE,reported,igd,2,TRUE
rs6688113,A,G,A,G,0.0035592,-0.211,0.0231731,0.0248509,FALSE,FALSE,FALSE,ebi-a-GCST002245,1,151060527,0.1099,54162,0.05474,Alzheimer's disease (late onset),TRUE,1,1.08335e-08,151060527,361194,0.000622535,ukb-d-ASTHMA_EOSINOPHIL_SUGG,Suggestive for eosinophilic asthma || id:ukb-d-ASTHMA_EOSINOPHIL_SUGG,TRUE,reported,igd,2,TRUE
rs705705,C,G,C,G,0.00110055,-0.0169,0.341344,0.328032,FALSE,TRUE,FALSE,ebi-a-GCST002245,12,56435504,0.0167,54162,0.3121,Alzheimer's disease (late onset),TRUE,12,3.039e-08,56435504,361194,0.00019868,ukb-d-ASTHMA_EOSINOPHIL_SUGG,Suggestive for eosinophilic asthma || id:ukb-d-ASTHMA_EOSINOPHIL_SUGG,TRUE,reported,igd,2,TRUE
rs71421665,C,T,C,T,0.0017491,-0.0206,0.127629,0.130219,FALSE,FALSE,FALSE,ebi-a-GCST002245,2,233654647,0.0292,54162,0.4797,Alzheimer's disease (late onset),TRUE,2,7.01972e-10,233654647,361194,0.000283677,ukb-d-ASTHMA_EOSINOPHIL_SUGG,Suggestive for eosinophilic asthma || id:ukb-d-ASTHMA_EOSINOPHIL_SUGG,TRUE,reported,igd,2,TRUE
rs9272422,C,T,C,T,0.00254656,-0.1165,0.228575,0.227634,FALSE,FALSE,FALSE,ebi-a-GCST002245,6,32605132,0.0264,54162,1.044e-05,Alzheimer's disease (late onset),TRUE,6,6.20726e-30,32605132,361194,0.000224039,ukb-d-ASTHMA_EOSINOPHIL_SUGG,Suggestive for eosinophilic asthma || id:ukb-d-ASTHMA_EOSINOPHIL_SUGG,TRUE,reported,igd,2,TRUE
