SNP,effect_allele.exposure,other_allele.exposure,effect_allele.outcome,other_allele.outcome,beta.exposure,beta.outcome,eaf.exposure,eaf.outcome,remove,palindromic,ambiguous,id.outcome,chr,pos,se.outcome,samplesize.outcome,pval.outcome,outcome,mr_keep.outcome,samplesize.exposure,pos.exposure,se.exposure,pval.exposure,chr.exposure,id.exposure,exposure,mr_keep.exposure,pval_origin.exposure,data_source.exposure,action,mr_keep
rs1006140,G,A,G,A,-0.00170468,-0.0401,0.409353,0.420477,FALSE,FALSE,FALSE,ebi-a-GCST002245,19,38778915,0.016,54162,0.01232,Alzheimer's disease (late onset),TRUE,361194,38778915,0.00030796,3.10735e-08,19,ukb-d-C3_PROSTATE,Malignant neoplasm of prostate || id:ukb-d-C3_PROSTATE,TRUE,reported,igd,2,TRUE
rs10486567,A,G,A,G,-0.00231221,-0.0188,0.232318,0.229622,FALSE,FALSE,FALSE,ebi-a-GCST002245,7,27976563,0.0182,54162,0.3019,Alzheimer's disease (late onset),TRUE,361194,27976563,0.000357179,9.58517e-11,7,ukb-d-C3_PROSTATE,Malignant neoplasm of prostate || id:ukb-d-C3_PROSTATE,TRUE,reported,igd,2,TRUE
rs10505477,G,A,G,A,-0.00397773,-0.0101,0.490354,0.520875,FALSE,FALSE,FALSE,ebi-a-GCST002245,8,128407443,0.0156,54162,0.5155,Alzheimer's disease (late onset),TRUE,361194,128407443,0.000301677,1.08768e-39,8,ukb-d-C3_PROSTATE,Malignant neoplasm of prostate || id:ukb-d-C3_PROSTATE,TRUE,reported,igd,2,TRUE
rs10840606,G,A,G,A,0.00392505,0.0021,0.17875,0.171968,FALSE,FALSE,FALSE,ebi-a-GCST002245,11,2234690,0.0216,54162,0.9236,Alzheimer's disease (late onset),TRUE,361194,2234690,0.000398804,7.46793e-23,11,ukb-d-C3_PROSTATE,Malignant neoplasm of prostate || id:ukb-d-C3_PROSTATE,TRUE,reported,igd,2,TRUE
rs10993994,C,T,C,T,-0.00364171,-0.0049,0.610103,0.61332,FALSE,FALSE,FALSE,ebi-a-GCST002245,10,51549496,0.0165,54162,0.7654,Alzheimer's disease (late onset),TRUE,361194,51549496,0.000308675,4.05695e-32,10,ukb-d-C3_PROSTATE,Malignant neoplasm of prostate || id:ukb-d-C3_PROSTATE,TRUE,reported,igd,2,TRUE
rs12275055,G,A,G,A,0.00444112,-0.0013,0.170181,0.177932,FALSE,FALSE,FALSE,ebi-a-GCST002245,11,68981359,0.0204,54162,0.9478,Alzheimer's disease (late onset),TRUE,361194,68981359,0.000401508,1.95749e-28,11,ukb-d-C3_PROSTATE,Malignant neoplasm of prostate || id:ukb-d-C3_PROSTATE,TRUE,reported,igd,2,TRUE
rs12639623,T,G,T,G,0.00184472,-0.0027,0.456286,0.477137,FALSE,FALSE,FALSE,ebi-a-GCST002245,4,95525186,0.0155,54162,0.8593,Alzheimer's disease (late onset),TRUE,361194,95525186,0.000303506,1.2179e-09,4,ukb-d-C3_PROSTATE,Malignant neoplasm of prostate || id:ukb-d-C3_PROSTATE,TRUE,reported,igd,2,TRUE
rs12889169,T,C,T,C,0.00214765,0.0158,0.814917,0.798211,FALSE,FALSE,FALSE,ebi-a-GCST002245,14,53368232,0.0195,54162,0.419,Alzheimer's disease (late onset),TRUE,361194,53368232,0.000388543,3.2517e-08,14,ukb-d-C3_PROSTATE,Malignant neoplasm of prostate || id:ukb-d-C3_PROSTATE,TRUE,reported,igd,2,TRUE
rs13265330,T,C,T,C,-0.00256646,-0.0104,0.580845,0.524851,FALSE,FALSE,FALSE,ebi-a-GCST002245,8,23525543,0.0155,54162,0.5001,Alzheimer's disease (late onset),TRUE,361194,23525543,0.000306262,5.31374e-17,8,ukb-d-C3_PROSTATE,Malignant neoplasm of prostate || id:ukb-d-C3_PROSTATE,TRUE,reported,igd,2,TRUE
rs17120257,C,T,C,T,0.00325251,0.025,0.112745,0.132207,FALSE,FALSE,FALSE,ebi-a-GCST002245,12,53303331,0.0249,54162,0.3163,Alzheimer's disease (late onset),TRUE,361194,53303331,0.000480984,1.36113e-11,12,ukb-d-C3_PROSTATE,Malignant neoplasm of prostate || id:ukb-d-C3_PROSTATE,TRUE,reported,igd,2,TRUE
rs17464492,G,A,G,A,-0.00280861,0.012,0.285791,0.276342,FALSE,FALSE,FALSE,ebi-a-GCST002245,8,128342866,0.0169,54162,0.4775,Alzheimer's disease (late onset),TRUE,361194,128342866,0.000333956,4.11055e-17,8,ukb-d-C3_PROSTATE,Malignant neoplasm of prostate || id:ukb-d-C3_PROSTATE,TRUE,reported,igd,2,TRUE
rs17632542,C,T,C,T,-0.00614719,0.012,0.0732944,0.0705765,FALSE,FALSE,FALSE,ebi-a-GCST002245,19,51361757,0.031,54162,0.6988,Alzheimer's disease (late onset),TRUE,361194,51361757,0.000578824,2.42382e-26,19,ukb-d-C3_PROSTATE,Malignant neoplasm of prostate || id:ukb-d-C3_PROSTATE,TRUE,reported,igd,2,TRUE
rs2220407,A,G,A,G,-0.00206952,-0.0189,0.545072,0.54672,FALSE,FALSE,FALSE,ebi-a-GCST002245,3,87198531,0.0155,54162,0.2232,Alzheimer's disease (late onset),TRUE,361194,87198531,0.000303164,8.72168e-12,3,ukb-d-C3_PROSTATE,Malignant neoplasm of prostate || id:ukb-d-C3_PROSTATE,TRUE,reported,igd,2,TRUE
rs4582524,C,G,C,G,-0.00575702,0.0744,0.899897,0.898608,FALSE,TRUE,FALSE,ebi-a-GCST002245,8,128528435,0.0282,54162,0.008306,Alzheimer's disease (late onset),TRUE,361194,128528435,0.000502606,2.2636e-30,8,ukb-d-C3_PROSTATE,Malignant neoplasm of prostate || id:ukb-d-C3_PROSTATE,TRUE,reported,igd,2,TRUE
rs5759167,T,G,T,G,-0.00238845,0.0028,0.498337,0.493042,FALSE,FALSE,FALSE,ebi-a-GCST002245,22,43500212,0.0172,54162,0.8687,Alzheimer's disease (late onset),TRUE,361194,43500212,0.000302035,2.62543e-15,22,ukb-d-C3_PROSTATE,Malignant neoplasm of prostate || id:ukb-d-C3_PROSTATE,TRUE,reported,igd,2,TRUE
rs61436251,G,C,G,C,-0.00281856,-0.0202,0.199484,0.185885,FALSE,TRUE,FALSE,ebi-a-GCST002245,3,170083629,0.026,54162,0.4355,Alzheimer's disease (late onset),TRUE,361194,170083629,0.000379575,1.12538e-13,3,ukb-d-C3_PROSTATE,Malignant neoplasm of prostate || id:ukb-d-C3_PROSTATE,TRUE,reported,igd,2,TRUE
rs6458228,A,C,A,C,0.00207414,0.0148,0.273759,0.304175,FALSE,FALSE,FALSE,ebi-a-GCST002245,6,41543793,0.0178,54162,0.4037,Alzheimer's disease (late onset),TRUE,361194,41543793,0.000337785,8.23872e-10,6,ukb-d-C3_PROSTATE,Malignant neoplasm of prostate || id:ukb-d-C3_PROSTATE,TRUE,reported,igd,2,TRUE
rs6501436,A,G,A,G,-0.00251782,-0.0215,0.534679,0.517893,FALSE,FALSE,FALSE,ebi-a-GCST002245,17,69119290,0.0157,54162,0.1715,Alzheimer's disease (late onset),TRUE,361194,69119290,0.000302765,9.12221e-17,17,ukb-d-C3_PROSTATE,Malignant neoplasm of prostate || id:ukb-d-C3_PROSTATE,TRUE,reported,igd,2,TRUE
rs6545977,A,G,A,G,-0.0016502,4e-04,0.483334,0.502982,FALSE,FALSE,FALSE,ebi-a-GCST002245,2,63301164,0.0154,54162,0.9788,Alzheimer's disease (late onset),TRUE,361194,63301164,0.000302422,4.85624e-08,2,ukb-d-C3_PROSTATE,Malignant neoplasm of prostate || id:ukb-d-C3_PROSTATE,TRUE,reported,igd,2,TRUE
rs6965016,A,C,A,C,-0.002084,-0.0025,0.534359,0.50994,FALSE,FALSE,FALSE,ebi-a-GCST002245,7,97807882,0.0157,54162,0.8748,Alzheimer's disease (late onset),TRUE,361194,97807882,0.00030206,5.2348e-12,7,ukb-d-C3_PROSTATE,Malignant neoplasm of prostate || id:ukb-d-C3_PROSTATE,TRUE,reported,igd,2,TRUE
rs7679673,A,C,A,C,-0.00200347,8e-04,0.37226,0.394632,FALSE,FALSE,FALSE,ebi-a-GCST002245,4,106061534,0.0162,54162,0.9598,Alzheimer's disease (late onset),TRUE,361194,106061534,0.000311989,1.35014e-10,4,ukb-d-C3_PROSTATE,Malignant neoplasm of prostate || id:ukb-d-C3_PROSTATE,TRUE,reported,igd,2,TRUE
rs7826388,T,C,T,C,0.00810053,-0.0132,0.0332532,0.0357853,FALSE,FALSE,FALSE,ebi-a-GCST002245,8,128109776,0.043,54162,0.7596,Alzheimer's disease (late onset),TRUE,361194,128109776,0.000841343,6.12209e-22,8,ukb-d-C3_PROSTATE,Malignant neoplasm of prostate || id:ukb-d-C3_PROSTATE,TRUE,reported,igd,2,TRUE
rs80353656,C,T,C,T,-0.00409636,0.005,0.0623813,0.0387674,FALSE,FALSE,FALSE,ebi-a-GCST002245,2,173309402,0.0331,54162,0.8805,Alzheimer's disease (late onset),TRUE,361194,173309402,0.000624463,5.39511e-11,2,ukb-d-C3_PROSTATE,Malignant neoplasm of prostate || id:ukb-d-C3_PROSTATE,TRUE,reported,igd,2,TRUE
