SNP,effect_allele.exposure,other_allele.exposure,effect_allele.outcome,other_allele.outcome,beta.exposure,beta.outcome,eaf.exposure,eaf.outcome,remove,palindromic,ambiguous,id.outcome,chr,pos,se.outcome,samplesize.outcome,pval.outcome,outcome,mr_keep.outcome,se.exposure,pos.exposure,pval.exposure,chr.exposure,samplesize.exposure,id.exposure,exposure,mr_keep.exposure,pval_origin.exposure,data_source.exposure,action,mr_keep
rs10992790,T,C,T,C,0.0305561,-0.019,0.341889,0.366799,FALSE,FALSE,FALSE,ebi-a-GCST002245,9,96341357,0.0165,54162,0.2488,Alzheimer's disease (late onset),TRUE,0.00417962,96341357,2.70023e-13,9,448858,ukb-b-4982,Able to confide || id:ukb-b-4982,TRUE,reported,igd,2,TRUE
rs11641811,A,C,A,C,0.0243932,0.0088,0.522625,0.494036,FALSE,FALSE,FALSE,ebi-a-GCST002245,16,71635836,0.0158,54162,0.5786,Alzheimer's disease (late onset),TRUE,0.00394784,71635836,6.49995e-10,16,448858,ukb-b-4982,Able to confide || id:ukb-b-4982,TRUE,reported,igd,2,TRUE
rs11746120,G,T,G,T,-0.0312256,0.0044,0.808484,0.78827,FALSE,FALSE,FALSE,ebi-a-GCST002245,5,125370834,0.0193,54162,0.8197,Alzheimer's disease (late onset),TRUE,0.00501458,125370834,4.79999e-10,5,448858,ukb-b-4982,Able to confide || id:ukb-b-4982,TRUE,reported,igd,2,TRUE
rs1477503,T,C,T,C,-0.0232906,-0.0036,0.536742,0.528827,FALSE,FALSE,FALSE,ebi-a-GCST002245,2,60146915,0.0155,54162,0.8144,Alzheimer's disease (late onset),TRUE,0.00396393,60146915,4.20001e-09,2,448858,ukb-b-4982,Able to confide || id:ukb-b-4982,TRUE,reported,igd,2,TRUE
rs1830755,A,G,A,G,0.0244743,-0.0024,0.701522,0.701789,FALSE,FALSE,FALSE,ebi-a-GCST002245,13,108140053,0.0172,54162,0.8907,Alzheimer's disease (late onset),TRUE,0.0043285,108140053,1.6e-08,13,448858,ukb-b-4982,Able to confide || id:ukb-b-4982,TRUE,reported,igd,2,TRUE
rs35854893,T,C,T,C,-0.0478423,-0.0171,0.056852,0.0407555,FALSE,FALSE,FALSE,ebi-a-GCST002245,20,48059241,0.0347,54162,0.6234,Alzheimer's disease (late onset),TRUE,0.00854048,48059241,2.1e-08,20,448858,ukb-b-4982,Able to confide || id:ukb-b-4982,TRUE,reported,igd,2,TRUE
rs3783299,T,A,T,A,-0.0294415,0.0378,0.375459,0.380716,FALSE,TRUE,FALSE,ebi-a-GCST002245,14,30066976,0.016,54162,0.01842,Alzheimer's disease (late onset),TRUE,0.0040821,30066976,5.50047e-13,14,448858,ukb-b-4982,Able to confide || id:ukb-b-4982,TRUE,reported,igd,2,TRUE
rs4533947,A,G,A,G,-0.0230719,-0.0066,0.632672,0.627237,FALSE,FALSE,FALSE,ebi-a-GCST002245,5,152260682,0.016,54162,0.6797,Alzheimer's disease (late onset),TRUE,0.00409848,152260682,1.79999e-08,5,448858,ukb-b-4982,Able to confide || id:ukb-b-4982,TRUE,reported,igd,2,TRUE
rs4757144,A,G,A,G,0.0219335,0.005,0.590398,0.587475,FALSE,FALSE,FALSE,ebi-a-GCST002245,11,13331226,0.0156,54162,0.75,Alzheimer's disease (late onset),TRUE,0.00401296,13331226,4.60002e-08,11,448858,ukb-b-4982,Able to confide || id:ukb-b-4982,TRUE,reported,igd,2,TRUE
rs599550,A,G,A,G,-0.035542,-0.0032,0.84831,0.845924,FALSE,FALSE,FALSE,ebi-a-GCST002245,18,53252388,0.0221,54162,0.8828,Alzheimer's disease (late onset),TRUE,0.00551334,53252388,1.09999e-10,18,448858,ukb-b-4982,Able to confide || id:ukb-b-4982,TRUE,reported,igd,2,TRUE
rs78802615,G,A,G,A,-0.0437828,0.0271,0.074852,0.083499,FALSE,FALSE,FALSE,ebi-a-GCST002245,3,80738930,0.0687,54162,0.6937,Alzheimer's disease (late onset),TRUE,0.00776044,80738930,1.7e-08,3,448858,ukb-b-4982,Able to confide || id:ukb-b-4982,TRUE,reported,igd,2,TRUE
rs7926878,C,T,C,T,-0.0320199,0.0063,0.284864,0.281312,FALSE,FALSE,FALSE,ebi-a-GCST002245,11,57733759,0.017,54162,0.7109,Alzheimer's disease (late onset),TRUE,0.00437383,57733759,2.49977e-13,11,448858,ukb-b-4982,Able to confide || id:ukb-b-4982,TRUE,reported,igd,2,TRUE
rs80173267,C,A,C,A,-0.0315082,-0.0042,0.163193,0.148111,FALSE,FALSE,FALSE,ebi-a-GCST002245,11,131933385,0.0242,54162,0.8615,Alzheimer's disease (late onset),TRUE,0.00533901,131933385,3.59998e-09,11,448858,ukb-b-4982,Able to confide || id:ukb-b-4982,TRUE,reported,igd,2,TRUE
