SNP,effect_allele.exposure,other_allele.exposure,effect_allele.outcome,other_allele.outcome,beta.exposure,beta.outcome,eaf.exposure,eaf.outcome,remove,palindromic,ambiguous,id.outcome,chr,pos,se.outcome,samplesize.outcome,pval.outcome,outcome,mr_keep.outcome,pval.exposure,samplesize.exposure,pos.exposure,se.exposure,chr.exposure,id.exposure,exposure,mr_keep.exposure,pval_origin.exposure,data_source.exposure,action,mr_keep
rs10226248,A,G,A,G,-0.00158688,-0.0202,0.462741,0.493042,FALSE,FALSE,FALSE,ebi-a-GCST002245,7,116911348,0.0157,54162,0.1967,Alzheimer's disease (late onset),TRUE,6.29651e-14,361194,116911348,0.000211526,7,ukb-d-M13_DUPUTRYEN,Palmar fascial fibromatosis [Dupuytren] || id:ukb-d-M13_DUPUTRYEN,TRUE,reported,igd,2,TRUE
rs1042704,A,G,A,G,0.00152838,-0.0234,0.215483,0.198807,FALSE,FALSE,FALSE,ebi-a-GCST002245,14,23312594,0.0205,54162,0.2523,Alzheimer's disease (late onset),TRUE,2.69333e-09,361194,23312594,0.000256896,14,ukb-d-M13_DUPUTRYEN,Palmar fascial fibromatosis [Dupuytren] || id:ukb-d-M13_DUPUTRYEN,TRUE,reported,igd,2,TRUE
rs11123534,C,T,C,T,-0.00132185,0.025,0.288158,0.27336,FALSE,FALSE,FALSE,ebi-a-GCST002245,2,120473806,0.0178,54162,0.1592,Alzheimer's disease (late onset),TRUE,1.4223e-08,361194,120473806,0.000233097,2,ukb-d-M13_DUPUTRYEN,Palmar fascial fibromatosis [Dupuytren] || id:ukb-d-M13_DUPUTRYEN,TRUE,reported,igd,2,TRUE
rs113951080,A,G,A,G,0.00929062,-0.0454,0.235653,0.22167,FALSE,FALSE,FALSE,ebi-a-GCST002245,22,46378575,0.0375,54162,0.2264,Alzheimer's disease (late onset),TRUE,1e-200,361194,46378575,0.000248053,22,ukb-d-M13_DUPUTRYEN,Palmar fascial fibromatosis [Dupuytren] || id:ukb-d-M13_DUPUTRYEN,TRUE,reported,igd,2,TRUE
rs11665156,T,C,T,C,-0.00286524,0.0323,0.0773781,0.0656064,FALSE,FALSE,FALSE,ebi-a-GCST002245,18,9764516,0.0314,54162,0.3044,Alzheimer's disease (late onset),TRUE,3.88956e-13,361194,9764516,0.000394682,18,ukb-d-M13_DUPUTRYEN,Palmar fascial fibromatosis [Dupuytren] || id:ukb-d-M13_DUPUTRYEN,TRUE,reported,igd,2,TRUE
rs11672517,A,G,A,G,0.00281725,-0.0217,0.235656,0.255467,FALSE,FALSE,FALSE,ebi-a-GCST002245,19,57678194,0.0202,54162,0.2827,Alzheimer's disease (late onset),TRUE,9.36483e-30,361194,57678194,0.000248641,19,ukb-d-M13_DUPUTRYEN,Palmar fascial fibromatosis [Dupuytren] || id:ukb-d-M13_DUPUTRYEN,TRUE,reported,igd,2,TRUE
rs1172134,G,A,G,A,-0.00236705,-0.037,0.910109,0.898608,FALSE,FALSE,FALSE,ebi-a-GCST002245,1,205248032,0.0267,54162,0.1664,Alzheimer's disease (late onset),TRUE,1.43314e-10,361194,205248032,0.000369129,1,ukb-d-M13_DUPUTRYEN,Palmar fascial fibromatosis [Dupuytren] || id:ukb-d-M13_DUPUTRYEN,TRUE,reported,igd,2,TRUE
rs11730011,T,C,T,C,0.00125325,-0.0184,0.480363,0.461233,FALSE,FALSE,FALSE,ebi-a-GCST002245,4,154848741,0.0159,54162,0.2467,Alzheimer's disease (late onset),TRUE,3.89359e-09,361194,154848741,0.000212819,4,ukb-d-M13_DUPUTRYEN,Palmar fascial fibromatosis [Dupuytren] || id:ukb-d-M13_DUPUTRYEN,TRUE,reported,igd,2,TRUE
rs11783403,T,C,T,C,-0.00235842,-0.008,0.25546,0.274354,FALSE,FALSE,FALSE,ebi-a-GCST002245,8,69987264,0.0178,54162,0.6531,Alzheimer's disease (late onset),TRUE,2.12324e-22,361194,69987264,0.000242228,8,ukb-d-M13_DUPUTRYEN,Palmar fascial fibromatosis [Dupuytren] || id:ukb-d-M13_DUPUTRYEN,TRUE,reported,igd,2,TRUE
rs11810751,C,A,C,A,0.00179745,-0.0078,0.176109,0.166004,FALSE,FALSE,FALSE,ebi-a-GCST002245,1,22691597,0.0202,54162,0.7003,Alzheimer's disease (late onset),TRUE,8.72168e-11,361194,22691597,0.000277051,1,ukb-d-M13_DUPUTRYEN,Palmar fascial fibromatosis [Dupuytren] || id:ukb-d-M13_DUPUTRYEN,TRUE,reported,igd,2,TRUE
rs12340528,A,T,A,T,0.00207725,0.0277,0.256901,0.224652,FALSE,TRUE,FALSE,ebi-a-GCST002245,9,1202855,0.0228,54162,0.2245,Alzheimer's disease (late onset),TRUE,1.01158e-17,361194,1202855,0.0002423,9,ukb-d-M13_DUPUTRYEN,Palmar fascial fibromatosis [Dupuytren] || id:ukb-d-M13_DUPUTRYEN,TRUE,reported,igd,2,TRUE
rs12464309,T,G,T,G,0.00232888,-0.0111,0.103589,0.119284,FALSE,FALSE,FALSE,ebi-a-GCST002245,2,69284111,0.0246,54162,0.652,Alzheimer's disease (late onset),TRUE,2.07348e-11,361194,69284111,0.000347544,2,ukb-d-M13_DUPUTRYEN,Palmar fascial fibromatosis [Dupuytren] || id:ukb-d-M13_DUPUTRYEN,TRUE,reported,igd,2,TRUE
rs12762633,T,C,T,C,0.00292205,-0.1019,0.0576823,0.054672,FALSE,FALSE,FALSE,ebi-a-GCST002245,10,123253088,0.0775,54162,0.1887,Alzheimer's disease (late onset),TRUE,1.09285e-10,361194,123253088,0.000452771,10,ukb-d-M13_DUPUTRYEN,Palmar fascial fibromatosis [Dupuytren] || id:ukb-d-M13_DUPUTRYEN,TRUE,reported,igd,2,TRUE
rs13379416,T,C,T,C,-0.00174774,0.0288,0.143813,0.135189,FALSE,FALSE,FALSE,ebi-a-GCST002245,14,50982983,0.0224,54162,0.1994,Alzheimer's disease (late onset),TRUE,6.4998e-09,361194,50982983,0.000301153,14,ukb-d-M13_DUPUTRYEN,Palmar fascial fibromatosis [Dupuytren] || id:ukb-d-M13_DUPUTRYEN,TRUE,reported,igd,2,TRUE
rs1626823,C,T,C,T,0.00143908,-0.0337,0.474274,0.463221,FALSE,FALSE,FALSE,ebi-a-GCST002245,6,149710663,0.0156,54162,0.031,Alzheimer's disease (late onset),TRUE,1.0522e-11,361194,149710663,0.000211649,6,ukb-d-M13_DUPUTRYEN,Palmar fascial fibromatosis [Dupuytren] || id:ukb-d-M13_DUPUTRYEN,TRUE,reported,igd,2,TRUE
rs17171240,A,G,A,G,0.00700014,0.0729,0.104827,0.0994036,FALSE,FALSE,FALSE,ebi-a-GCST002245,7,38024574,0.0289,54162,0.01166,Alzheimer's disease (late onset),TRUE,1.523e-91,361194,38024574,0.000344877,7,ukb-d-M13_DUPUTRYEN,Palmar fascial fibromatosis [Dupuytren] || id:ukb-d-M13_DUPUTRYEN,TRUE,reported,igd,2,TRUE
rs17605696,C,T,C,T,0.00122151,0.0043,0.348152,0.312127,FALSE,FALSE,FALSE,ebi-a-GCST002245,2,12039678,0.0178,54162,0.8088,Alzheimer's disease (late onset),TRUE,3.7719e-08,361194,12039678,0.00022204,2,ukb-d-M13_DUPUTRYEN,Palmar fascial fibromatosis [Dupuytren] || id:ukb-d-M13_DUPUTRYEN,TRUE,reported,igd,2,TRUE
rs2348801,T,C,T,C,-0.00228726,0.039,0.453662,0.481113,FALSE,FALSE,FALSE,ebi-a-GCST002245,8,109167337,0.0156,54162,0.01228,Alzheimer's disease (late onset),TRUE,4.60787e-27,361194,109167337,0.000212293,8,ukb-d-M13_DUPUTRYEN,Palmar fascial fibromatosis [Dupuytren] || id:ukb-d-M13_DUPUTRYEN,TRUE,reported,igd,2,TRUE
rs2472658,A,G,A,G,0.00306784,-0.008,0.353491,0.349901,FALSE,FALSE,FALSE,ebi-a-GCST002245,7,37978803,0.0165,54162,0.6271,Alzheimer's disease (late onset),TRUE,7.46621e-44,361194,37978803,0.000220866,7,ukb-d-M13_DUPUTRYEN,Palmar fascial fibromatosis [Dupuytren] || id:ukb-d-M13_DUPUTRYEN,TRUE,reported,igd,2,TRUE
rs3828603,C,G,C,G,0.00136679,0.0117,0.758919,0.741551,FALSE,TRUE,FALSE,ebi-a-GCST002245,5,108712068,0.0179,54162,0.5128,Alzheimer's disease (late onset),TRUE,2.87687e-08,361194,108712068,0.000246318,5,ukb-d-M13_DUPUTRYEN,Palmar fascial fibromatosis [Dupuytren] || id:ukb-d-M13_DUPUTRYEN,TRUE,reported,igd,2,TRUE
rs4932195,C,T,C,T,-0.00170549,0.0027,0.217189,0.194831,FALSE,FALSE,FALSE,ebi-a-GCST002245,15,89252781,0.019,54162,0.8854,Alzheimer's disease (late onset),TRUE,2.73023e-11,361194,89252781,0.000256054,15,ukb-d-M13_DUPUTRYEN,Palmar fascial fibromatosis [Dupuytren] || id:ukb-d-M13_DUPUTRYEN,TRUE,reported,igd,2,TRUE
rs55774621,T,C,T,C,-0.00118781,0.0127,0.447542,0.44831,FALSE,FALSE,FALSE,ebi-a-GCST002245,7,15678495,0.0165,54162,0.4404,Alzheimer's disease (late onset),TRUE,2.36608e-08,361194,15678495,0.000212756,7,ukb-d-M13_DUPUTRYEN,Palmar fascial fibromatosis [Dupuytren] || id:ukb-d-M13_DUPUTRYEN,TRUE,reported,igd,2,TRUE
rs6029273,G,A,G,A,-0.001958,-0.0018,0.161189,0.153082,FALSE,FALSE,FALSE,ebi-a-GCST002245,20,39313690,0.0241,54162,0.9413,Alzheimer's disease (late onset),TRUE,9.01156e-12,361194,39313690,0.000287025,20,ukb-d-M13_DUPUTRYEN,Palmar fascial fibromatosis [Dupuytren] || id:ukb-d-M13_DUPUTRYEN,TRUE,reported,igd,2,TRUE
rs6093351,C,G,C,G,0.00471897,0.0056,0.0276549,0.028827,FALSE,TRUE,FALSE,ebi-a-GCST002245,20,39103218,0.0435,54162,0.8983,Alzheimer's disease (late onset),TRUE,2.61698e-13,361194,39103218,0.00064528,20,ukb-d-M13_DUPUTRYEN,Palmar fascial fibromatosis [Dupuytren] || id:ukb-d-M13_DUPUTRYEN,TRUE,reported,igd,2,TRUE
rs62499105,A,G,A,G,0.00228537,0.0291,0.144194,0.125249,FALSE,FALSE,FALSE,ebi-a-GCST002245,8,25834716,0.0257,54162,0.2579,Alzheimer's disease (late onset),TRUE,5.34072e-14,361194,25834716,0.00030376,8,ukb-d-M13_DUPUTRYEN,Palmar fascial fibromatosis [Dupuytren] || id:ukb-d-M13_DUPUTRYEN,TRUE,reported,igd,2,TRUE
rs652483,A,G,A,G,-0.00319045,-0.0193,0.719466,0.736581,FALSE,FALSE,FALSE,ebi-a-GCST002245,8,70055083,0.0172,54162,0.2605,Alzheimer's disease (late onset),TRUE,4.82503e-42,361194,70055083,0.000234797,8,ukb-d-M13_DUPUTRYEN,Palmar fascial fibromatosis [Dupuytren] || id:ukb-d-M13_DUPUTRYEN,TRUE,reported,igd,2,TRUE
rs7187690,T,C,T,C,-0.00184918,-0.0478,0.868739,0.872763,FALSE,FALSE,FALSE,ebi-a-GCST002245,16,75354969,0.0252,54162,0.05814,Alzheimer's disease (late onset),TRUE,3.3997e-09,361194,75354969,0.000312828,16,ukb-d-M13_DUPUTRYEN,Palmar fascial fibromatosis [Dupuytren] || id:ukb-d-M13_DUPUTRYEN,TRUE,reported,igd,2,TRUE
rs73818546,A,G,A,G,-0.00239534,-0.0563,0.144693,0.140159,FALSE,FALSE,FALSE,ebi-a-GCST002245,4,55941418,0.0266,54162,0.03456,Alzheimer's disease (late onset),TRUE,1.69512e-15,361194,55941418,0.000300839,4,ukb-d-M13_DUPUTRYEN,Palmar fascial fibromatosis [Dupuytren] || id:ukb-d-M13_DUPUTRYEN,TRUE,reported,igd,2,TRUE
rs7729301,A,G,A,G,-0.00137298,-0.0111,0.739777,0.727634,FALSE,FALSE,FALSE,ebi-a-GCST002245,5,157886953,0.0177,54162,0.5306,Alzheimer's disease (late onset),TRUE,1.1123e-08,361194,157886953,0.000240334,5,ukb-d-M13_DUPUTRYEN,Palmar fascial fibromatosis [Dupuytren] || id:ukb-d-M13_DUPUTRYEN,TRUE,reported,igd,2,TRUE
rs8028559,G,A,G,A,0.00161327,9e-04,0.364343,0.309145,FALSE,FALSE,FALSE,ebi-a-GCST002245,15,56130909,0.0162,54162,0.9549,Alzheimer's disease (late onset),TRUE,2.34207e-13,361194,56130909,0.000220153,15,ukb-d-M13_DUPUTRYEN,Palmar fascial fibromatosis [Dupuytren] || id:ukb-d-M13_DUPUTRYEN,TRUE,reported,igd,2,TRUE
