SNP,effect_allele.exposure,other_allele.exposure,effect_allele.outcome,other_allele.outcome,beta.exposure,beta.outcome,eaf.exposure,eaf.outcome,remove,palindromic,ambiguous,id.outcome,chr,pos,se.outcome,samplesize.outcome,pval.outcome,outcome,mr_keep.outcome,samplesize.exposure,pval.exposure,se.exposure,pos.exposure,chr.exposure,id.exposure,exposure,mr_keep.exposure,pval_origin.exposure,data_source.exposure,action,mr_keep
rs1042704,A,G,A,G,0.00163171,-0.0234,0.215483,0.198807,FALSE,FALSE,FALSE,ebi-a-GCST002245,14,23312594,0.0205,54162,0.2523,Alzheimer's disease (late onset),TRUE,361194,1.0227e-09,0.000267232,23312594,14,ukb-d-M13_FIBROBLASTIC,Fibroblastic disorders || id:ukb-d-M13_FIBROBLASTIC,TRUE,reported,igd,2,TRUE
rs11071234,G,T,G,T,0.00159766,2e-04,0.353054,0.310139,FALSE,FALSE,FALSE,ebi-a-GCST002245,15,56238327,0.0166,54162,0.9913,Alzheimer's disease (late onset),TRUE,361194,3.75578e-12,0.00023,56238327,15,ukb-d-M13_FIBROBLASTIC,Fibroblastic disorders || id:ukb-d-M13_FIBROBLASTIC,TRUE,reported,igd,2,TRUE
rs11123534,C,T,C,T,-0.00134617,0.025,0.288158,0.27336,FALSE,FALSE,FALSE,ebi-a-GCST002245,2,120473806,0.0178,54162,0.1592,Alzheimer's disease (late onset),TRUE,361194,2.83022e-08,0.000242476,120473806,2,ukb-d-M13_FIBROBLASTIC,Fibroblastic disorders || id:ukb-d-M13_FIBROBLASTIC,TRUE,reported,igd,2,TRUE
rs113951080,A,G,A,G,0.00949412,-0.0454,0.235653,0.22167,FALSE,FALSE,FALSE,ebi-a-GCST002245,22,46378575,0.0375,54162,0.2264,Alzheimer's disease (late onset),TRUE,361194,1e-200,0.000258051,46378575,22,ukb-d-M13_FIBROBLASTIC,Fibroblastic disorders || id:ukb-d-M13_FIBROBLASTIC,TRUE,reported,igd,2,TRUE
rs11665156,T,C,T,C,-0.0030103,0.0323,0.0773781,0.0656064,FALSE,FALSE,FALSE,ebi-a-GCST002245,18,9764516,0.0314,54162,0.3044,Alzheimer's disease (late onset),TRUE,361194,2.26986e-13,0.000410562,9764516,18,ukb-d-M13_FIBROBLASTIC,Fibroblastic disorders || id:ukb-d-M13_FIBROBLASTIC,TRUE,reported,igd,2,TRUE
rs11672517,A,G,A,G,0.00273638,-0.0217,0.235656,0.255467,FALSE,FALSE,FALSE,ebi-a-GCST002245,19,57678194,0.0202,54162,0.2827,Alzheimer's disease (late onset),TRUE,361194,3.74455e-26,0.000258651,57678194,19,ukb-d-M13_FIBROBLASTIC,Fibroblastic disorders || id:ukb-d-M13_FIBROBLASTIC,TRUE,reported,igd,2,TRUE
rs116866494,T,G,T,G,0.00465382,-0.0294,0.021087,0.0178926,FALSE,FALSE,FALSE,ebi-a-GCST002245,20,38439561,0.0803,54162,0.714,Alzheimer's disease (late onset),TRUE,361194,1.01573e-09,0.000762036,38439561,20,ukb-d-M13_FIBROBLASTIC,Fibroblastic disorders || id:ukb-d-M13_FIBROBLASTIC,TRUE,reported,igd,2,TRUE
rs1172134,G,A,G,A,-0.00247209,-0.037,0.910109,0.898608,FALSE,FALSE,FALSE,ebi-a-GCST002245,1,205248032,0.0267,54162,0.1664,Alzheimer's disease (late onset),TRUE,361194,1.21171e-10,0.000383981,205248032,1,ukb-d-M13_FIBROBLASTIC,Fibroblastic disorders || id:ukb-d-M13_FIBROBLASTIC,TRUE,reported,igd,2,TRUE
rs11730011,T,C,T,C,0.00124107,-0.0184,0.480363,0.461233,FALSE,FALSE,FALSE,ebi-a-GCST002245,4,154848741,0.0159,54162,0.2467,Alzheimer's disease (late onset),TRUE,361194,2.07219e-08,0.000221383,154848741,4,ukb-d-M13_FIBROBLASTIC,Fibroblastic disorders || id:ukb-d-M13_FIBROBLASTIC,TRUE,reported,igd,2,TRUE
rs11783403,T,C,T,C,-0.00242299,-0.008,0.25546,0.274354,FALSE,FALSE,FALSE,ebi-a-GCST002245,8,69987264,0.0178,54162,0.6531,Alzheimer's disease (late onset),TRUE,361194,6.88652e-22,0.000251975,69987264,8,ukb-d-M13_FIBROBLASTIC,Fibroblastic disorders || id:ukb-d-M13_FIBROBLASTIC,TRUE,reported,igd,2,TRUE
rs11810751,C,A,C,A,0.00177958,-0.0078,0.176109,0.166004,FALSE,FALSE,FALSE,ebi-a-GCST002245,1,22691597,0.0202,54162,0.7003,Alzheimer's disease (late onset),TRUE,361194,6.63147e-10,0.0002882,22691597,1,ukb-d-M13_FIBROBLASTIC,Fibroblastic disorders || id:ukb-d-M13_FIBROBLASTIC,TRUE,reported,igd,2,TRUE
rs12340528,A,T,A,T,0.0021972,0.0277,0.256901,0.224652,FALSE,TRUE,FALSE,ebi-a-GCST002245,9,1202855,0.0228,54162,0.2245,Alzheimer's disease (late onset),TRUE,361194,2.85825e-18,0.000252048,1202855,9,ukb-d-M13_FIBROBLASTIC,Fibroblastic disorders || id:ukb-d-M13_FIBROBLASTIC,TRUE,reported,igd,2,TRUE
rs12464309,T,G,T,G,0.00226722,-0.0111,0.103589,0.119284,FALSE,FALSE,FALSE,ebi-a-GCST002245,2,69284111,0.0246,54162,0.652,Alzheimer's disease (late onset),TRUE,361194,3.58773e-10,0.000361531,69284111,2,ukb-d-M13_FIBROBLASTIC,Fibroblastic disorders || id:ukb-d-M13_FIBROBLASTIC,TRUE,reported,igd,2,TRUE
rs12481155,T,C,T,C,-0.00324737,8e-04,0.050214,0.0367793,FALSE,FALSE,FALSE,ebi-a-GCST002245,20,39110179,0.0458,54162,0.9865,Alzheimer's disease (late onset),TRUE,361194,1.10726e-10,0.000503334,39110179,20,ukb-d-M13_FIBROBLASTIC,Fibroblastic disorders || id:ukb-d-M13_FIBROBLASTIC,TRUE,reported,igd,2,TRUE
rs12762633,T,C,T,C,0.00276682,-0.1019,0.0576823,0.054672,FALSE,FALSE,FALSE,ebi-a-GCST002245,10,123253088,0.0775,54162,0.1887,Alzheimer's disease (late onset),TRUE,361194,4.24668e-09,0.000470994,123253088,10,ukb-d-M13_FIBROBLASTIC,Fibroblastic disorders || id:ukb-d-M13_FIBROBLASTIC,TRUE,reported,igd,2,TRUE
rs1626823,C,T,C,T,0.00152094,-0.0337,0.474274,0.463221,FALSE,FALSE,FALSE,ebi-a-GCST002245,6,149710663,0.0156,54162,0.031,Alzheimer's disease (late onset),TRUE,361194,4.917e-12,0.000220164,149710663,6,ukb-d-M13_FIBROBLASTIC,Fibroblastic disorders || id:ukb-d-M13_FIBROBLASTIC,TRUE,reported,igd,2,TRUE
rs17171240,A,G,A,G,0.00724861,0.0729,0.104827,0.0994036,FALSE,FALSE,FALSE,ebi-a-GCST002245,7,38024574,0.0289,54162,0.01166,Alzheimer's disease (late onset),TRUE,361194,9.95864e-91,0.000358756,38024574,7,ukb-d-M13_FIBROBLASTIC,Fibroblastic disorders || id:ukb-d-M13_FIBROBLASTIC,TRUE,reported,igd,2,TRUE
rs17605696,C,T,C,T,0.00127761,0.0043,0.348152,0.312127,FALSE,FALSE,FALSE,ebi-a-GCST002245,2,12039678,0.0178,54162,0.8088,Alzheimer's disease (late onset),TRUE,361194,3.17885e-08,0.000230974,12039678,2,ukb-d-M13_FIBROBLASTIC,Fibroblastic disorders || id:ukb-d-M13_FIBROBLASTIC,TRUE,reported,igd,2,TRUE
rs2472658,A,G,A,G,0.00295062,-0.008,0.353491,0.349901,FALSE,FALSE,FALSE,ebi-a-GCST002245,7,37978803,0.0165,54162,0.6271,Alzheimer's disease (late onset),TRUE,361194,9.7051e-38,0.000229761,37978803,7,ukb-d-M13_FIBROBLASTIC,Fibroblastic disorders || id:ukb-d-M13_FIBROBLASTIC,TRUE,reported,igd,2,TRUE
rs3828603,C,G,C,G,0.00143657,0.0117,0.758919,0.741551,FALSE,TRUE,FALSE,ebi-a-GCST002245,5,108712068,0.0179,54162,0.5128,Alzheimer's disease (late onset),TRUE,361194,2.06486e-08,0.000256229,108712068,5,ukb-d-M13_FIBROBLASTIC,Fibroblastic disorders || id:ukb-d-M13_FIBROBLASTIC,TRUE,reported,igd,2,TRUE
rs423940,T,C,T,C,-0.00241155,0.0312,0.459097,0.481113,FALSE,FALSE,FALSE,ebi-a-GCST002245,8,109093578,0.016,54162,0.05213,Alzheimer's disease (late onset),TRUE,361194,8.50942e-28,0.000220667,109093578,8,ukb-d-M13_FIBROBLASTIC,Fibroblastic disorders || id:ukb-d-M13_FIBROBLASTIC,TRUE,reported,igd,2,TRUE
rs4932195,C,T,C,T,-0.00179635,0.0027,0.217189,0.194831,FALSE,FALSE,FALSE,ebi-a-GCST002245,15,89252781,0.019,54162,0.8854,Alzheimer's disease (late onset),TRUE,361194,1.54135e-11,0.000266356,89252781,15,ukb-d-M13_FIBROBLASTIC,Fibroblastic disorders || id:ukb-d-M13_FIBROBLASTIC,TRUE,reported,igd,2,TRUE
rs6093351,C,G,C,G,0.00506754,0.0056,0.0276549,0.028827,FALSE,TRUE,FALSE,ebi-a-GCST002245,20,39103218,0.0435,54162,0.8983,Alzheimer's disease (late onset),TRUE,361194,4.37824e-14,0.00067124,39103218,20,ukb-d-M13_FIBROBLASTIC,Fibroblastic disorders || id:ukb-d-M13_FIBROBLASTIC,TRUE,reported,igd,2,TRUE
rs61984263,C,A,C,A,-0.00135325,0.0216,0.386947,0.371769,FALSE,FALSE,FALSE,ebi-a-GCST002245,14,50878681,0.0169,54162,0.2013,Alzheimer's disease (late onset),TRUE,361194,2.25211e-09,0.000226347,50878681,14,ukb-d-M13_FIBROBLASTIC,Fibroblastic disorders || id:ukb-d-M13_FIBROBLASTIC,TRUE,reported,igd,2,TRUE
rs652483,A,G,A,G,-0.00315929,-0.0193,0.719466,0.736581,FALSE,FALSE,FALSE,ebi-a-GCST002245,8,70055083,0.0172,54162,0.2605,Alzheimer's disease (late onset),TRUE,361194,2.92617e-38,0.00024425,70055083,8,ukb-d-M13_FIBROBLASTIC,Fibroblastic disorders || id:ukb-d-M13_FIBROBLASTIC,TRUE,reported,igd,2,TRUE
rs7187690,T,C,T,C,-0.0018311,-0.0478,0.868739,0.872763,FALSE,FALSE,FALSE,ebi-a-GCST002245,16,75354969,0.0252,54162,0.05814,Alzheimer's disease (late onset),TRUE,361194,1.83565e-08,0.000325417,75354969,16,ukb-d-M13_FIBROBLASTIC,Fibroblastic disorders || id:ukb-d-M13_FIBROBLASTIC,TRUE,reported,igd,2,TRUE
rs73818546,A,G,A,G,-0.00248016,-0.0563,0.144693,0.140159,FALSE,FALSE,FALSE,ebi-a-GCST002245,4,55941418,0.0266,54162,0.03456,Alzheimer's disease (late onset),TRUE,361194,2.28297e-15,0.000312944,55941418,4,ukb-d-M13_FIBROBLASTIC,Fibroblastic disorders || id:ukb-d-M13_FIBROBLASTIC,TRUE,reported,igd,2,TRUE
rs9692365,T,C,T,C,-0.00167861,-0.021,0.462363,0.489066,FALSE,FALSE,FALSE,ebi-a-GCST002245,7,116910091,0.0156,54162,0.178,Alzheimer's disease (late onset),TRUE,361194,2.3752e-14,0.000220036,116910091,7,ukb-d-M13_FIBROBLASTIC,Fibroblastic disorders || id:ukb-d-M13_FIBROBLASTIC,TRUE,reported,igd,2,TRUE
