SNP,effect_allele.exposure,other_allele.exposure,effect_allele.outcome,other_allele.outcome,beta.exposure,beta.outcome,eaf.exposure,eaf.outcome,remove,palindromic,ambiguous,id.outcome,chr,pos,se.outcome,samplesize.outcome,pval.outcome,outcome,mr_keep.outcome,chr.exposure,pos.exposure,samplesize.exposure,se.exposure,pval.exposure,id.exposure,exposure,mr_keep.exposure,pval_origin.exposure,data_source.exposure,action,mr_keep
rs10492367,T,G,T,G,0.00363304,0.018,0.18927,0.203777,FALSE,FALSE,FALSE,ebi-a-GCST002245,12,28014970,0.0205,54162,0.3794,Alzheimer's disease (late onset),TRUE,12,28014970,361194,0.000476715,2.52348e-14,ukb-d-COX_ARTHROSIS,Coxarthrosis [arthrosis of hip](FG) || id:ukb-d-COX_ARTHROSIS,TRUE,reported,igd,2,TRUE
rs112997627,G,T,G,T,0.00223231,-0.091,0.222743,0.214712,FALSE,FALSE,FALSE,ebi-a-GCST002245,17,43695263,0.0301,54162,0.002525,Alzheimer's disease (late onset),TRUE,17,43695263,361194,0.000450459,7.21257e-07,ukb-d-COX_ARTHROSIS,Coxarthrosis [arthrosis of hip](FG) || id:ukb-d-COX_ARTHROSIS,TRUE,reported,igd,2,TRUE
rs11583641,T,C,T,C,-0.00244604,-0.0243,0.277386,0.264414,FALSE,FALSE,FALSE,ebi-a-GCST002245,1,183906245,0.0182,54162,0.1828,Alzheimer's disease (late onset),TRUE,1,183906245,361194,0.000418,4.86811e-09,ukb-d-COX_ARTHROSIS,Coxarthrosis [arthrosis of hip](FG) || id:ukb-d-COX_ARTHROSIS,TRUE,reported,igd,2,TRUE
rs12209223,A,C,A,C,0.00388068,0.0137,0.102146,0.110338,FALSE,FALSE,FALSE,ebi-a-GCST002245,6,76164589,0.0264,54162,0.603,Alzheimer's disease (late onset),TRUE,6,76164589,361194,0.000618993,3.62953e-10,ukb-d-COX_ARTHROSIS,Coxarthrosis [arthrosis of hip](FG) || id:ukb-d-COX_ARTHROSIS,TRUE,reported,igd,2,TRUE
rs1406131,T,C,T,C,0.00268773,0.0211,0.581105,0.560636,FALSE,FALSE,FALSE,ebi-a-GCST002245,1,103754666,0.016,54162,0.1867,Alzheimer's disease (late onset),TRUE,1,103754666,361194,0.000378321,1.21116e-12,ukb-d-COX_ARTHROSIS,Coxarthrosis [arthrosis of hip](FG) || id:ukb-d-COX_ARTHROSIS,TRUE,reported,igd,2,TRUE
rs148015593,G,T,G,T,0.0019454,0.0111,0.476337,0.444334,FALSE,FALSE,FALSE,ebi-a-GCST002245,12,122523668,0.0157,54162,0.4819,Alzheimer's disease (late onset),TRUE,12,122523668,361194,0.000374355,2.03007e-07,ukb-d-COX_ARTHROSIS,Coxarthrosis [arthrosis of hip](FG) || id:ukb-d-COX_ARTHROSIS,TRUE,reported,igd,2,TRUE
rs4979493,T,C,T,C,0.00206655,0.016,0.45967,0.421471,FALSE,FALSE,FALSE,ebi-a-GCST002245,9,117856554,0.0157,54162,0.3084,Alzheimer's disease (late onset),TRUE,9,117856554,361194,0.000374438,3.41028e-08,ukb-d-COX_ARTHROSIS,Coxarthrosis [arthrosis of hip](FG) || id:ukb-d-COX_ARTHROSIS,TRUE,reported,igd,2,TRUE
rs62578127,T,C,T,C,-0.00228418,-0.0203,0.369407,0.371769,FALSE,FALSE,FALSE,ebi-a-GCST002245,9,129386860,0.0161,54162,0.2069,Alzheimer's disease (late onset),TRUE,9,129386860,361194,0.000385982,3.26483e-09,ukb-d-COX_ARTHROSIS,Coxarthrosis [arthrosis of hip](FG) || id:ukb-d-COX_ARTHROSIS,TRUE,reported,igd,2,TRUE
rs71301803,T,C,T,C,0.00243829,6e-04,0.232409,0.260437,FALSE,FALSE,FALSE,ebi-a-GCST002245,3,53067833,0.0179,54162,0.9729,Alzheimer's disease (late onset),TRUE,3,53067833,361194,0.000443257,3.78242e-08,ukb-d-COX_ARTHROSIS,Coxarthrosis [arthrosis of hip](FG) || id:ukb-d-COX_ARTHROSIS,TRUE,reported,igd,2,TRUE
rs72836442,T,C,T,C,0.00335432,0.0026,0.162684,0.157058,FALSE,FALSE,FALSE,ebi-a-GCST002245,17,59651620,0.0247,54162,0.9168,Alzheimer's disease (late onset),TRUE,17,59651620,361194,0.000510756,5.12861e-11,ukb-d-COX_ARTHROSIS,Coxarthrosis [arthrosis of hip](FG) || id:ukb-d-COX_ARTHROSIS,TRUE,reported,igd,2,TRUE
rs7571789,C,T,C,T,-0.00219645,-0.0067,0.524539,0.527833,FALSE,FALSE,FALSE,ebi-a-GCST002245,2,70714793,0.0156,54162,0.6673,Alzheimer's disease (late onset),TRUE,2,70714793,361194,0.000374269,4.39754e-09,ukb-d-COX_ARTHROSIS,Coxarthrosis [arthrosis of hip](FG) || id:ukb-d-COX_ARTHROSIS,TRUE,reported,igd,2,TRUE
rs80287694,G,A,G,A,0.00371552,0.0459,0.11279,0.121272,FALSE,FALSE,FALSE,ebi-a-GCST002245,6,55636940,0.0247,54162,0.06331,Alzheimer's disease (late onset),TRUE,6,55636940,361194,0.000589568,2.93981e-10,ukb-d-COX_ARTHROSIS,Coxarthrosis [arthrosis of hip](FG) || id:ukb-d-COX_ARTHROSIS,TRUE,reported,igd,2,TRUE
