SNP,effect_allele.exposure,other_allele.exposure,effect_allele.outcome,other_allele.outcome,beta.exposure,beta.outcome,eaf.exposure,eaf.outcome,remove,palindromic,ambiguous,id.outcome,chr,pos,se.outcome,samplesize.outcome,pval.outcome,outcome,mr_keep.outcome,samplesize.exposure,pval.exposure,chr.exposure,pos.exposure,se.exposure,id.exposure,exposure,mr_keep.exposure,pval_origin.exposure,data_source.exposure,action,mr_keep
rs10102591,T,G,T,G,-0.00359653,0.0119,0.200269,0.248509,FALSE,FALSE,FALSE,ebi-a-GCST002245,8,81391683,0.0226,54162,0.6,Alzheimer's disease (late onset),TRUE,361194,4.14725e-09,8,81391683,0.000611826,ukb-d-C3_SKIN,Malignant neoplasm of skin || id:ukb-d-C3_SKIN,TRUE,reported,igd,2,TRUE
rs10962474,T,C,T,C,-0.00779601,0.0346,0.0544746,0.0626243,FALSE,FALSE,FALSE,ebi-a-GCST002245,9,16529554,0.0349,54162,0.3216,Alzheimer's disease (late onset),TRUE,361194,6.72977e-13,9,16529554,0.00108503,ukb-d-C3_SKIN,Malignant neoplasm of skin || id:ukb-d-C3_SKIN,TRUE,reported,igd,2,TRUE
rs10965219,G,A,G,A,-0.00426228,0.0288,0.477727,0.499006,FALSE,FALSE,FALSE,ebi-a-GCST002245,9,22053687,0.0164,54162,0.07954,Alzheimer's disease (late onset),TRUE,361194,2.94239e-18,9,22053687,0.000489124,ukb-d-C3_SKIN,Malignant neoplasm of skin || id:ukb-d-C3_SKIN,TRUE,reported,igd,2,TRUE
rs1126809,A,G,A,G,0.00624,-0.0027,0.306642,0.252485,FALSE,FALSE,FALSE,ebi-a-GCST002245,11,89017961,0.0175,54162,0.8782,Alzheimer's disease (late onset),TRUE,361194,6.67114e-32,11,89017961,0.000530795,ukb-d-C3_SKIN,Malignant neoplasm of skin || id:ukb-d-C3_SKIN,TRUE,reported,igd,2,TRUE
rs11538871,T,C,T,C,0.00831733,-0.0679,0.0876357,0.0616302,FALSE,FALSE,FALSE,ebi-a-GCST002245,16,89977745,0.0486,54162,0.1623,Alzheimer's disease (late onset),TRUE,361194,5.88166e-22,16,89977745,0.000863492,ukb-d-C3_SKIN,Malignant neoplasm of skin || id:ukb-d-C3_SKIN,TRUE,reported,igd,2,TRUE
rs11611584,A,C,A,C,0.00798646,-0.0643,0.0904973,0.0735586,FALSE,FALSE,FALSE,ebi-a-GCST002245,12,52906035,0.032,54162,0.04436,Alzheimer's disease (late onset),TRUE,361194,1.55489e-20,12,52906035,0.000859709,ukb-d-C3_SKIN,Malignant neoplasm of skin || id:ukb-d-C3_SKIN,TRUE,reported,igd,2,TRUE
rs117744081,G,A,G,A,-0.00899444,-0.0211,0.032315,0.0308151,FALSE,FALSE,FALSE,ebi-a-GCST002245,7,29132279,0.0682,54162,0.7567,Alzheimer's disease (late onset),TRUE,361194,7.58578e-11,7,29132279,0.00138189,ukb-d-C3_SKIN,Malignant neoplasm of skin || id:ukb-d-C3_SKIN,TRUE,reported,igd,2,TRUE
rs12174727,T,G,T,G,0.00311435,-0.0236,0.512581,0.493042,FALSE,FALSE,FALSE,ebi-a-GCST002245,6,498825,0.0194,54162,0.2225,Alzheimer's disease (late onset),TRUE,361194,3.29929e-10,6,498825,0.000495585,ukb-d-C3_SKIN,Malignant neoplasm of skin || id:ukb-d-C3_SKIN,TRUE,reported,igd,2,TRUE
rs12509782,G,A,G,A,0.00373428,-0.0416,0.153598,0.146123,FALSE,FALSE,FALSE,ebi-a-GCST002245,4,151605828,0.0218,54162,0.05688,Alzheimer's disease (late onset),TRUE,361194,4.28785e-08,4,151605828,0.000681602,ukb-d-C3_SKIN,Malignant neoplasm of skin || id:ukb-d-C3_SKIN,TRUE,reported,igd,2,TRUE
rs13043023,C,T,C,T,-0.00533834,0.0331,0.0995005,0.0964215,FALSE,FALSE,FALSE,ebi-a-GCST002245,20,2182626,0.0317,54162,0.2971,Alzheimer's disease (late onset),TRUE,361194,8.86748e-11,20,2182626,0.000823145,ukb-d-C3_SKIN,Malignant neoplasm of skin || id:ukb-d-C3_SKIN,TRUE,reported,igd,2,TRUE
rs157935,G,T,G,T,-0.00441913,-0.0182,0.303236,0.332008,FALSE,FALSE,FALSE,ebi-a-GCST002245,7,130585553,0.0176,54162,0.3002,Alzheimer's disease (late onset),TRUE,361194,1.22744e-16,7,130585553,0.000533659,ukb-d-C3_SKIN,Malignant neoplasm of skin || id:ukb-d-C3_SKIN,TRUE,reported,igd,2,TRUE
rs1800440,C,T,C,T,-0.00390759,-0.0018,0.186198,0.195825,FALSE,FALSE,FALSE,ebi-a-GCST002245,2,38298139,0.0203,54162,0.9288,Alzheimer's disease (late onset),TRUE,361194,4.90219e-10,2,38298139,0.00062799,ukb-d-C3_SKIN,Malignant neoplasm of skin || id:ukb-d-C3_SKIN,TRUE,reported,igd,2,TRUE
rs1805007,T,C,T,C,0.0150988,0.0543,0.104538,0.0715706,FALSE,FALSE,FALSE,ebi-a-GCST002245,16,89986117,0.0385,54162,0.1584,Alzheimer's disease (late onset),TRUE,361194,2.85167e-80,16,89986117,0.000795604,ukb-d-C3_SKIN,Malignant neoplasm of skin || id:ukb-d-C3_SKIN,TRUE,reported,igd,2,TRUE
rs204295,T,C,T,C,0.00320222,-0.011,0.462194,0.489066,FALSE,FALSE,FALSE,ebi-a-GCST002245,6,167500562,0.0159,54162,0.4893,Alzheimer's disease (late onset),TRUE,361194,8.16206e-11,6,167500562,0.000492818,ukb-d-C3_SKIN,Malignant neoplasm of skin || id:ukb-d-C3_SKIN,TRUE,reported,igd,2,TRUE
rs214803,A,C,A,C,-0.00774366,0.0062,0.82057,0.837972,FALSE,FALSE,FALSE,ebi-a-GCST002245,20,2290333,0.0202,54162,0.7589,Alzheimer's disease (late onset),TRUE,361194,4.02995e-34,20,2290333,0.000635763,ukb-d-C3_SKIN,Malignant neoplasm of skin || id:ukb-d-C3_SKIN,TRUE,reported,igd,2,TRUE
rs2476601,G,A,G,A,0.00464176,-0.0278,0.897583,0.9055666,FALSE,FALSE,FALSE,ebi-a-GCST002245,1,114377568,0.0277,54162,0.3152,Alzheimer's disease (late onset),TRUE,361194,7.93981e-09,1,114377568,0.000804484,ukb-d-C3_SKIN,Malignant neoplasm of skin || id:ukb-d-C3_SKIN,TRUE,reported,igd,2,TRUE
rs2849699,G,C,G,C,-0.00410876,0.0014,0.319367,0.326044,FALSE,TRUE,FALSE,ebi-a-GCST002245,21,43089086,0.0176,54162,0.9377,Alzheimer's disease (late onset),TRUE,361194,5.48909e-15,21,43089086,0.000525719,ukb-d-C3_SKIN,Malignant neoplasm of skin || id:ukb-d-C3_SKIN,TRUE,reported,igd,2,TRUE
rs2853677,A,G,A,G,-0.00434379,0.0516,0.577594,0.586481,FALSE,FALSE,FALSE,ebi-a-GCST002245,5,1287194,0.0194,54162,0.007847,Alzheimer's disease (late onset),TRUE,361194,1.64475e-18,5,1287194,0.000494749,ukb-d-C3_SKIN,Malignant neoplasm of skin || id:ukb-d-C3_SKIN,TRUE,reported,igd,2,TRUE
rs3087243,A,G,A,G,0.00355851,-0.0058,0.450115,0.470179,FALSE,FALSE,FALSE,ebi-a-GCST002245,2,204738919,0.0161,54162,0.7183,Alzheimer's disease (late onset),TRUE,361194,4.432e-13,2,204738919,0.000491376,ukb-d-C3_SKIN,Malignant neoplasm of skin || id:ukb-d-C3_SKIN,TRUE,reported,igd,2,TRUE
rs340797,T,G,T,G,-0.00668185,0.0067,0.104346,0.125249,FALSE,FALSE,FALSE,ebi-a-GCST002245,2,16490831,0.0249,54162,0.7873,Alzheimer's disease (late onset),TRUE,361194,6.55843e-17,2,16490831,0.00079973,ukb-d-C3_SKIN,Malignant neoplasm of skin || id:ukb-d-C3_SKIN,TRUE,reported,igd,2,TRUE
rs35251485,A,G,A,G,-0.00975552,0.0421,0.0629767,0.0646123,FALSE,FALSE,FALSE,ebi-a-GCST002245,8,77483430,0.0336,54162,0.211,Alzheimer's disease (late onset),TRUE,361194,7.92684e-22,8,77483430,0.00101604,ukb-d-C3_SKIN,Malignant neoplasm of skin || id:ukb-d-C3_SKIN,TRUE,reported,igd,2,TRUE
rs36019446,G,A,G,A,-0.00370561,0.0473,0.527111,0.531809,FALSE,FALSE,FALSE,ebi-a-GCST002245,5,1339890,0.0187,54162,0.01152,Alzheimer's disease (late onset),TRUE,361194,4.51128e-14,5,1339890,0.000491094,ukb-d-C3_SKIN,Malignant neoplasm of skin || id:ukb-d-C3_SKIN,TRUE,reported,igd,2,TRUE
rs479777,C,T,C,T,0.00318805,0.0158,0.342511,0.33996,FALSE,FALSE,FALSE,ebi-a-GCST002245,11,64107477,0.0174,54162,0.3641,Alzheimer's disease (late onset),TRUE,361194,6.48799e-10,11,64107477,0.00051601,ukb-d-C3_SKIN,Malignant neoplasm of skin || id:ukb-d-C3_SKIN,TRUE,reported,igd,2,TRUE
rs55775505,T,C,T,C,0.00288632,-0.0084,0.313729,0.298211,FALSE,FALSE,FALSE,ebi-a-GCST002245,6,22057566,0.0171,54162,0.6245,Alzheimer's disease (late onset),TRUE,361194,4.41418e-08,6,22057566,0.000527322,ukb-d-C3_SKIN,Malignant neoplasm of skin || id:ukb-d-C3_SKIN,TRUE,reported,igd,2,TRUE
rs6059655,G,A,G,A,-0.0118086,0.0355,0.894181,0.9582505,FALSE,FALSE,FALSE,ebi-a-GCST002245,20,32665748,0.0297,54162,0.2305,Alzheimer's disease (late onset),TRUE,361194,5.32844e-48,20,32665748,0.000811119,ukb-d-C3_SKIN,Malignant neoplasm of skin || id:ukb-d-C3_SKIN,TRUE,reported,igd,2,TRUE
rs62052663,A,G,A,G,-0.00641016,0.0528,0.086704,0.0785288,FALSE,FALSE,FALSE,ebi-a-GCST002245,16,90153346,0.0481,54162,0.2716,Alzheimer's disease (late onset),TRUE,361194,5.43e-13,16,90153346,0.000888529,ukb-d-C3_SKIN,Malignant neoplasm of skin || id:ukb-d-C3_SKIN,TRUE,reported,igd,2,TRUE
rs62202837,T,C,T,C,-0.00452154,-0.0146,0.241469,0.225646,FALSE,FALSE,FALSE,ebi-a-GCST002245,20,49399007,0.0196,54162,0.4568,Alzheimer's disease (late onset),TRUE,361194,3.30979e-15,20,49399007,0.000573874,ukb-d-C3_SKIN,Malignant neoplasm of skin || id:ukb-d-C3_SKIN,TRUE,reported,igd,2,TRUE
rs62541919,C,T,C,T,0.00355106,-0.0215,0.617396,0.583499,FALSE,FALSE,FALSE,ebi-a-GCST002245,9,16863364,0.0157,54162,0.1707,Alzheimer's disease (late onset),TRUE,361194,1.68927e-12,9,16863364,0.000503109,ukb-d-C3_SKIN,Malignant neoplasm of skin || id:ukb-d-C3_SKIN,TRUE,reported,igd,2,TRUE
rs6707137,A,G,A,G,-0.00681998,0.0293,0.0635871,0.0407555,FALSE,FALSE,FALSE,ebi-a-GCST002245,2,88554351,0.0344,54162,0.3943,Alzheimer's disease (late onset),TRUE,361194,1.18304e-11,2,88554351,0.00100553,ukb-d-C3_SKIN,Malignant neoplasm of skin || id:ukb-d-C3_SKIN,TRUE,reported,igd,2,TRUE
rs6719014,C,T,C,T,-0.00667006,-0.0045,0.732486,0.7167,FALSE,FALSE,FALSE,ebi-a-GCST002245,2,202176024,0.0172,54162,0.7943,Alzheimer's disease (late onset),TRUE,361194,2.14783e-33,2,202176024,0.000553862,ukb-d-C3_SKIN,Malignant neoplasm of skin || id:ukb-d-C3_SKIN,TRUE,reported,igd,2,TRUE
rs6764416,T,C,T,C,0.00432121,0.0046,0.42989,0.43837,FALSE,FALSE,FALSE,ebi-a-GCST002245,3,71574051,0.0157,54162,0.7698,Alzheimer's disease (late onset),TRUE,361194,2.93495e-18,3,71574051,0.000495871,ukb-d-C3_SKIN,Malignant neoplasm of skin || id:ukb-d-C3_SKIN,TRUE,reported,igd,2,TRUE
rs6989943,A,G,A,G,-0.00578309,0.005,0.153646,0.161034,FALSE,FALSE,FALSE,ebi-a-GCST002245,8,101028239,0.0216,54162,0.8176,Alzheimer's disease (late onset),TRUE,361194,1.5174e-17,8,101028239,0.00067827,ukb-d-C3_SKIN,Malignant neoplasm of skin || id:ukb-d-C3_SKIN,TRUE,reported,igd,2,TRUE
rs72928038,A,G,A,G,-0.00462671,0.0103,0.18042,0.17992,FALSE,FALSE,FALSE,ebi-a-GCST002245,6,90976768,0.0228,54162,0.6513,Alzheimer's disease (late onset),TRUE,361194,3.22701e-13,6,90976768,0.000635116,ukb-d-C3_SKIN,Malignant neoplasm of skin || id:ukb-d-C3_SKIN,TRUE,reported,igd,2,TRUE
rs73183643,A,G,A,G,-0.00413562,0.0421,0.250287,0.223658,FALSE,FALSE,FALSE,ebi-a-GCST002245,7,101418653,0.0185,54162,0.02284,Alzheimer's disease (late onset),TRUE,361194,2.46547e-13,7,101418653,0.000564895,ukb-d-C3_SKIN,Malignant neoplasm of skin || id:ukb-d-C3_SKIN,TRUE,reported,igd,2,TRUE
rs7528427,T,C,T,C,0.00620488,0.0239,0.364167,0.352883,FALSE,FALSE,FALSE,ebi-a-GCST002245,1,17746273,0.0164,54162,0.1457,Alzheimer's disease (late onset),TRUE,361194,2.65216e-34,1,17746273,0.000508006,ukb-d-C3_SKIN,Malignant neoplasm of skin || id:ukb-d-C3_SKIN,TRUE,reported,igd,2,TRUE
rs76798800,T,G,T,G,0.00308446,-0.0018,0.267377,0.250497,FALSE,FALSE,FALSE,ebi-a-GCST002245,1,154994978,0.0184,54162,0.9223,Alzheimer's disease (late onset),TRUE,361194,2.40254e-08,1,154994978,0.000552739,ukb-d-C3_SKIN,Malignant neoplasm of skin || id:ukb-d-C3_SKIN,TRUE,reported,igd,2,TRUE
rs77476954,G,A,G,A,-0.00787965,-0.0219,0.117213,0.117296,FALSE,FALSE,FALSE,ebi-a-GCST002245,10,8938561,0.0246,54162,0.3717,Alzheimer's disease (late onset),TRUE,361194,3.04089e-25,10,8938561,0.000759023,ukb-d-C3_SKIN,Malignant neoplasm of skin || id:ukb-d-C3_SKIN,TRUE,reported,igd,2,TRUE
rs801108,G,C,G,C,0.00772397,0.0339,0.244568,0.272366,FALSE,TRUE,FALSE,ebi-a-GCST002245,1,228989074,0.0177,54162,0.05547,Alzheimer's disease (late onset),TRUE,361194,3.12464e-41,1,228989074,0.000574248,ukb-d-C3_SKIN,Malignant neoplasm of skin || id:ukb-d-C3_SKIN,TRUE,reported,igd,2,TRUE
rs8178977,C,G,C,G,0.00334348,8e-04,0.231173,0.220676,FALSE,TRUE,FALSE,ebi-a-GCST002245,19,1106477,0.0199,54162,0.968,Alzheimer's disease (late onset),TRUE,361194,8.50041e-09,19,1106477,0.000580631,ukb-d-C3_SKIN,Malignant neoplasm of skin || id:ukb-d-C3_SKIN,TRUE,reported,igd,2,TRUE
rs9274711,T,A,T,A,-0.00444497,-0.0611,0.283588,0.295229,FALSE,TRUE,FALSE,ebi-a-GCST002245,6,32637289,0.0224,54162,0.00644,Alzheimer's disease (late onset),TRUE,361194,4.61849e-16,6,32637289,0.000547309,ukb-d-C3_SKIN,Malignant neoplasm of skin || id:ukb-d-C3_SKIN,TRUE,reported,igd,2,TRUE
