SNP,effect_allele.exposure,other_allele.exposure,effect_allele.outcome,other_allele.outcome,beta.exposure,beta.outcome,eaf.exposure,eaf.outcome,remove,palindromic,ambiguous,id.outcome,chr,pos,se.outcome,samplesize.outcome,pval.outcome,outcome,mr_keep.outcome,pval.exposure,se.exposure,samplesize.exposure,pos.exposure,chr.exposure,id.exposure,exposure,mr_keep.exposure,pval_origin.exposure,data_source.exposure,action,mr_keep
rs10106587,C,A,C,A,-0.018089,-0.0195,0.29187,0.281312,FALSE,FALSE,FALSE,ebi-a-GCST002245,8,63954079,0.0172,54162,0.2556,Alzheimer's disease (late onset),TRUE,3.63413e-11,0.0027332,315153,63954079,8,ukb-d-30680_irnt,Calcium || id:ukb-d-30680_irnt,TRUE,reported,igd,2,TRUE
rs10108887,A,G,A,G,0.014388,0.0038,0.3878,0.373757,FALSE,FALSE,FALSE,ebi-a-GCST002245,8,143837749,0.0163,54162,0.8151,Alzheimer's disease (late onset),TRUE,1.5713e-08,0.0025449,315153,143837749,8,ukb-d-30680_irnt,Calcium || id:ukb-d-30680_irnt,TRUE,reported,igd,2,TRUE
rs1036332,C,A,C,A,0.022016,-0.0071,0.7391,0.735586,FALSE,FALSE,FALSE,ebi-a-GCST002245,1,199012478,0.0174,54162,0.6829,Alzheimer's disease (late onset),TRUE,7.66655e-15,0.0028322,315153,199012478,1,ukb-d-30680_irnt,Calcium || id:ukb-d-30680_irnt,TRUE,reported,igd,2,TRUE
rs1061134,A,G,A,G,-0.024938,0.0274,0.092209,0.129225,FALSE,FALSE,FALSE,ebi-a-GCST002245,10,100189252,0.0268,54162,0.3074,Alzheimer's disease (late onset),TRUE,1.11921e-08,0.0043661,315153,100189252,10,ukb-d-30680_irnt,Calcium || id:ukb-d-30680_irnt,TRUE,reported,igd,2,TRUE
rs10754439,T,G,T,G,0.014489,0.0019,0.41724,0.449304,FALSE,FALSE,FALSE,ebi-a-GCST002245,1,116828633,0.0156,54162,0.9031,Alzheimer's disease (late onset),TRUE,8.95427e-09,0.00252,315153,116828633,1,ukb-d-30680_irnt,Calcium || id:ukb-d-30680_irnt,TRUE,reported,igd,2,TRUE
rs10819178,G,T,G,T,0.032422,-0.0274,0.63787,0.648111,FALSE,FALSE,FALSE,ebi-a-GCST002245,9,129294976,0.0167,54162,0.1006,Alzheimer's disease (late onset),TRUE,1.04088e-35,0.002599,315153,129294976,9,ukb-d-30680_irnt,Calcium || id:ukb-d-30680_irnt,TRUE,reported,igd,2,TRUE
rs10858935,A,G,A,G,-0.019314,-0.0144,0.6869,0.659046,FALSE,FALSE,FALSE,ebi-a-GCST002245,12,90223202,0.0177,54162,0.4171,Alzheimer's disease (late onset),TRUE,6.03115e-13,0.0026825,315153,90223202,12,ukb-d-30680_irnt,Calcium || id:ukb-d-30680_irnt,TRUE,reported,igd,2,TRUE
rs10917386,T,C,T,C,0.020085,1e-04,0.68993,0.688867,FALSE,FALSE,FALSE,ebi-a-GCST002245,1,23799001,0.0172,54162,0.9937,Alzheimer's disease (late onset),TRUE,6.05899e-14,0.0026755,315153,23799001,1,ukb-d-30680_irnt,Calcium || id:ukb-d-30680_irnt,TRUE,reported,igd,2,TRUE
rs10934578,T,G,T,G,0.0829,-0.0062,0.315,0.319085,FALSE,FALSE,FALSE,ebi-a-GCST002245,3,121977282,0.0168,54162,0.7114,Alzheimer's disease (late onset),TRUE,1e-200,0.0026844,315153,121977282,3,ukb-d-30680_irnt,Calcium || id:ukb-d-30680_irnt,TRUE,reported,igd,2,TRUE
rs10958700,G,T,G,T,0.02019,-0.0158,0.24708,0.260437,FALSE,FALSE,FALSE,ebi-a-GCST002245,8,38310910,0.0207,54162,0.4463,Alzheimer's disease (late onset),TRUE,3.17761e-12,0.0028967,315153,38310910,8,ukb-d-30680_irnt,Calcium || id:ukb-d-30680_irnt,TRUE,reported,igd,2,TRUE
rs11065628,A,C,A,C,-0.016978,-0.0211,0.36092,0.342942,FALSE,FALSE,FALSE,ebi-a-GCST002245,12,110766166,0.0164,54162,0.1998,Alzheimer's disease (late onset),TRUE,4.98655e-11,0.0025836,315153,110766166,12,ukb-d-30680_irnt,Calcium || id:ukb-d-30680_irnt,TRUE,reported,igd,2,TRUE
rs11078597,C,T,C,T,0.051014,0.0561,0.1864,0.168986,FALSE,FALSE,FALSE,ebi-a-GCST002245,17,1618363,0.0242,54162,0.02058,Alzheimer's disease (late onset),TRUE,6.11505e-58,0.0031786,315153,1618363,17,ukb-d-30680_irnt,Calcium || id:ukb-d-30680_irnt,TRUE,reported,igd,2,TRUE
rs112394090,C,T,C,T,0.03375,-0.0142,0.050436,0.0636183,FALSE,FALSE,FALSE,ebi-a-GCST002245,17,6610927,0.0388,54162,0.7144,Alzheimer's disease (late onset),TRUE,3.22753e-09,0.0057012,315153,6610927,17,ukb-d-30680_irnt,Calcium || id:ukb-d-30680_irnt,TRUE,reported,igd,2,TRUE
rs113487566,T,C,T,C,0.10172,-0.1413,0.025411,0.0248509,FALSE,FALSE,FALSE,ebi-a-GCST002245,1,51599038,0.084,54162,0.09245,Alzheimer's disease (late onset),TRUE,2.53163e-37,0.0079667,315153,51599038,1,ukb-d-30680_irnt,Calcium || id:ukb-d-30680_irnt,TRUE,reported,igd,2,TRUE
rs114949263,C,T,C,T,0.033973,-0.0281,0.11154,0.102386,FALSE,FALSE,FALSE,ebi-a-GCST002245,7,150498245,0.0265,54162,0.2885,Alzheimer's disease (late onset),TRUE,7.89042e-18,0.0039496,315153,150498245,7,ukb-d-30680_irnt,Calcium || id:ukb-d-30680_irnt,TRUE,reported,igd,2,TRUE
rs11588907,T,C,T,C,-0.01592,-0.0099,0.34201,0.395626,FALSE,FALSE,FALSE,ebi-a-GCST002245,1,178509462,0.0162,54162,0.5404,Alzheimer's disease (late onset),TRUE,1.18891e-09,0.0026176,315153,178509462,1,ukb-d-30680_irnt,Calcium || id:ukb-d-30680_irnt,TRUE,reported,igd,2,TRUE
rs11616030,C,A,C,A,-0.03102,0.0574,0.086855,0.0755467,FALSE,FALSE,FALSE,ebi-a-GCST002245,12,12210001,0.0323,54162,0.07592,Alzheimer's disease (late onset),TRUE,2.30569e-12,0.004422,315153,12210001,12,ukb-d-30680_irnt,Calcium || id:ukb-d-30680_irnt,TRUE,reported,igd,2,TRUE
rs11621792,T,C,T,C,0.015857,-0.0251,0.4536,0.470179,FALSE,FALSE,FALSE,ebi-a-GCST002245,14,24871926,0.0177,54162,0.1565,Alzheimer's disease (late onset),TRUE,2.47719e-10,0.0025057,315153,24871926,14,ukb-d-30680_irnt,Calcium || id:ukb-d-30680_irnt,TRUE,reported,igd,2,TRUE
rs11629876,T,C,T,C,-0.018063,0.012,0.3313,0.349901,FALSE,FALSE,FALSE,ebi-a-GCST002245,15,96666402,0.0176,54162,0.4957,Alzheimer's disease (late onset),TRUE,6.5887e-12,0.0026305,315153,96666402,15,ukb-d-30680_irnt,Calcium || id:ukb-d-30680_irnt,TRUE,reported,igd,2,TRUE
rs116769926,A,C,A,C,0.072557,-0.013,0.023565,0.0218688,FALSE,FALSE,FALSE,ebi-a-GCST002245,2,9007708,0.0673,54162,0.8468,Alzheimer's disease (late onset),TRUE,6.60998e-19,0.0081692,315153,9007708,2,ukb-d-30680_irnt,Calcium || id:ukb-d-30680_irnt,TRUE,reported,igd,2,TRUE
rs117213754,A,G,A,G,0.10355,-0.0549,0.01499,0.0178926,FALSE,FALSE,FALSE,ebi-a-GCST002245,12,4006794,0.1113,54162,0.6216,Alzheimer's disease (late onset),TRUE,3.09172e-24,0.010194,315153,4006794,12,ukb-d-30680_irnt,Calcium || id:ukb-d-30680_irnt,TRUE,reported,igd,2,TRUE
rs11730491,T,G,T,G,0.020853,-0.0023,0.16812,0.178926,FALSE,FALSE,FALSE,ebi-a-GCST002245,4,26174563,0.021,54162,0.9121,Alzheimer's disease (late onset),TRUE,4.39572e-10,0.003342,315153,26174563,4,ukb-d-30680_irnt,Calcium || id:ukb-d-30680_irnt,TRUE,reported,igd,2,TRUE
rs11743466,G,C,G,C,0.017609,0.0097,0.36435,0.363817,FALSE,TRUE,FALSE,ebi-a-GCST002245,5,174045907,0.0177,54162,0.5817,Alzheimer's disease (late onset),TRUE,1.13449e-11,0.0025939,315153,174045907,5,ukb-d-30680_irnt,Calcium || id:ukb-d-30680_irnt,TRUE,reported,igd,2,TRUE
rs11792928,T,C,T,C,-0.016672,-0.0089,0.29451,0.304175,FALSE,FALSE,FALSE,ebi-a-GCST002245,9,129401550,0.0176,54162,0.613,Alzheimer's disease (late onset),TRUE,1.11091e-09,0.0027364,315153,129401550,9,ukb-d-30680_irnt,Calcium || id:ukb-d-30680_irnt,TRUE,reported,igd,2,TRUE
rs12132412,G,A,G,A,0.028426,0.0422,0.38841,0.40159,FALSE,FALSE,FALSE,ebi-a-GCST002245,1,21820042,0.0181,54162,0.01964,Alzheimer's disease (late onset),TRUE,1.60472e-28,0.0025657,315153,21820042,1,ukb-d-30680_irnt,Calcium || id:ukb-d-30680_irnt,TRUE,reported,igd,2,TRUE
rs12135382,T,C,T,C,0.022232,0.046,0.58441,0.576541,FALSE,FALSE,FALSE,ebi-a-GCST002245,1,1098421,0.0235,54162,0.05002,Alzheimer's disease (late onset),TRUE,1.29778e-17,0.0026019,315153,1098421,1,ukb-d-30680_irnt,Calcium || id:ukb-d-30680_irnt,TRUE,reported,igd,2,TRUE
rs12147703,A,G,A,G,-0.028104,-0.0247,0.89535,0.889662,FALSE,FALSE,FALSE,ebi-a-GCST002245,14,90849104,0.0249,54162,0.3212,Alzheimer's disease (late onset),TRUE,4.07099e-12,0.0040525,315153,90849104,14,ukb-d-30680_irnt,Calcium || id:ukb-d-30680_irnt,TRUE,reported,igd,2,TRUE
rs12339541,A,C,A,C,-0.061136,-0.0116,0.064122,0.05666,FALSE,FALSE,FALSE,ebi-a-GCST002245,9,97638926,0.0319,54162,0.7163,Alzheimer's disease (late onset),TRUE,1.4615e-33,0.0050631,315153,97638926,9,ukb-d-30680_irnt,Calcium || id:ukb-d-30680_irnt,TRUE,reported,igd,2,TRUE
rs12378991,A,G,A,G,-0.038187,0.0024,0.079671,0.0745527,FALSE,FALSE,FALSE,ebi-a-GCST002245,9,77472066,0.0297,54162,0.9346,Alzheimer's disease (late onset),TRUE,9.54553e-17,0.0045949,315153,77472066,9,ukb-d-30680_irnt,Calcium || id:ukb-d-30680_irnt,TRUE,reported,igd,2,TRUE
rs12583851,C,T,C,T,-0.02257,0.0333,0.75079,0.719682,FALSE,FALSE,FALSE,ebi-a-GCST002245,13,110504964,0.0177,54162,0.06046,Alzheimer's disease (late onset),TRUE,3.50187e-15,0.0028672,315153,110504964,13,ukb-d-30680_irnt,Calcium || id:ukb-d-30680_irnt,TRUE,reported,igd,2,TRUE
rs1260326,C,T,C,T,-0.048955,8e-04,0.60707,0.589463,FALSE,FALSE,FALSE,ebi-a-GCST002245,2,27730940,0.0161,54162,0.9608,Alzheimer's disease (late onset),TRUE,4.95222e-83,0.0025352,315153,27730940,2,ukb-d-30680_irnt,Calcium || id:ukb-d-30680_irnt,TRUE,reported,igd,2,TRUE
rs12613807,C,T,C,T,0.016072,-0.0103,0.44354,0.461233,FALSE,FALSE,FALSE,ebi-a-GCST002245,2,191343763,0.016,54162,0.5196,Alzheimer's disease (late onset),TRUE,1.26879e-10,0.0024992,315153,191343763,2,ukb-d-30680_irnt,Calcium || id:ukb-d-30680_irnt,TRUE,reported,igd,2,TRUE
rs12675477,T,C,T,C,0.01727,-0.0057,0.27405,0.269384,FALSE,FALSE,FALSE,ebi-a-GCST002245,8,72375328,0.0181,54162,0.7532,Alzheimer's disease (late onset),TRUE,5.94114e-10,0.002789,315153,72375328,8,ukb-d-30680_irnt,Calcium || id:ukb-d-30680_irnt,TRUE,reported,igd,2,TRUE
rs12793731,T,C,T,C,0.014619,0.0447,0.51133,0.480119,FALSE,FALSE,FALSE,ebi-a-GCST002245,11,71548492,0.0234,54162,0.05666,Alzheimer's disease (late onset),TRUE,4.92425e-09,0.002499,315153,71548492,11,ukb-d-30680_irnt,Calcium || id:ukb-d-30680_irnt,TRUE,reported,igd,2,TRUE
rs12918968,C,A,C,A,-0.031775,6e-04,0.43893,0.419483,FALSE,FALSE,FALSE,ebi-a-GCST002245,16,88520452,0.0165,54162,0.9727,Alzheimer's disease (late onset),TRUE,4.50505e-37,0.0024974,315153,88520452,16,ukb-d-30680_irnt,Calcium || id:ukb-d-30680_irnt,TRUE,reported,igd,2,TRUE
rs12922549,T,C,T,C,-0.022056,0.0179,0.23669,0.248509,FALSE,FALSE,FALSE,ebi-a-GCST002245,16,54451747,0.0184,54162,0.3317,Alzheimer's disease (late onset),TRUE,1.30287e-13,0.002978,315153,54451747,16,ukb-d-30680_irnt,Calcium || id:ukb-d-30680_irnt,TRUE,reported,igd,2,TRUE
rs12933858,T,C,T,C,0.018826,0.015,0.49305,0.461233,FALSE,FALSE,FALSE,ebi-a-GCST002245,16,81566121,0.0162,54162,0.3537,Alzheimer's disease (late onset),TRUE,5.1892e-14,0.002501,315153,81566121,16,ukb-d-30680_irnt,Calcium || id:ukb-d-30680_irnt,TRUE,reported,igd,2,TRUE
rs12982234,T,C,T,C,-0.058228,0.0941,0.040195,0.0308151,FALSE,FALSE,FALSE,ebi-a-GCST002245,19,38586434,0.058,54162,0.1044,Alzheimer's disease (late onset),TRUE,7.3215e-20,0.0063823,315153,38586434,19,ukb-d-30680_irnt,Calcium || id:ukb-d-30680_irnt,TRUE,reported,igd,2,TRUE
rs12998379,A,G,A,G,-0.024268,0.0157,0.19372,0.167992,FALSE,FALSE,FALSE,ebi-a-GCST002245,2,10163922,0.0262,54162,0.5501,Alzheimer's disease (late onset),TRUE,1.52055e-14,0.0031574,315153,10163922,2,ukb-d-30680_irnt,Calcium || id:ukb-d-30680_irnt,TRUE,reported,igd,2,TRUE
rs13073106,T,C,T,C,0.037621,0.0055,0.64089,0.672962,FALSE,FALSE,FALSE,ebi-a-GCST002245,3,186342060,0.0173,54162,0.7491,Alzheimer's disease (late onset),TRUE,8.70563e-48,0.0025901,315153,186342060,3,ukb-d-30680_irnt,Calcium || id:ukb-d-30680_irnt,TRUE,reported,igd,2,TRUE
rs13107325,T,C,T,C,-0.064048,0.0509,0.07488,0.0795229,FALSE,FALSE,FALSE,ebi-a-GCST002245,4,103188709,0.0308,54162,0.09826,Alzheimer's disease (late onset),TRUE,5.58085e-42,0.0047171,315153,103188709,4,ukb-d-30680_irnt,Calcium || id:ukb-d-30680_irnt,TRUE,reported,igd,2,TRUE
rs13108218,G,A,G,A,-0.039865,0.0152,0.61819,0.610338,FALSE,FALSE,FALSE,ebi-a-GCST002245,4,3443931,0.0176,54162,0.3899,Alzheimer's disease (late onset),TRUE,3.92013e-54,0.0025727,315153,3443931,4,ukb-d-30680_irnt,Calcium || id:ukb-d-30680_irnt,TRUE,reported,igd,2,TRUE
rs13389219,T,C,T,C,-0.01636,-0.0271,0.39365,0.435388,FALSE,FALSE,FALSE,ebi-a-GCST002245,2,165528876,0.0159,54162,0.08871,Alzheimer's disease (late onset),TRUE,1.1413e-10,0.0025376,315153,165528876,2,ukb-d-30680_irnt,Calcium || id:ukb-d-30680_irnt,TRUE,reported,igd,2,TRUE
rs1354034,C,T,C,T,-0.018049,-0.0117,0.60146,0.599404,FALSE,FALSE,FALSE,ebi-a-GCST002245,3,56849749,0.0166,54162,0.4787,Alzheimer's disease (late onset),TRUE,9.66941e-13,0.0025295,315153,56849749,3,ukb-d-30680_irnt,Calcium || id:ukb-d-30680_irnt,TRUE,reported,igd,2,TRUE
rs1374161,A,G,A,G,-0.022541,-0.0136,0.49083,0.464215,FALSE,FALSE,FALSE,ebi-a-GCST002245,2,114034627,0.0154,54162,0.3799,Alzheimer's disease (late onset),TRUE,1.01205e-19,0.0024802,315153,114034627,2,ukb-d-30680_irnt,Calcium || id:ukb-d-30680_irnt,TRUE,reported,igd,2,TRUE
rs138789759,A,G,A,G,0.046858,-0.0212,0.07473,0.0785288,FALSE,FALSE,FALSE,ebi-a-GCST002245,3,107190555,0.0285,54162,0.4577,Alzheimer's disease (late onset),TRUE,3.50187e-23,0.0047245,315153,107190555,3,ukb-d-30680_irnt,Calcium || id:ukb-d-30680_irnt,TRUE,reported,igd,2,TRUE
rs1468102,G,C,G,C,-0.026288,-0.0235,0.30463,0.308151,FALSE,TRUE,FALSE,ebi-a-GCST002245,11,3004526,0.0167,54162,0.1599,Alzheimer's disease (late onset),TRUE,2.16521e-22,0.0027005,315153,3004526,11,ukb-d-30680_irnt,Calcium || id:ukb-d-30680_irnt,TRUE,reported,igd,2,TRUE
rs147233090,T,C,T,C,0.10258,-0.0248,0.024325,0.0228628,FALSE,FALSE,FALSE,ebi-a-GCST002245,15,44028047,0.0455,54162,0.5856,Alzheimer's disease (late onset),TRUE,9.55432e-37,0.0081001,315153,44028047,15,ukb-d-30680_irnt,Calcium || id:ukb-d-30680_irnt,TRUE,reported,igd,2,TRUE
rs1476698,G,A,G,A,-0.020606,0.0054,0.36872,0.347913,FALSE,FALSE,FALSE,ebi-a-GCST002245,2,242296449,0.017,54162,0.7495,Alzheimer's disease (late onset),TRUE,1.07498e-15,0.0025699,315153,242296449,2,ukb-d-30680_irnt,Calcium || id:ukb-d-30680_irnt,TRUE,reported,igd,2,TRUE
rs1497826,G,C,G,C,0.024098,-0.0247,0.37333,0.352883,FALSE,TRUE,FALSE,ebi-a-GCST002245,1,217471419,0.016,54162,0.1216,Alzheimer's disease (late onset),TRUE,9.43192e-21,0.0025793,315153,217471419,1,ukb-d-30680_irnt,Calcium || id:ukb-d-30680_irnt,TRUE,reported,igd,2,TRUE
rs1500187,G,A,G,A,-0.013673,-0.017,0.45561,0.421471,FALSE,FALSE,FALSE,ebi-a-GCST002245,5,122824678,0.0157,54162,0.2796,Alzheimer's disease (late onset),TRUE,4.05135e-08,0.0024911,315153,122824678,5,ukb-d-30680_irnt,Calcium || id:ukb-d-30680_irnt,TRUE,reported,igd,2,TRUE
rs154657,A,G,A,G,-0.017373,0.0178,0.42112,0.477137,FALSE,FALSE,FALSE,ebi-a-GCST002245,16,89708096,0.0169,54162,0.2919,Alzheimer's disease (late onset),TRUE,4.85065e-12,0.0025141,315153,89708096,16,ukb-d-30680_irnt,Calcium || id:ukb-d-30680_irnt,TRUE,reported,igd,2,TRUE
rs165316,G,A,G,A,-0.017712,-0.0308,0.19804,0.187873,FALSE,FALSE,FALSE,ebi-a-GCST002245,1,91533297,0.0201,54162,0.126,Alzheimer's disease (late onset),TRUE,1.25551e-08,0.0031117,315153,91533297,1,ukb-d-30680_irnt,Calcium || id:ukb-d-30680_irnt,TRUE,reported,igd,2,TRUE
rs1672991,G,A,G,A,0.075238,0.015,0.933598,0.9383698,FALSE,FALSE,FALSE,ebi-a-GCST002245,19,35556659,0.0326,54162,0.6444,Alzheimer's disease (late onset),TRUE,1.00554e-51,0.0049714,315153,35556659,19,ukb-d-30680_irnt,Calcium || id:ukb-d-30680_irnt,TRUE,reported,igd,2,TRUE
rs17132144,T,C,T,C,-0.025781,-0.039,0.092974,0.11332,FALSE,FALSE,FALSE,ebi-a-GCST002245,5,131293738,0.027,54162,0.149,Alzheimer's disease (late onset),TRUE,1.67741e-09,0.004278,315153,131293738,5,ukb-d-30680_irnt,Calcium || id:ukb-d-30680_irnt,TRUE,reported,igd,2,TRUE
rs17164683,T,C,T,C,-0.02113,-0.0274,0.26964,0.314115,FALSE,FALSE,FALSE,ebi-a-GCST002245,7,92286980,0.0177,54162,0.1202,Alzheimer's disease (late onset),TRUE,4.88427e-14,0.0028041,315153,92286980,7,ukb-d-30680_irnt,Calcium || id:ukb-d-30680_irnt,TRUE,reported,igd,2,TRUE
rs1729658,A,G,A,G,-0.028236,-0.0042,0.55635,0.588469,FALSE,FALSE,FALSE,ebi-a-GCST002245,2,61373520,0.0156,54162,0.785,Alzheimer's disease (late onset),TRUE,1.1652e-29,0.0024962,315153,61373520,2,ukb-d-30680_irnt,Calcium || id:ukb-d-30680_irnt,TRUE,reported,igd,2,TRUE
rs1749849,C,T,C,T,0.021207,0.0335,0.58127,0.535785,FALSE,FALSE,FALSE,ebi-a-GCST002245,10,80999869,0.0166,54162,0.04314,Alzheimer's disease (late onset),TRUE,4.44017e-17,0.0025243,315153,80999869,10,ukb-d-30680_irnt,Calcium || id:ukb-d-30680_irnt,TRUE,reported,igd,2,TRUE
rs17580,A,T,A,T,0.04661,0.0094,0.048851,0.05666,FALSE,TRUE,FALSE,ebi-a-GCST002245,14,94847262,0.047,54162,0.8413,Alzheimer's disease (late onset),TRUE,5.52332e-16,0.0057545,315153,94847262,14,ukb-d-30680_irnt,Calcium || id:ukb-d-30680_irnt,TRUE,reported,igd,2,TRUE
rs1763519,C,G,C,G,-0.031523,8e-04,0.60693,0.607356,FALSE,TRUE,FALSE,ebi-a-GCST002245,6,134518919,0.0166,54162,0.9616,Alzheimer's disease (late onset),TRUE,1.88669e-35,0.0025365,315153,134518919,6,ukb-d-30680_irnt,Calcium || id:ukb-d-30680_irnt,TRUE,reported,igd,2,TRUE
rs17774672,A,G,A,G,-0.027155,-0.0452,0.15837,0.195825,FALSE,FALSE,FALSE,ebi-a-GCST002245,10,50507709,0.0212,54162,0.03331,Alzheimer's disease (late onset),TRUE,1.30467e-15,0.0033967,315153,50507709,10,ukb-d-30680_irnt,Calcium || id:ukb-d-30680_irnt,TRUE,reported,igd,2,TRUE
rs1801282,G,C,G,C,-0.037061,-0.0281,0.12023,0.120278,FALSE,TRUE,FALSE,ebi-a-GCST002245,3,12393125,0.0237,54162,0.2367,Alzheimer's disease (late onset),TRUE,1.95659e-22,0.0038032,315153,12393125,3,ukb-d-30680_irnt,Calcium || id:ukb-d-30680_irnt,TRUE,reported,igd,2,TRUE
rs1858800,T,C,T,C,0.030682,0.0144,0.34516,0.347913,FALSE,FALSE,FALSE,ebi-a-GCST002245,16,73024276,0.0168,54162,0.3909,Alzheimer's disease (late onset),TRUE,1.3406e-31,0.002623,315153,73024276,16,ukb-d-30680_irnt,Calcium || id:ukb-d-30680_irnt,TRUE,reported,igd,2,TRUE
rs1895994,A,G,A,G,-0.026936,-0.0566,0.32551,0.274354,FALSE,FALSE,FALSE,ebi-a-GCST002245,12,49056663,0.0171,54162,0.0008999,Alzheimer's disease (late onset),TRUE,2.75804e-24,0.0026489,315153,49056663,12,ukb-d-30680_irnt,Calcium || id:ukb-d-30680_irnt,TRUE,reported,igd,2,TRUE
rs2004315,T,C,T,C,0.032935,-0.0012,0.62474,0.656064,FALSE,FALSE,FALSE,ebi-a-GCST002245,11,13508384,0.0161,54162,0.9421,Alzheimer's disease (late onset),TRUE,7.94328e-38,0.0025614,315153,13508384,11,ukb-d-30680_irnt,Calcium || id:ukb-d-30680_irnt,TRUE,reported,igd,2,TRUE
rs2241699,C,G,C,G,-0.02576,-0.0299,0.27735,0.281312,FALSE,TRUE,FALSE,ebi-a-GCST002245,5,133899872,0.0171,54162,0.08055,Alzheimer's disease (late onset),TRUE,1.54668e-20,0.0027727,315153,133899872,5,ukb-d-30680_irnt,Calcium || id:ukb-d-30680_irnt,TRUE,reported,igd,2,TRUE
rs2243010,T,C,T,C,-0.017559,-0.0295,0.20565,0.208748,FALSE,FALSE,FALSE,ebi-a-GCST002245,5,76117768,0.0193,54162,0.1265,Alzheimer's disease (late onset),TRUE,1.25539e-08,0.0030848,315153,76117768,5,ukb-d-30680_irnt,Calcium || id:ukb-d-30680_irnt,TRUE,reported,igd,2,TRUE
rs2249825,C,G,C,G,-0.016252,0.0396,0.26885,0.270378,FALSE,TRUE,FALSE,ebi-a-GCST002245,13,31037903,0.0184,54162,0.03073,Alzheimer's disease (late onset),TRUE,6.18643e-09,0.0027964,315153,31037903,13,ukb-d-30680_irnt,Calcium || id:ukb-d-30680_irnt,TRUE,reported,igd,2,TRUE
rs2305141,G,A,G,A,-0.017655,-0.0158,0.59659,0.676938,FALSE,FALSE,FALSE,ebi-a-GCST002245,2,233684402,0.016,54162,0.3244,Alzheimer's disease (late onset),TRUE,3.1434e-12,0.0025325,315153,233684402,2,ukb-d-30680_irnt,Calcium || id:ukb-d-30680_irnt,TRUE,reported,igd,2,TRUE
rs2309233,C,T,C,T,0.021278,-0.0164,0.73111,0.701789,FALSE,FALSE,FALSE,ebi-a-GCST002245,8,21945518,0.019,54162,0.3896,Alzheimer's disease (late onset),TRUE,5.92516e-14,0.0028333,315153,21945518,8,ukb-d-30680_irnt,Calcium || id:ukb-d-30680_irnt,TRUE,reported,igd,2,TRUE
rs2327774,C,T,C,T,-0.021947,-0.0058,0.37806,0.403579,FALSE,FALSE,FALSE,ebi-a-GCST002245,6,137275839,0.0232,54162,0.804,Alzheimer's disease (late onset),TRUE,3.7914e-17,0.0026066,315153,137275839,6,ukb-d-30680_irnt,Calcium || id:ukb-d-30680_irnt,TRUE,reported,igd,2,TRUE
rs2335534,A,G,A,G,-0.038273,-0.008,0.17889,0.200795,FALSE,FALSE,FALSE,ebi-a-GCST002245,19,50014977,0.0199,54162,0.6864,Alzheimer's disease (late onset),TRUE,5.95251e-32,0.0032529,315153,50014977,19,ukb-d-30680_irnt,Calcium || id:ukb-d-30680_irnt,TRUE,reported,igd,2,TRUE
rs2339674,C,T,C,T,-0.020503,-0.007,0.85816,0.847913,FALSE,FALSE,FALSE,ebi-a-GCST002245,10,52857065,0.0216,54162,0.7464,Alzheimer's disease (late onset),TRUE,7.74426e-09,0.0035508,315153,52857065,10,ukb-d-30680_irnt,Calcium || id:ukb-d-30680_irnt,TRUE,reported,igd,2,TRUE
rs2343592,G,A,G,A,-0.023372,0.0151,0.26683,0.2833,FALSE,FALSE,FALSE,ebi-a-GCST002245,8,106572270,0.0178,54162,0.3968,Alzheimer's disease (late onset),TRUE,8.07235e-17,0.0028056,315153,106572270,8,ukb-d-30680_irnt,Calcium || id:ukb-d-30680_irnt,TRUE,reported,igd,2,TRUE
rs2370218,T,G,T,G,-0.021656,1e-04,0.76572,0.750497,FALSE,FALSE,FALSE,ebi-a-GCST002245,9,907988,0.0189,54162,0.9945,Alzheimer's disease (late onset),TRUE,1.81635e-13,0.0029416,315153,907988,9,ukb-d-30680_irnt,Calcium || id:ukb-d-30680_irnt,TRUE,reported,igd,2,TRUE
rs2419886,T,C,T,C,-0.019772,0.0116,0.25651,0.222664,FALSE,FALSE,FALSE,ebi-a-GCST002245,10,115841641,0.019,54162,0.5405,Alzheimer's disease (late onset),TRUE,4.14477e-12,0.0028521,315153,115841641,10,ukb-d-30680_irnt,Calcium || id:ukb-d-30680_irnt,TRUE,reported,igd,2,TRUE
rs255755,G,A,G,A,0.015379,-0.0147,0.26953,0.297217,FALSE,FALSE,FALSE,ebi-a-GCST002245,5,53307772,0.0177,54162,0.4067,Alzheimer's disease (late onset),TRUE,4.4268e-08,0.0028099,315153,53307772,5,ukb-d-30680_irnt,Calcium || id:ukb-d-30680_irnt,TRUE,reported,igd,2,TRUE
rs2647242,G,A,G,A,-0.019886,-0.0065,0.79773,0.772366,FALSE,FALSE,FALSE,ebi-a-GCST002245,4,106279747,0.0188,54162,0.7312,Alzheimer's disease (late onset),TRUE,1.3103e-10,0.0030945,315153,106279747,4,ukb-d-30680_irnt,Calcium || id:ukb-d-30680_irnt,TRUE,reported,igd,2,TRUE
rs2762938,A,G,A,G,0.015635,0.0175,0.58681,0.612326,FALSE,FALSE,FALSE,ebi-a-GCST002245,20,52778335,0.0175,54162,0.3186,Alzheimer's disease (late onset),TRUE,1.1618e-09,0.0025692,315153,52778335,20,ukb-d-30680_irnt,Calcium || id:ukb-d-30680_irnt,TRUE,reported,igd,2,TRUE
rs28520334,T,G,T,G,0.021626,-0.0158,0.11889,0.112326,FALSE,FALSE,FALSE,ebi-a-GCST002245,3,4649894,0.0274,54162,0.565,Alzheimer's disease (late onset),TRUE,2.03021e-08,0.0038552,315153,4649894,3,ukb-d-30680_irnt,Calcium || id:ukb-d-30680_irnt,TRUE,reported,igd,2,TRUE
rs28929474,T,C,T,C,0.12313,-0.0596,0.020224,0.0168986,FALSE,FALSE,FALSE,ebi-a-GCST002245,14,94844947,0.1177,54162,0.6125,Alzheimer's disease (late onset),TRUE,2.28349e-44,0.0088105,315153,94844947,14,ukb-d-30680_irnt,Calcium || id:ukb-d-30680_irnt,TRUE,reported,igd,2,TRUE
rs2971855,A,G,A,G,0.019109,-0.002,0.30175,0.346918,FALSE,FALSE,FALSE,ebi-a-GCST002245,2,234373537,0.0166,54162,0.9055,Alzheimer's disease (late onset),TRUE,1.6293e-12,0.0027054,315153,234373537,2,ukb-d-30680_irnt,Calcium || id:ukb-d-30680_irnt,TRUE,reported,igd,2,TRUE
rs3011642,T,C,T,C,0.019664,-0.0143,0.24286,0.224652,FALSE,FALSE,FALSE,ebi-a-GCST002245,10,22394843,0.0188,54162,0.4471,Alzheimer's disease (late onset),TRUE,1.0639e-11,0.0028927,315153,22394843,10,ukb-d-30680_irnt,Calcium || id:ukb-d-30680_irnt,TRUE,reported,igd,2,TRUE
rs302650,A,G,A,G,-0.01943,0.0048,0.43217,0.459245,FALSE,FALSE,FALSE,ebi-a-GCST002245,11,87901236,0.0154,54162,0.7544,Alzheimer's disease (late onset),TRUE,7.48342e-15,0.0024985,315153,87901236,11,ukb-d-30680_irnt,Calcium || id:ukb-d-30680_irnt,TRUE,reported,igd,2,TRUE
rs308032,T,G,T,G,0.044229,0.0081,0.23686,0.214712,FALSE,FALSE,FALSE,ebi-a-GCST002245,19,3102748,0.0214,54162,0.7066,Alzheimer's disease (late onset),TRUE,1.99022e-50,0.0029612,315153,3102748,19,ukb-d-30680_irnt,Calcium || id:ukb-d-30680_irnt,TRUE,reported,igd,2,TRUE
rs3091842,A,G,A,G,0.094018,0.0521,0.044124,0.0666004,FALSE,FALSE,FALSE,ebi-a-GCST002245,20,39344272,0.0394,54162,0.1862,Alzheimer's disease (late onset),TRUE,1.93241e-51,0.00623,315153,39344272,20,ukb-d-30680_irnt,Calcium || id:ukb-d-30680_irnt,TRUE,reported,igd,2,TRUE
rs3133548,T,C,T,C,0.019978,0.024,0.14175,0.119284,FALSE,FALSE,FALSE,ebi-a-GCST002245,8,101733229,0.0228,54162,0.2934,Alzheimer's disease (late onset),TRUE,2.38358e-08,0.0035791,315153,101733229,8,ukb-d-30680_irnt,Calcium || id:ukb-d-30680_irnt,TRUE,reported,igd,2,TRUE
rs34042070,G,C,G,C,0.021051,-0.0093,0.18627,0.201789,FALSE,TRUE,FALSE,ebi-a-GCST002245,16,72101525,0.0199,54162,0.6384,Alzheimer's disease (late onset),TRUE,4.60681e-11,0.0031976,315153,72101525,16,ukb-d-30680_irnt,Calcium || id:ukb-d-30680_irnt,TRUE,reported,igd,2,TRUE
rs34066945,T,C,T,C,-0.025832,-0.0047,0.35838,0.367793,FALSE,FALSE,FALSE,ebi-a-GCST002245,15,69612053,0.0163,54162,0.7738,Alzheimer's disease (late onset),TRUE,1.76035e-23,0.0025867,315153,69612053,15,ukb-d-30680_irnt,Calcium || id:ukb-d-30680_irnt,TRUE,reported,igd,2,TRUE
rs34290411,G,C,G,C,0.017934,0.013,0.28591,0.284294,FALSE,TRUE,FALSE,ebi-a-GCST002245,18,60203605,0.0173,54162,0.4505,Alzheimer's disease (late onset),TRUE,6.64661e-11,0.0027469,315153,60203605,18,ukb-d-30680_irnt,Calcium || id:ukb-d-30680_irnt,TRUE,reported,igd,2,TRUE
rs34395935,C,G,C,G,0.059143,-0.0112,0.15217,0.135189,FALSE,TRUE,FALSE,ebi-a-GCST002245,3,121937961,0.0231,54162,0.628,Alzheimer's disease (late onset),TRUE,1.40475e-65,0.0034572,315153,121937961,3,ukb-d-30680_irnt,Calcium || id:ukb-d-30680_irnt,TRUE,reported,igd,2,TRUE
rs34614231,C,G,C,G,-0.020051,-0.0676,0.36562,0.37674,FALSE,TRUE,FALSE,ebi-a-GCST002245,11,47913945,0.0163,54162,3.405e-05,Alzheimer's disease (late onset),TRUE,8.76799e-15,0.0025851,315153,47913945,11,ukb-d-30680_irnt,Calcium || id:ukb-d-30680_irnt,TRUE,reported,igd,2,TRUE
rs35118755,T,C,T,C,0.023234,0.0171,0.14944,0.0924453,FALSE,FALSE,FALSE,ebi-a-GCST002245,19,52172672,0.0291,54162,0.5577,Alzheimer's disease (late onset),TRUE,3.31055e-11,0.0035032,315153,52172672,19,ukb-d-30680_irnt,Calcium || id:ukb-d-30680_irnt,TRUE,reported,igd,2,TRUE
rs35320690,C,T,C,T,0.026246,0.0232,0.27551,0.228628,FALSE,FALSE,FALSE,ebi-a-GCST002245,3,135932494,0.0174,54162,0.1819,Alzheimer's disease (late onset),TRUE,3.60164e-21,0.0027791,315153,135932494,3,ukb-d-30680_irnt,Calcium || id:ukb-d-30680_irnt,TRUE,reported,igd,2,TRUE
rs35751693,T,C,T,C,0.043271,0.108,0.039296,0.0238569,FALSE,FALSE,FALSE,ebi-a-GCST002245,2,98242555,0.09,54162,0.23,Alzheimer's disease (late onset),TRUE,5.1606e-11,0.0065897,315153,98242555,2,ukb-d-30680_irnt,Calcium || id:ukb-d-30680_irnt,TRUE,reported,igd,2,TRUE
rs35852840,A,C,A,C,0.029039,0.0257,0.058756,0.0367793,FALSE,FALSE,FALSE,ebi-a-GCST002245,14,64595763,0.0355,54162,0.4699,Alzheimer's disease (late onset),TRUE,4.30834e-08,0.0053011,315153,64595763,14,ukb-d-30680_irnt,Calcium || id:ukb-d-30680_irnt,TRUE,reported,igd,2,TRUE
rs36086195,T,C,T,C,0.020309,0.0093,0.5803,0.565606,FALSE,FALSE,FALSE,ebi-a-GCST002245,1,16510894,0.0158,54162,0.557,Alzheimer's disease (late onset),TRUE,6.54938e-16,0.0025138,315153,16510894,1,ukb-d-30680_irnt,Calcium || id:ukb-d-30680_irnt,TRUE,reported,igd,2,TRUE
rs36104352,C,A,C,A,0.027761,-0.015,0.12065,0.107356,FALSE,FALSE,FALSE,ebi-a-GCST002245,8,23377604,0.0245,54162,0.54,Alzheimer's disease (late onset),TRUE,3.01578e-13,0.003806,315153,23377604,8,ukb-d-30680_irnt,Calcium || id:ukb-d-30680_irnt,TRUE,reported,igd,2,TRUE
rs3748861,A,C,A,C,-0.017465,0.0024,0.20249,0.182903,FALSE,FALSE,FALSE,ebi-a-GCST002245,2,133196452,0.0209,54162,0.908,Alzheimer's disease (late onset),TRUE,1.70181e-08,0.0030967,315153,133196452,2,ukb-d-30680_irnt,Calcium || id:ukb-d-30680_irnt,TRUE,reported,igd,2,TRUE
rs3768414,G,A,G,A,-0.017125,0.0136,0.45534,0.525845,FALSE,FALSE,FALSE,ebi-a-GCST002245,1,226917898,0.0154,54162,0.377,Alzheimer's disease (late onset),TRUE,5.60402e-11,0.0026128,315153,226917898,1,ukb-d-30680_irnt,Calcium || id:ukb-d-30680_irnt,TRUE,reported,igd,2,TRUE
rs3795243,C,G,C,G,0.02162,0.0287,0.12611,0.0904573,FALSE,TRUE,FALSE,ebi-a-GCST002245,4,17829990,0.0232,54162,0.2155,Alzheimer's disease (late onset),TRUE,6.79032e-09,0.00373,315153,17829990,4,ukb-d-30680_irnt,Calcium || id:ukb-d-30680_irnt,TRUE,reported,igd,2,TRUE
rs3822858,C,T,C,T,-0.016199,0.0121,0.40732,0.370775,FALSE,FALSE,FALSE,ebi-a-GCST002245,6,116305064,0.0165,54162,0.4655,Alzheimer's disease (late onset),TRUE,1.43179e-10,0.0025261,315153,116305064,6,ukb-d-30680_irnt,Calcium || id:ukb-d-30680_irnt,TRUE,reported,igd,2,TRUE
rs3931841,G,A,G,A,-0.026138,-0.0404,0.68143,0.697813,FALSE,FALSE,FALSE,ebi-a-GCST002245,2,121041314,0.017,54162,0.01757,Alzheimer's disease (late onset),TRUE,1.43021e-22,0.0026736,315153,121041314,2,ukb-d-30680_irnt,Calcium || id:ukb-d-30680_irnt,TRUE,reported,igd,2,TRUE
rs4082330,T,C,T,C,0.020789,0.0225,0.81429,0.805169,FALSE,FALSE,FALSE,ebi-a-GCST002245,10,65497266,0.021,54162,0.2847,Alzheimer's disease (late onset),TRUE,1.12091e-10,0.0032232,315153,65497266,10,ukb-d-30680_irnt,Calcium || id:ukb-d-30680_irnt,TRUE,reported,igd,2,TRUE
rs41278174,A,G,A,G,0.050135,0.0843,0.027299,0.0298211,FALSE,FALSE,FALSE,ebi-a-GCST002245,16,16259596,0.0857,54162,0.3255,Alzheimer's disease (late onset),TRUE,4.2658e-11,0.0076023,315153,16259596,16,ukb-d-30680_irnt,Calcium || id:ukb-d-30680_irnt,TRUE,reported,igd,2,TRUE
rs41393948,T,C,T,C,-0.021528,-0.0019,0.11309,0.109344,FALSE,FALSE,FALSE,ebi-a-GCST002245,8,8296230,0.0244,54162,0.938,Alzheimer's disease (late onset),TRUE,4.25432e-08,0.0039283,315153,8296230,8,ukb-d-30680_irnt,Calcium || id:ukb-d-30680_irnt,TRUE,reported,igd,2,TRUE
rs4239142,G,A,G,A,-0.017068,-0.0327,0.74533,0.727634,FALSE,FALSE,FALSE,ebi-a-GCST002245,17,42205876,0.0173,54162,0.05798,Alzheimer's disease (late onset),TRUE,1.97052e-09,0.0028445,315153,42205876,17,ukb-d-30680_irnt,Calcium || id:ukb-d-30680_irnt,TRUE,reported,igd,2,TRUE
rs4286380,C,T,C,T,-0.0156,-0.0146,0.62829,0.610338,FALSE,FALSE,FALSE,ebi-a-GCST002245,3,121334786,0.0162,54162,0.3687,Alzheimer's disease (late onset),TRUE,1.15149e-09,0.0025628,315153,121334786,3,ukb-d-30680_irnt,Calcium || id:ukb-d-30680_irnt,TRUE,reported,igd,2,TRUE
rs4320103,G,A,G,A,0.045458,-0.0063,0.038785,0.0437376,FALSE,FALSE,FALSE,ebi-a-GCST002245,4,170910322,0.0382,54162,0.87,Alzheimer's disease (late onset),TRUE,2.35776e-12,0.006483,315153,170910322,4,ukb-d-30680_irnt,Calcium || id:ukb-d-30680_irnt,TRUE,reported,igd,2,TRUE
rs4324076,C,A,C,A,-0.01837,0.0206,0.52972,0.488072,FALSE,FALSE,FALSE,ebi-a-GCST002245,15,51510868,0.0156,54162,0.1865,Alzheimer's disease (late onset),TRUE,1.47469e-13,0.0024859,315153,51510868,15,ukb-d-30680_irnt,Calcium || id:ukb-d-30680_irnt,TRUE,reported,igd,2,TRUE
rs443128,C,T,C,T,-0.019852,-0.0224,0.14447,0.150099,FALSE,FALSE,FALSE,ebi-a-GCST002245,14,60606527,0.0219,54162,0.3065,Alzheimer's disease (late onset),TRUE,1.75922e-08,0.0035235,315153,60606527,14,ukb-d-30680_irnt,Calcium || id:ukb-d-30680_irnt,TRUE,reported,igd,2,TRUE
rs4633480,A,G,A,G,0.01991,0.0219,0.55622,0.542744,FALSE,FALSE,FALSE,ebi-a-GCST002245,11,68613367,0.0156,54162,0.1606,Alzheimer's disease (late onset),TRUE,1.55955e-15,0.0024973,315153,68613367,11,ukb-d-30680_irnt,Calcium || id:ukb-d-30680_irnt,TRUE,reported,igd,2,TRUE
rs4678192,G,A,G,A,0.068837,-0.0036,0.4025,0.392644,FALSE,FALSE,FALSE,ebi-a-GCST002245,3,122127592,0.0159,54162,0.8227,Alzheimer's disease (late onset),TRUE,7.21107e-162,0.0025376,315153,122127592,3,ukb-d-30680_irnt,Calcium || id:ukb-d-30680_irnt,TRUE,reported,igd,2,TRUE
rs4721467,T,A,T,A,-0.021075,9e-04,0.73827,0.727634,FALSE,TRUE,FALSE,ebi-a-GCST002245,7,16079195,0.0178,54162,0.9581,Alzheimer's disease (late onset),TRUE,9.37994e-14,0.002829,315153,16079195,7,ukb-d-30680_irnt,Calcium || id:ukb-d-30680_irnt,TRUE,reported,igd,2,TRUE
rs4790310,T,C,T,C,-0.019566,-0.0246,0.57459,0.595427,FALSE,FALSE,FALSE,ebi-a-GCST002245,17,1966920,0.0158,54162,0.1186,Alzheimer's disease (late onset),TRUE,7.1796e-15,0.0025143,315153,1966920,17,ukb-d-30680_irnt,Calcium || id:ukb-d-30680_irnt,TRUE,reported,igd,2,TRUE
rs4841132,G,A,G,A,0.057031,-0.014,0.908256,0.9264414,FALSE,FALSE,FALSE,ebi-a-GCST002245,8,9183596,0.0279,54162,0.6147,Alzheimer's disease (late onset),TRUE,4.7676e-40,0.004305,315153,9183596,8,ukb-d-30680_irnt,Calcium || id:ukb-d-30680_irnt,TRUE,reported,igd,2,TRUE
rs4937122,G,T,G,T,-0.06035,0.0195,0.073913,0.0735586,FALSE,FALSE,FALSE,ebi-a-GCST002245,11,126228659,0.0327,54162,0.5514,Alzheimer's disease (late onset),TRUE,2.28455e-37,0.0047238,315153,126228659,11,ukb-d-30680_irnt,Calcium || id:ukb-d-30680_irnt,TRUE,reported,igd,2,TRUE
rs4938642,C,G,C,G,0.033623,0.0057,0.07402,0.0864811,FALSE,TRUE,FALSE,ebi-a-GCST002245,11,119099906,0.0292,54162,0.8444,Alzheimer's disease (late onset),TRUE,1.36239e-12,0.0047436,315153,119099906,11,ukb-d-30680_irnt,Calcium || id:ukb-d-30680_irnt,TRUE,reported,igd,2,TRUE
rs4976647,C,A,C,A,0.018319,-0.0176,0.33171,0.348907,FALSE,FALSE,FALSE,ebi-a-GCST002245,5,176788622,0.0175,54162,0.3149,Alzheimer's disease (late onset),TRUE,3.71279e-12,0.0026366,315153,176788622,5,ukb-d-30680_irnt,Calcium || id:ukb-d-30680_irnt,TRUE,reported,igd,2,TRUE
rs55772024,A,G,A,G,-0.016566,0.0083,0.24231,0.281312,FALSE,FALSE,FALSE,ebi-a-GCST002245,6,44078830,0.0176,54162,0.6395,Alzheimer's disease (late onset),TRUE,1.04739e-08,0.0028946,315153,44078830,6,ukb-d-30680_irnt,Calcium || id:ukb-d-30680_irnt,TRUE,reported,igd,2,TRUE
rs56406311,T,C,T,C,0.01781,0.0163,0.38605,0.38668,FALSE,FALSE,FALSE,ebi-a-GCST002245,3,156795408,0.0168,54162,0.3339,Alzheimer's disease (late onset),TRUE,3.49462e-12,0.0025602,315153,156795408,3,ukb-d-30680_irnt,Calcium || id:ukb-d-30680_irnt,TRUE,reported,igd,2,TRUE
rs567743,G,A,G,A,0.014988,-0.0158,0.70804,0.722664,FALSE,FALSE,FALSE,ebi-a-GCST002245,9,116365188,0.0172,54162,0.3584,Alzheimer's disease (late onset),TRUE,4.57004e-08,0.0027413,315153,116365188,9,ukb-d-30680_irnt,Calcium || id:ukb-d-30680_irnt,TRUE,reported,igd,2,TRUE
rs5751350,A,G,A,G,0.016305,0.0057,0.33022,0.341948,FALSE,FALSE,FALSE,ebi-a-GCST002245,22,43117595,0.0173,54162,0.7439,Alzheimer's disease (late onset),TRUE,6.11575e-10,0.0026351,315153,43117595,22,ukb-d-30680_irnt,Calcium || id:ukb-d-30680_irnt,TRUE,reported,igd,2,TRUE
rs58434384,G,A,G,A,0.032104,0.0108,0.085728,0.082505,FALSE,FALSE,FALSE,ebi-a-GCST002245,19,19786099,0.0298,54162,0.7178,Alzheimer's disease (late onset),TRUE,4.39238e-13,0.0044323,315153,19786099,19,ukb-d-30680_irnt,Calcium || id:ukb-d-30680_irnt,TRUE,reported,igd,2,TRUE
rs58579887,C,T,C,T,0.016317,0.0224,0.40406,0.415507,FALSE,FALSE,FALSE,ebi-a-GCST002245,8,145028587,0.0173,54162,0.1944,Alzheimer's disease (late onset),TRUE,1.3394e-10,0.0025405,315153,145028587,8,ukb-d-30680_irnt,Calcium || id:ukb-d-30680_irnt,TRUE,reported,igd,2,TRUE
rs59821684,G,A,G,A,0.054317,0.0873,0.028933,0.0188867,FALSE,FALSE,FALSE,ebi-a-GCST002245,20,5521580,0.0629,54162,0.165,Alzheimer's disease (late onset),TRUE,2.23306e-13,0.0074058,315153,5521580,20,ukb-d-30680_irnt,Calcium || id:ukb-d-30680_irnt,TRUE,reported,igd,2,TRUE
rs6004193,C,T,C,T,0.016487,-0.0103,0.35304,0.379722,FALSE,FALSE,FALSE,ebi-a-GCST002245,22,24994296,0.0178,54162,0.5621,Alzheimer's disease (late onset),TRUE,2.1866e-10,0.0025973,315153,24994296,22,ukb-d-30680_irnt,Calcium || id:ukb-d-30680_irnt,TRUE,reported,igd,2,TRUE
rs6060009,G,T,G,T,0.018253,0.0201,0.81613,0.870775,FALSE,FALSE,FALSE,ebi-a-GCST002245,20,33303974,0.0209,54162,0.3374,Alzheimer's disease (late onset),TRUE,1.1916e-08,0.0032017,315153,33303974,20,ukb-d-30680_irnt,Calcium || id:ukb-d-30680_irnt,TRUE,reported,igd,2,TRUE
rs60616569,A,G,A,G,-0.018684,-0.0572,0.21218,0.209742,FALSE,FALSE,FALSE,ebi-a-GCST002245,15,78271261,0.0564,54162,0.31,Alzheimer's disease (late onset),TRUE,1.30431e-09,0.0030796,315153,78271261,15,ukb-d-30680_irnt,Calcium || id:ukb-d-30680_irnt,TRUE,reported,igd,2,TRUE
rs612194,A,T,A,T,0.02701,-0.0261,0.25043,0.251491,FALSE,TRUE,FALSE,ebi-a-GCST002245,17,37442707,0.02,54162,0.1912,Alzheimer's disease (late onset),TRUE,4.21794e-21,0.002865,315153,37442707,17,ukb-d-30680_irnt,Calcium || id:ukb-d-30680_irnt,TRUE,reported,igd,2,TRUE
rs6127099,T,A,T,A,-0.053136,0.0276,0.27828,0.337972,FALSE,TRUE,FALSE,ebi-a-GCST002245,20,52731402,0.0194,54162,0.1546,Alzheimer's disease (late onset),TRUE,8.4489e-79,0.0028265,315153,52731402,20,ukb-d-30680_irnt,Calcium || id:ukb-d-30680_irnt,TRUE,reported,igd,2,TRUE
rs62134679,C,T,C,T,0.022269,0.0111,0.14781,0.17495,FALSE,FALSE,FALSE,ebi-a-GCST002245,2,54801525,0.0209,54162,0.5966,Alzheimer's disease (late onset),TRUE,2.19508e-10,0.0035085,315153,54801525,2,ukb-d-30680_irnt,Calcium || id:ukb-d-30680_irnt,TRUE,reported,igd,2,TRUE
rs62309863,T,G,T,G,-0.014416,-0.0148,0.58596,0.578529,FALSE,FALSE,FALSE,ebi-a-GCST002245,4,115390971,0.016,54162,0.3575,Alzheimer's disease (late onset),TRUE,1.1003e-08,0.0025226,315153,115390971,4,ukb-d-30680_irnt,Calcium || id:ukb-d-30680_irnt,TRUE,reported,igd,2,TRUE
rs62362239,C,T,C,T,0.019151,-0.0194,0.33333,0.32505,FALSE,FALSE,FALSE,ebi-a-GCST002245,5,72388732,0.0167,54162,0.246,Alzheimer's disease (late onset),TRUE,3.5359e-13,0.0026334,315153,72388732,5,ukb-d-30680_irnt,Calcium || id:ukb-d-30680_irnt,TRUE,reported,igd,2,TRUE
rs62472728,T,C,T,C,0.031618,-0.0152,0.060424,0.0656064,FALSE,FALSE,FALSE,ebi-a-GCST002245,7,143105566,0.0358,54162,0.6716,Alzheimer's disease (late onset),TRUE,1.85272e-09,0.0052606,315153,143105566,7,ukb-d-30680_irnt,Calcium || id:ukb-d-30680_irnt,TRUE,reported,igd,2,TRUE
rs648514,A,G,A,G,-0.013893,1e-04,0.46679,0.450298,FALSE,FALSE,FALSE,ebi-a-GCST002245,3,52467263,0.0156,54162,0.9935,Alzheimer's disease (late onset),TRUE,2.22029e-08,0.0024836,315153,52467263,3,ukb-d-30680_irnt,Calcium || id:ukb-d-30680_irnt,TRUE,reported,igd,2,TRUE
rs6580981,A,G,A,G,-0.018312,-0.001,0.45845,0.474155,FALSE,FALSE,FALSE,ebi-a-GCST002245,12,54723028,0.0159,54162,0.9487,Alzheimer's disease (late onset),TRUE,2.38836e-13,0.0024997,315153,54723028,12,ukb-d-30680_irnt,Calcium || id:ukb-d-30680_irnt,TRUE,reported,igd,2,TRUE
rs66920316,A,G,A,G,-0.021381,0.0102,0.19587,0.17992,FALSE,FALSE,FALSE,ebi-a-GCST002245,2,10134511,0.0195,54162,0.6004,Alzheimer's disease (late onset),TRUE,7.58403e-12,0.003123,315153,10134511,2,ukb-d-30680_irnt,Calcium || id:ukb-d-30680_irnt,TRUE,reported,igd,2,TRUE
rs6741561,T,C,T,C,-0.038423,0.0084,0.39322,0.38668,FALSE,FALSE,FALSE,ebi-a-GCST002245,2,97458436,0.0161,54162,0.6027,Alzheimer's disease (late onset),TRUE,1.2517e-51,0.0025412,315153,97458436,2,ukb-d-30680_irnt,Calcium || id:ukb-d-30680_irnt,TRUE,reported,igd,2,TRUE
rs67611188,C,T,C,T,0.020993,-0.0124,0.14654,0.141153,FALSE,FALSE,FALSE,ebi-a-GCST002245,10,9356436,0.0241,54162,0.6081,Alzheimer's disease (late onset),TRUE,2.27919e-09,0.0035124,315153,9356436,10,ukb-d-30680_irnt,Calcium || id:ukb-d-30680_irnt,TRUE,reported,igd,2,TRUE
rs6771438,G,T,G,T,-0.027162,0.0283,0.11587,0.105368,FALSE,FALSE,FALSE,ebi-a-GCST002245,3,186682324,0.0258,54162,0.2724,Alzheimer's disease (late onset),TRUE,3.09742e-12,0.0038951,315153,186682324,3,ukb-d-30680_irnt,Calcium || id:ukb-d-30680_irnt,TRUE,reported,igd,2,TRUE
rs6841429,A,C,A,C,-0.039641,-0.0238,0.16618,0.182903,FALSE,FALSE,FALSE,ebi-a-GCST002245,4,40565469,0.0214,54162,0.2664,Alzheimer's disease (late onset),TRUE,8.44501e-33,0.003323,315153,40565469,4,ukb-d-30680_irnt,Calcium || id:ukb-d-30680_irnt,TRUE,reported,igd,2,TRUE
rs6909201,G,A,G,A,-0.042226,-0.0214,0.51673,0.497018,FALSE,FALSE,FALSE,ebi-a-GCST002245,6,74463894,0.016,54162,0.1811,Alzheimer's disease (late onset),TRUE,7.13346e-65,0.0024821,315153,74463894,6,ukb-d-30680_irnt,Calcium || id:ukb-d-30680_irnt,TRUE,reported,igd,2,TRUE
rs710217,G,A,G,A,0.02444,-0.0226,0.48544,0.49006,FALSE,FALSE,FALSE,ebi-a-GCST002245,1,43428650,0.016,54162,0.1572,Alzheimer's disease (late onset),TRUE,8.50354e-23,0.0024865,315153,43428650,1,ukb-d-30680_irnt,Calcium || id:ukb-d-30680_irnt,TRUE,reported,igd,2,TRUE
rs71565393,T,C,T,C,0.018169,-0.0157,0.17709,0.175944,FALSE,FALSE,FALSE,ebi-a-GCST002245,6,33577823,0.0249,54162,0.5278,Alzheimer's disease (late onset),TRUE,2.63888e-08,0.0032655,315153,33577823,6,ukb-d-30680_irnt,Calcium || id:ukb-d-30680_irnt,TRUE,reported,igd,2,TRUE
rs71658797,A,T,A,T,0.021116,-0.0369,0.12367,0.0864811,FALSE,TRUE,FALSE,ebi-a-GCST002245,1,77967507,0.0276,54162,0.1815,Alzheimer's disease (late onset),TRUE,2.36048e-08,0.0037819,315153,77967507,1,ukb-d-30680_irnt,Calcium || id:ukb-d-30680_irnt,TRUE,reported,igd,2,TRUE
rs7221118,C,T,C,T,-0.019742,0.0078,0.21487,0.208748,FALSE,FALSE,FALSE,ebi-a-GCST002245,17,47907641,0.0188,54162,0.6794,Alzheimer's disease (late onset),TRUE,7.31644e-11,0.0030306,315153,47907641,17,ukb-d-30680_irnt,Calcium || id:ukb-d-30680_irnt,TRUE,reported,igd,2,TRUE
rs722298,A,G,A,G,0.014899,-0.015,0.43771,0.468191,FALSE,FALSE,FALSE,ebi-a-GCST002245,22,30777529,0.0159,54162,0.3451,Alzheimer's disease (late onset),TRUE,2.69439e-09,0.0025043,315153,30777529,22,ukb-d-30680_irnt,Calcium || id:ukb-d-30680_irnt,TRUE,reported,igd,2,TRUE
rs72660383,C,T,C,T,-0.028403,0.0741,0.06372,0.0715706,FALSE,FALSE,FALSE,ebi-a-GCST002245,4,75949596,0.0314,54162,0.01835,Alzheimer's disease (late onset),TRUE,2.25419e-08,0.0050798,315153,75949596,4,ukb-d-30680_irnt,Calcium || id:ukb-d-30680_irnt,TRUE,reported,igd,2,TRUE
rs72697816,T,C,T,C,0.019508,1e-04,0.16275,0.150099,FALSE,FALSE,FALSE,ebi-a-GCST002245,1,112222279,0.021,54162,0.9972,Alzheimer's disease (late onset),TRUE,6.34468e-09,0.0033591,315153,112222279,1,ukb-d-30680_irnt,Calcium || id:ukb-d-30680_irnt,TRUE,reported,igd,2,TRUE
rs73536752,T,C,T,C,-0.033487,0.0041,0.043421,0.0447316,FALSE,FALSE,FALSE,ebi-a-GCST002245,16,47904346,0.0363,54162,0.9093,Alzheimer's disease (late onset),TRUE,4.14562e-08,0.0061055,315153,47904346,16,ukb-d-30680_irnt,Calcium || id:ukb-d-30680_irnt,TRUE,reported,igd,2,TRUE
rs7370877,G,A,G,A,-0.016994,0.02,0.4196,0.405567,FALSE,FALSE,FALSE,ebi-a-GCST002245,2,69525721,0.0165,54162,0.227,Alzheimer's disease (late onset),TRUE,1.65463e-11,0.0025236,315153,69525721,2,ukb-d-30680_irnt,Calcium || id:ukb-d-30680_irnt,TRUE,reported,igd,2,TRUE
rs7402977,A,G,A,G,-0.015582,0.0036,0.26677,0.272366,FALSE,FALSE,FALSE,ebi-a-GCST002245,15,31726824,0.0184,54162,0.8458,Alzheimer's disease (late onset),TRUE,3.43661e-08,0.002824,315153,31726824,15,ukb-d-30680_irnt,Calcium || id:ukb-d-30680_irnt,TRUE,reported,igd,2,TRUE
rs7533348,C,T,C,T,-0.02063,7e-04,0.35163,0.356859,FALSE,FALSE,FALSE,ebi-a-GCST002245,1,220077269,0.0163,54162,0.9675,Alzheimer's disease (late onset),TRUE,2.06158e-15,0.0025988,315153,220077269,1,ukb-d-30680_irnt,Calcium || id:ukb-d-30680_irnt,TRUE,reported,igd,2,TRUE
rs7559013,C,A,C,A,0.025344,-0.0185,0.12955,0.131213,FALSE,FALSE,FALSE,ebi-a-GCST002245,2,213735555,0.0221,54162,0.4041,Alzheimer's disease (late onset),TRUE,7.57007e-12,0.0037016,315153,213735555,2,ukb-d-30680_irnt,Calcium || id:ukb-d-30680_irnt,TRUE,reported,igd,2,TRUE
rs75702986,A,G,A,G,0.03724,0.0114,0.18801,0.177932,FALSE,FALSE,FALSE,ebi-a-GCST002245,19,35566151,0.0222,54162,0.6084,Alzheimer's disease (late onset),TRUE,3.52533e-31,0.0032063,315153,35566151,19,ukb-d-30680_irnt,Calcium || id:ukb-d-30680_irnt,TRUE,reported,igd,2,TRUE
rs7587636,A,G,A,G,-0.01561,0.0023,0.52888,0.537773,FALSE,FALSE,FALSE,ebi-a-GCST002245,2,25518862,0.0154,54162,0.8792,Alzheimer's disease (late onset),TRUE,4.12971e-10,0.0024979,315153,25518862,2,ukb-d-30680_irnt,Calcium || id:ukb-d-30680_irnt,TRUE,reported,igd,2,TRUE
rs75895430,G,C,G,C,0.079576,-0.0219,0.032748,0.0188867,FALSE,TRUE,FALSE,ebi-a-GCST002245,1,68268784,0.0615,54162,0.7216,Alzheimer's disease (late onset),TRUE,5.37403e-29,0.0071199,315153,68268784,1,ukb-d-30680_irnt,Calcium || id:ukb-d-30680_irnt,TRUE,reported,igd,2,TRUE
rs7592216,T,G,T,G,-0.020398,-0.012,0.86905,0.893638,FALSE,FALSE,FALSE,ebi-a-GCST002245,2,182743246,0.0253,54162,0.6347,Alzheimer's disease (late onset),TRUE,3.30613e-08,0.0036923,315153,182743246,2,ukb-d-30680_irnt,Calcium || id:ukb-d-30680_irnt,TRUE,reported,igd,2,TRUE
rs7599,G,A,G,A,-0.019448,-0.0091,0.63432,0.619284,FALSE,FALSE,FALSE,ebi-a-GCST002245,19,36038390,0.0162,54162,0.5726,Alzheimer's disease (late onset),TRUE,3.84238e-14,0.0025703,315153,36038390,19,ukb-d-30680_irnt,Calcium || id:ukb-d-30680_irnt,TRUE,reported,igd,2,TRUE
rs7688574,T,C,T,C,0.014682,0.0039,0.36861,0.39165,FALSE,FALSE,FALSE,ebi-a-GCST002245,4,38533499,0.0165,54162,0.8144,Alzheimer's disease (late onset),TRUE,1.12419e-08,0.0025708,315153,38533499,4,ukb-d-30680_irnt,Calcium || id:ukb-d-30680_irnt,TRUE,reported,igd,2,TRUE
rs7730344,A,C,A,C,0.017446,0.0155,0.29299,0.295229,FALSE,FALSE,FALSE,ebi-a-GCST002245,5,74587940,0.0172,54162,0.3674,Alzheimer's disease (late onset),TRUE,1.5656e-10,0.0027263,315153,74587940,5,ukb-d-30680_irnt,Calcium || id:ukb-d-30680_irnt,TRUE,reported,igd,2,TRUE
rs7742369,G,A,G,A,0.043465,-0.0273,0.17527,0.17495,FALSE,FALSE,FALSE,ebi-a-GCST002245,6,34165721,0.0213,54162,0.2008,Alzheimer's disease (late onset),TRUE,1.10739e-40,0.0032541,315153,34165721,6,ukb-d-30680_irnt,Calcium || id:ukb-d-30680_irnt,TRUE,reported,igd,2,TRUE
rs775249,T,C,T,C,-0.016454,-0.0062,0.28302,0.287276,FALSE,FALSE,FALSE,ebi-a-GCST002245,12,57977003,0.0178,54162,0.728,Alzheimer's disease (late onset),TRUE,2.25481e-09,0.0027522,315153,57977003,12,ukb-d-30680_irnt,Calcium || id:ukb-d-30680_irnt,TRUE,reported,igd,2,TRUE
rs77542162,G,A,G,A,-0.089358,0.0061,0.02296,0.0109344,FALSE,FALSE,FALSE,ebi-a-GCST002245,17,67081278,0.079,54162,0.938,Alzheimer's disease (late onset),TRUE,3.92916e-27,0.0082825,315153,67081278,17,ukb-d-30680_irnt,Calcium || id:ukb-d-30680_irnt,TRUE,reported,igd,2,TRUE
rs7786368,C,T,C,T,-0.024299,0.0241,0.41572,0.446322,FALSE,FALSE,FALSE,ebi-a-GCST002245,7,77500734,0.0157,54162,0.1256,Alzheimer's disease (late onset),TRUE,4.46272e-22,0.0025152,315153,77500734,7,ukb-d-30680_irnt,Calcium || id:ukb-d-30680_irnt,TRUE,reported,igd,2,TRUE
rs7864156,G,T,G,T,0.019082,-0.0217,0.39031,0.403579,FALSE,FALSE,FALSE,ebi-a-GCST002245,9,96905219,0.0161,54162,0.1774,Alzheimer's disease (late onset),TRUE,6.6359e-14,0.0025458,315153,96905219,9,ukb-d-30680_irnt,Calcium || id:ukb-d-30680_irnt,TRUE,reported,igd,2,TRUE
rs7924737,G,A,G,A,-0.015382,-0.021,0.34907,0.380716,FALSE,FALSE,FALSE,ebi-a-GCST002245,11,102023505,0.0164,54162,0.1999,Alzheimer's disease (late onset),TRUE,3.41201e-09,0.0026025,315153,102023505,11,ukb-d-30680_irnt,Calcium || id:ukb-d-30680_irnt,TRUE,reported,igd,2,TRUE
rs7940215,T,C,T,C,0.013816,0.0284,0.43382,0.429423,FALSE,FALSE,FALSE,ebi-a-GCST002245,11,69285740,0.0166,54162,0.08672,Alzheimer's disease (late onset),TRUE,3.88938e-08,0.0025138,315153,69285740,11,ukb-d-30680_irnt,Calcium || id:ukb-d-30680_irnt,TRUE,reported,igd,2,TRUE
rs79501693,C,T,C,T,-0.049987,0.0207,0.021047,0.0188867,FALSE,FALSE,FALSE,ebi-a-GCST002245,19,50224222,0.097,54162,0.8311,Alzheimer's disease (late onset),TRUE,9.94947e-09,0.0087212,315153,50224222,19,ukb-d-30680_irnt,Calcium || id:ukb-d-30680_irnt,TRUE,reported,igd,2,TRUE
rs80350997,A,G,A,G,0.04282,0.0114,0.077804,0.0675944,FALSE,FALSE,FALSE,ebi-a-GCST002245,1,150992010,0.0293,54162,0.6981,Alzheimer's disease (late onset),TRUE,5.70427e-20,0.0046796,315153,150992010,1,ukb-d-30680_irnt,Calcium || id:ukb-d-30680_irnt,TRUE,reported,igd,2,TRUE
rs8208,A,G,A,G,-0.014664,0.0198,0.71355,0.705765,FALSE,FALSE,FALSE,ebi-a-GCST002245,15,40328665,0.0176,54162,0.2601,Alzheimer's disease (late onset),TRUE,8.9838e-08,0.0027427,315153,40328665,15,ukb-d-30680_irnt,Calcium || id:ukb-d-30680_irnt,TRUE,reported,igd,2,TRUE
rs838717,A,G,A,G,-0.045948,0.0142,0.56567,0.559642,FALSE,FALSE,FALSE,ebi-a-GCST002245,2,234296444,0.0156,54162,0.3632,Alzheimer's disease (late onset),TRUE,4.22085e-75,0.0025051,315153,234296444,2,ukb-d-30680_irnt,Calcium || id:ukb-d-30680_irnt,TRUE,reported,igd,2,TRUE
rs883951,G,A,G,A,0.023293,-0.0152,0.26083,0.289264,FALSE,FALSE,FALSE,ebi-a-GCST002245,9,71514547,0.018,54162,0.3993,Alzheimer's disease (late onset),TRUE,1.7334e-16,0.002827,315153,71514547,9,ukb-d-30680_irnt,Calcium || id:ukb-d-30680_irnt,TRUE,reported,igd,2,TRUE
rs926103,C,T,C,T,0.019627,-0.0205,0.65267,0.662028,FALSE,FALSE,FALSE,ebi-a-GCST002245,1,156784982,0.017,54162,0.2265,Alzheimer's disease (late onset),TRUE,6.94544e-14,0.0026207,315153,156784982,1,ukb-d-30680_irnt,Calcium || id:ukb-d-30680_irnt,TRUE,reported,igd,2,TRUE
rs9283070,A,G,A,G,-0.016169,0.026,0.78018,0.77336,FALSE,FALSE,FALSE,ebi-a-GCST002245,13,20490769,0.0211,54162,0.2179,Alzheimer's disease (late onset),TRUE,7.05797e-08,0.0029999,315153,20490769,13,ukb-d-30680_irnt,Calcium || id:ukb-d-30680_irnt,TRUE,reported,igd,2,TRUE
rs928760,T,C,T,C,-0.01835,-0.0201,0.30319,0.300199,FALSE,FALSE,FALSE,ebi-a-GCST002245,21,35890958,0.0168,54162,0.2338,Alzheimer's disease (late onset),TRUE,1.01181e-11,0.0026966,315153,35890958,21,ukb-d-30680_irnt,Calcium || id:ukb-d-30680_irnt,TRUE,reported,igd,2,TRUE
rs9388399,C,T,C,T,-0.024427,-0.002,0.31236,0.299205,FALSE,FALSE,FALSE,ebi-a-GCST002245,6,125333797,0.018,54162,0.9098,Alzheimer's disease (late onset),TRUE,7.99834e-20,0.0026802,315153,125333797,6,ukb-d-30680_irnt,Calcium || id:ukb-d-30680_irnt,TRUE,reported,igd,2,TRUE
rs9399697,T,C,T,C,0.014332,0.0075,0.46357,0.446322,FALSE,FALSE,FALSE,ebi-a-GCST002245,6,101322202,0.0157,54162,0.631,Alzheimer's disease (late onset),TRUE,8.46097e-09,0.0024885,315153,101322202,6,ukb-d-30680_irnt,Calcium || id:ukb-d-30680_irnt,TRUE,reported,igd,2,TRUE
rs9419741,G,A,G,A,0.015065,0.0187,0.47946,0.484095,FALSE,FALSE,FALSE,ebi-a-GCST002245,10,94430525,0.0162,54162,0.2476,Alzheimer's disease (late onset),TRUE,1.35641e-09,0.0024857,315153,94430525,10,ukb-d-30680_irnt,Calcium || id:ukb-d-30680_irnt,TRUE,reported,igd,2,TRUE
rs945890,T,A,T,A,-0.016905,5e-04,0.71365,0.723658,FALSE,TRUE,FALSE,ebi-a-GCST002245,6,130321899,0.0174,54162,0.9785,Alzheimer's disease (late onset),TRUE,8.21448e-10,0.0027528,315153,130321899,6,ukb-d-30680_irnt,Calcium || id:ukb-d-30680_irnt,TRUE,reported,igd,2,TRUE
rs949300,A,T,A,T,0.015257,0.0392,0.37994,0.398608,FALSE,TRUE,FALSE,ebi-a-GCST002245,11,122553139,0.0161,54162,0.01489,Alzheimer's disease (late onset),TRUE,2.60669e-09,0.0025621,315153,122553139,11,ukb-d-30680_irnt,Calcium || id:ukb-d-30680_irnt,TRUE,reported,igd,2,TRUE
rs9530,G,A,G,A,-0.030886,0.0131,0.54939,0.563618,FALSE,FALSE,FALSE,ebi-a-GCST002245,7,65425894,0.0154,54162,0.3932,Alzheimer's disease (late onset),TRUE,2.35885e-35,0.0024888,315153,65425894,7,ukb-d-30680_irnt,Calcium || id:ukb-d-30680_irnt,TRUE,reported,igd,2,TRUE
rs9532958,A,G,A,G,0.035482,-0.0021,0.85471,0.859841,FALSE,FALSE,FALSE,ebi-a-GCST002245,13,42535935,0.0226,54162,0.9258,Alzheimer's disease (late onset),TRUE,5.78362e-24,0.0035143,315153,42535935,13,ukb-d-30680_irnt,Calcium || id:ukb-d-30680_irnt,TRUE,reported,igd,2,TRUE
rs9611396,C,T,C,T,-0.014293,0.0033,0.65532,0.649105,FALSE,FALSE,FALSE,ebi-a-GCST002245,22,41102879,0.0162,54162,0.8387,Alzheimer's disease (late onset),TRUE,4.3396e-08,0.0026099,315153,41102879,22,ukb-d-30680_irnt,Calcium || id:ukb-d-30680_irnt,TRUE,reported,igd,2,TRUE
rs9895661,T,C,T,C,-0.027808,-0.0268,0.83087,0.814115,FALSE,FALSE,FALSE,ebi-a-GCST002245,17,59456589,0.022,54162,0.2229,Alzheimer's disease (late onset),TRUE,4.43711e-17,0.00331,315153,59456589,17,ukb-d-30680_irnt,Calcium || id:ukb-d-30680_irnt,TRUE,reported,igd,2,TRUE
