SNP,effect_allele.exposure,other_allele.exposure,effect_allele.outcome,other_allele.outcome,beta.exposure,beta.outcome,eaf.exposure,eaf.outcome,remove,palindromic,ambiguous,id.outcome,chr,pos,se.outcome,samplesize.outcome,pval.outcome,outcome,mr_keep.outcome,samplesize.exposure,pos.exposure,pval.exposure,se.exposure,chr.exposure,id.exposure,exposure,mr_keep.exposure,pval_origin.exposure,data_source.exposure,action,mr_keep
rs10102591,T,G,T,G,-0.00357869,0.0119,0.200269,0.248509,FALSE,FALSE,FALSE,ebi-a-GCST002245,8,81391683,0.0226,54162,0.6,Alzheimer's disease (late onset),TRUE,361194,81391683,4.08348e-10,0.000572501,8,ukb-d-C_OTHER_SKIN,Other malignant neoplasms of skin || id:ukb-d-C_OTHER_SKIN,TRUE,reported,igd,2,TRUE
rs10962474,T,C,T,C,-0.00732758,0.0346,0.0544746,0.0626243,FALSE,FALSE,FALSE,ebi-a-GCST002245,9,16529554,0.0349,54162,0.3216,Alzheimer's disease (late onset),TRUE,361194,16529554,5.31741e-13,0.00101529,9,ukb-d-C_OTHER_SKIN,Other malignant neoplasms of skin || id:ukb-d-C_OTHER_SKIN,TRUE,reported,igd,2,TRUE
rs10965219,G,A,G,A,-0.00442798,0.0288,0.477727,0.499006,FALSE,FALSE,FALSE,ebi-a-GCST002245,9,22053687,0.0164,54162,0.07954,Alzheimer's disease (late onset),TRUE,361194,22053687,3.87882e-22,0.000457678,9,ukb-d-C_OTHER_SKIN,Other malignant neoplasms of skin || id:ukb-d-C_OTHER_SKIN,TRUE,reported,igd,2,TRUE
rs1126809,A,G,A,G,0.00531733,-0.0027,0.306642,0.252485,FALSE,FALSE,FALSE,ebi-a-GCST002245,11,89017961,0.0175,54162,0.8782,Alzheimer's disease (late onset),TRUE,361194,89017961,9.69617e-27,0.000496698,11,ukb-d-C_OTHER_SKIN,Other malignant neoplasms of skin || id:ukb-d-C_OTHER_SKIN,TRUE,reported,igd,2,TRUE
rs11571297,C,T,C,T,0.00342798,-0.0081,0.489155,0.499006,FALSE,FALSE,FALSE,ebi-a-GCST002245,2,204745003,0.0155,54162,0.6018,Alzheimer's disease (late onset),TRUE,361194,204745003,9.39723e-14,0.000460168,2,ukb-d-C_OTHER_SKIN,Other malignant neoplasms of skin || id:ukb-d-C_OTHER_SKIN,TRUE,reported,igd,2,TRUE
rs11611584,A,C,A,C,0.00753164,-0.0643,0.0904973,0.0735586,FALSE,FALSE,FALSE,ebi-a-GCST002245,12,52906035,0.032,54162,0.04436,Alzheimer's disease (late onset),TRUE,361194,52906035,7.8361e-21,0.000804455,12,ukb-d-C_OTHER_SKIN,Other malignant neoplasms of skin || id:ukb-d-C_OTHER_SKIN,TRUE,reported,igd,2,TRUE
rs11707890,G,T,G,T,0.00450691,0.0075,0.434104,0.437376,FALSE,FALSE,FALSE,ebi-a-GCST002245,3,71503479,0.0156,54162,0.6296,Alzheimer's disease (late onset),TRUE,361194,71503479,2.22433e-22,0.00046312,3,ukb-d-C_OTHER_SKIN,Other malignant neoplasms of skin || id:ukb-d-C_OTHER_SKIN,TRUE,reported,igd,2,TRUE
rs117744081,G,A,G,A,-0.0085059,-0.0211,0.032315,0.0308151,FALSE,FALSE,FALSE,ebi-a-GCST002245,7,29132279,0.0682,54162,0.7567,Alzheimer's disease (late onset),TRUE,361194,29132279,4.77419e-11,0.00129308,7,ukb-d-C_OTHER_SKIN,Other malignant neoplasms of skin || id:ukb-d-C_OTHER_SKIN,TRUE,reported,igd,2,TRUE
rs12070203,T,C,T,C,0.0078565,0.0344,0.243666,0.272366,FALSE,FALSE,FALSE,ebi-a-GCST002245,1,228994388,0.0182,54162,0.05808,Alzheimer's disease (late onset),TRUE,361194,228994388,2.97509e-48,0.000538182,1,ukb-d-C_OTHER_SKIN,Other malignant neoplasms of skin || id:ukb-d-C_OTHER_SKIN,TRUE,reported,igd,2,TRUE
rs12174727,T,G,T,G,0.00312813,-0.0236,0.512581,0.493042,FALSE,FALSE,FALSE,ebi-a-GCST002245,6,498825,0.0194,54162,0.2225,Alzheimer's disease (late onset),TRUE,361194,498825,1.52651e-11,0.000463731,6,ukb-d-C_OTHER_SKIN,Other malignant neoplasms of skin || id:ukb-d-C_OTHER_SKIN,TRUE,reported,igd,2,TRUE
rs13043023,C,T,C,T,-0.00575203,0.0331,0.0995005,0.0964215,FALSE,FALSE,FALSE,ebi-a-GCST002245,20,2182626,0.0317,54162,0.2971,Alzheimer's disease (late onset),TRUE,361194,2182626,8.16394e-14,0.000770228,20,ukb-d-C_OTHER_SKIN,Other malignant neoplasms of skin || id:ukb-d-C_OTHER_SKIN,TRUE,reported,igd,2,TRUE
rs157935,G,T,G,T,-0.00430295,-0.0182,0.303236,0.332008,FALSE,FALSE,FALSE,ebi-a-GCST002245,7,130585553,0.0176,54162,0.3002,Alzheimer's disease (late onset),TRUE,361194,130585553,6.9024e-18,0.000499358,7,ukb-d-C_OTHER_SKIN,Other malignant neoplasms of skin || id:ukb-d-C_OTHER_SKIN,TRUE,reported,igd,2,TRUE
rs1800440,C,T,C,T,-0.00372723,-0.0018,0.186198,0.195825,FALSE,FALSE,FALSE,ebi-a-GCST002245,2,38298139,0.0203,54162,0.9288,Alzheimer's disease (late onset),TRUE,361194,38298139,2.2586e-10,0.000587629,2,ukb-d-C_OTHER_SKIN,Other malignant neoplasms of skin || id:ukb-d-C_OTHER_SKIN,TRUE,reported,igd,2,TRUE
rs1805007,T,C,T,C,0.0120763,0.0543,0.104538,0.0715706,FALSE,FALSE,FALSE,ebi-a-GCST002245,16,89986117,0.0385,54162,0.1584,Alzheimer's disease (late onset),TRUE,361194,89986117,3.87882e-59,0.000744572,16,ukb-d-C_OTHER_SKIN,Other malignant neoplasms of skin || id:ukb-d-C_OTHER_SKIN,TRUE,reported,igd,2,TRUE
rs1805008,T,C,T,C,0.00640416,-0.0522,0.0889273,0.0616302,FALSE,FALSE,FALSE,ebi-a-GCST002245,16,89986144,0.0531,54162,0.3256,Alzheimer's disease (late onset),TRUE,361194,89986144,1.52335e-15,0.000802989,16,ukb-d-C_OTHER_SKIN,Other malignant neoplasms of skin || id:ukb-d-C_OTHER_SKIN,TRUE,reported,igd,2,TRUE
rs214803,A,C,A,C,-0.00779691,0.0062,0.82057,0.837972,FALSE,FALSE,FALSE,ebi-a-GCST002245,20,2290333,0.0202,54162,0.7589,Alzheimer's disease (late onset),TRUE,361194,2290333,3.08177e-39,0.000594885,20,ukb-d-C_OTHER_SKIN,Other malignant neoplasms of skin || id:ukb-d-C_OTHER_SKIN,TRUE,reported,igd,2,TRUE
rs2153271,T,C,T,C,0.00345344,-0.0223,0.614605,0.580517,FALSE,FALSE,FALSE,ebi-a-GCST002245,9,16864521,0.0161,54162,0.1649,Alzheimer's disease (late onset),TRUE,361194,16864521,1.8906e-13,0.000469434,9,ukb-d-C_OTHER_SKIN,Other malignant neoplasms of skin || id:ukb-d-C_OTHER_SKIN,TRUE,reported,igd,2,TRUE
rs2476601,G,A,G,A,0.00449456,-0.0278,0.897583,0.9055666,FALSE,FALSE,FALSE,ebi-a-GCST002245,1,114377568,0.0277,54162,0.3152,Alzheimer's disease (late onset),TRUE,361194,114377568,2.36554e-09,0.000752778,1,ukb-d-C_OTHER_SKIN,Other malignant neoplasms of skin || id:ukb-d-C_OTHER_SKIN,TRUE,reported,igd,2,TRUE
rs2849699,G,C,G,C,-0.00407147,0.0014,0.319367,0.326044,FALSE,TRUE,FALSE,ebi-a-GCST002245,21,43089086,0.0176,54162,0.9377,Alzheimer's disease (late onset),TRUE,361194,43089086,1.27174e-16,0.000491927,21,ukb-d-C_OTHER_SKIN,Other malignant neoplasms of skin || id:ukb-d-C_OTHER_SKIN,TRUE,reported,igd,2,TRUE
rs28884287,T,C,T,C,-0.0060504,0.006,0.154178,0.161034,FALSE,FALSE,FALSE,ebi-a-GCST002245,8,101047448,0.0215,54162,0.7811,Alzheimer's disease (late onset),TRUE,361194,101047448,1.29509e-21,0.0006335,8,ukb-d-C_OTHER_SKIN,Other malignant neoplasms of skin || id:ukb-d-C_OTHER_SKIN,TRUE,reported,igd,2,TRUE
rs340797,T,G,T,G,-0.00638972,0.0067,0.104346,0.125249,FALSE,FALSE,FALSE,ebi-a-GCST002245,2,16490831,0.0249,54162,0.7873,Alzheimer's disease (late onset),TRUE,361194,16490831,1.36333e-17,0.00074833,2,ukb-d-C_OTHER_SKIN,Other malignant neoplasms of skin || id:ukb-d-C_OTHER_SKIN,TRUE,reported,igd,2,TRUE
rs35251485,A,G,A,G,-0.00978499,0.0421,0.0629767,0.0646123,FALSE,FALSE,FALSE,ebi-a-GCST002245,8,77483430,0.0336,54162,0.211,Alzheimer's disease (late onset),TRUE,361194,77483430,7.70726e-25,0.000950724,8,ukb-d-C_OTHER_SKIN,Other malignant neoplasms of skin || id:ukb-d-C_OTHER_SKIN,TRUE,reported,igd,2,TRUE
rs3769818,G,A,G,A,-0.00614813,-0.0054,0.732605,0.7167,FALSE,FALSE,FALSE,ebi-a-GCST002245,2,202151163,0.0173,54162,0.7567,Alzheimer's disease (late onset),TRUE,361194,202151163,1.62855e-32,0.000517759,2,ukb-d-C_OTHER_SKIN,Other malignant neoplasms of skin || id:ukb-d-C_OTHER_SKIN,TRUE,reported,igd,2,TRUE
rs421629,A,G,A,G,-0.00507235,0.0343,0.436555,0.437376,FALSE,FALSE,FALSE,ebi-a-GCST002245,5,1320136,0.0157,54162,0.0285,Alzheimer's disease (late onset),TRUE,361194,1320136,3.62911e-28,0.000460888,5,ukb-d-C_OTHER_SKIN,Other malignant neoplasms of skin || id:ukb-d-C_OTHER_SKIN,TRUE,reported,igd,2,TRUE
rs479777,C,T,C,T,0.00293622,0.0158,0.342511,0.33996,FALSE,FALSE,FALSE,ebi-a-GCST002245,11,64107477,0.0174,54162,0.3641,Alzheimer's disease (late onset),TRUE,361194,64107477,1.19525e-09,0.000482848,11,ukb-d-C_OTHER_SKIN,Other malignant neoplasms of skin || id:ukb-d-C_OTHER_SKIN,TRUE,reported,igd,2,TRUE
rs55775505,T,C,T,C,0.0031182,-0.0084,0.313729,0.298211,FALSE,FALSE,FALSE,ebi-a-GCST002245,6,22057566,0.0171,54162,0.6245,Alzheimer's disease (late onset),TRUE,361194,22057566,2.627e-10,0.000493425,6,ukb-d-C_OTHER_SKIN,Other malignant neoplasms of skin || id:ukb-d-C_OTHER_SKIN,TRUE,reported,igd,2,TRUE
rs6059655,G,A,G,A,-0.00991083,0.0355,0.894181,0.9582505,FALSE,FALSE,FALSE,ebi-a-GCST002245,20,32665748,0.0297,54162,0.2305,Alzheimer's disease (late onset),TRUE,361194,32665748,5.90337e-39,0.000759033,20,ukb-d-C_OTHER_SKIN,Other malignant neoplasms of skin || id:ukb-d-C_OTHER_SKIN,TRUE,reported,igd,2,TRUE
rs62054657,A,G,A,G,-0.00632005,0.0646,0.0628705,0.05666,FALSE,FALSE,FALSE,ebi-a-GCST002245,16,90140324,0.0415,54162,0.1193,Alzheimer's disease (late onset),TRUE,361194,90140324,2.4649e-11,0.000946731,16,ukb-d-C_OTHER_SKIN,Other malignant neoplasms of skin || id:ukb-d-C_OTHER_SKIN,TRUE,reported,igd,2,TRUE
rs62202837,T,C,T,C,-0.00443457,-0.0146,0.241469,0.225646,FALSE,FALSE,FALSE,ebi-a-GCST002245,20,49399007,0.0196,54162,0.4568,Alzheimer's disease (late onset),TRUE,361194,49399007,1.48354e-16,0.000536988,20,ukb-d-C_OTHER_SKIN,Other malignant neoplasms of skin || id:ukb-d-C_OTHER_SKIN,TRUE,reported,igd,2,TRUE
rs6707137,A,G,A,G,-0.00739584,0.0293,0.0635871,0.0407555,FALSE,FALSE,FALSE,ebi-a-GCST002245,2,88554351,0.0344,54162,0.3943,Alzheimer's disease (late onset),TRUE,361194,88554351,3.83531e-15,0.000940883,2,ukb-d-C_OTHER_SKIN,Other malignant neoplasms of skin || id:ukb-d-C_OTHER_SKIN,TRUE,reported,igd,2,TRUE
rs72844283,T,G,T,G,0.00578773,0.1094,0.119995,0.135189,FALSE,FALSE,FALSE,ebi-a-GCST002245,6,32565189,0.0321,54162,0.0006495,Alzheimer's disease (late onset),TRUE,361194,32565189,1.7382e-16,0.000702456,6,ukb-d-C_OTHER_SKIN,Other malignant neoplasms of skin || id:ukb-d-C_OTHER_SKIN,TRUE,reported,igd,2,TRUE
rs72928038,A,G,A,G,-0.00458019,0.0103,0.18042,0.17992,FALSE,FALSE,FALSE,ebi-a-GCST002245,6,90976768,0.0228,54162,0.6513,Alzheimer's disease (late onset),TRUE,361194,90976768,1.29181e-14,0.000594293,6,ukb-d-C_OTHER_SKIN,Other malignant neoplasms of skin || id:ukb-d-C_OTHER_SKIN,TRUE,reported,igd,2,TRUE
rs73183650,T,A,T,A,-0.00422222,0.0398,0.250245,0.223658,FALSE,TRUE,FALSE,ebi-a-GCST002245,7,101421000,0.0186,54162,0.03256,Alzheimer's disease (late onset),TRUE,361194,101421000,1.44544e-15,0.000528976,7,ukb-d-C_OTHER_SKIN,Other malignant neoplasms of skin || id:ukb-d-C_OTHER_SKIN,TRUE,reported,igd,2,TRUE
rs7528427,T,C,T,C,0.00643185,0.0239,0.364167,0.352883,FALSE,FALSE,FALSE,ebi-a-GCST002245,1,17746273,0.0164,54162,0.1457,Alzheimer's disease (late onset),TRUE,361194,17746273,1.04809e-41,0.000475335,1,ukb-d-C_OTHER_SKIN,Other malignant neoplasms of skin || id:ukb-d-C_OTHER_SKIN,TRUE,reported,igd,2,TRUE
rs79134926,T,G,T,G,-0.00787306,-0.0255,0.117129,0.116302,FALSE,FALSE,FALSE,ebi-a-GCST002245,10,8964984,0.0248,54162,0.3029,Alzheimer's disease (late onset),TRUE,361194,8964984,1.53003e-28,0.000710361,10,ukb-d-C_OTHER_SKIN,Other malignant neoplasms of skin || id:ukb-d-C_OTHER_SKIN,TRUE,reported,igd,2,TRUE
rs8178977,C,G,C,G,0.00301425,8e-04,0.231173,0.220676,FALSE,TRUE,FALSE,ebi-a-GCST002245,19,1106477,0.0199,54162,0.968,Alzheimer's disease (late onset),TRUE,361194,1106477,2.89381e-08,0.000543317,19,ukb-d-C_OTHER_SKIN,Other malignant neoplasms of skin || id:ukb-d-C_OTHER_SKIN,TRUE,reported,igd,2,TRUE
